Name,patient_id,y_true,y_pred_ep3,y_pred_ep5
pat_17_image_1.jpg,17,1,0.5506074,0.54502326
pat_17_image_2.jpg,17,1,0.33516735,0.31324422
pat_17_image_3.jpg,17,1,0.4341268,0.4049004
pat_17_image_4.jpg,17,1,0.32597405,0.27886546
pat_17_image_5.jpg,17,1,0.7425923,0.66033137
pat_17_image_6.jpg,17,1,0.42299172,0.4058462
pat_17_image_7.jpg,17,1,0.24900353,0.22492088
pat_17_image_8.jpg,17,1,0.37797815,0.34785593
pat_17_image_9.jpg,17,1,0.84301597,0.85228384
pat_17_image_10.jpg,17,1,0.76349854,0.74530506
pat_17_image_11.jpg,17,1,0.6852772,0.6543964
pat_17_image_12.jpg,17,1,0.5034997,0.45553023
pat_17_image_13.jpg,17,1,0.9120266,0.90576077
pat_17_image_14.jpg,17,1,0.5234755,0.45988402
pat_17_image_15.jpg,17,1,0.24274817,0.23984599
pat_17_image_16.jpg,17,1,0.62592614,0.6169429
pat_17_image_17.jpg,17,1,0.73118705,0.7068482
pat_17_image_18.jpg,17,1,0.5391234,0.52770656
pat_17_image_19.jpg,17,1,0.41928282,0.39573905
pat_17_image_20.jpg,17,1,0.34608206,0.29899886
pat_17_image_21.jpg,17,1,0.87066567,0.85824466
pat_17_image_22.jpg,17,1,0.9479595,0.9442583
pat_17_image_23.jpg,17,1,0.55912775,0.53741235
pat_17_image_24.jpg,17,1,0.79351467,0.74891067
pat_17_image_25.jpg,17,1,0.5081067,0.49435312
pat_17_image_26.jpg,17,1,0.78173405,0.7452503
pat_17_image_27.jpg,17,1,0.87928885,0.88709867
pat_17_image_28.jpg,17,1,0.9533563,0.95666206
pat_17_image_29.jpg,17,1,0.98528904,0.98317623
pat_17_image_30.jpg,17,1,0.7578289,0.71948034
pat_17_image_31.jpg,17,1,0.808349,0.8177889
pat_17_image_32.jpg,17,1,0.83364004,0.83285755
pat_17_image_33.jpg,17,1,0.698827,0.72428346
pat_17_image_34.jpg,17,1,0.84749115,0.8435222
pat_17_image_35.jpg,17,1,0.6750899,0.651468
pat_17_image_36.jpg,17,1,0.80249715,0.8169383
pat_17_image_37.jpg,17,1,0.6312688,0.6631625
pat_17_image_38.jpg,17,1,0.9266741,0.9311297
pat_17_image_39.jpg,17,1,0.43198738,0.3609827
pat_17_image_40.jpg,17,1,0.60364544,0.6143907
pat_17_image_41.jpg,17,1,0.86092687,0.83832765
pat_17_image_42.jpg,17,1,0.41716284,0.44694477
pat_17_image_43.jpg,17,1,0.5086347,0.5054765
pat_17_image_44.jpg,17,1,0.6734681,0.6534915
pat_17_image_45.jpg,17,1,0.61097664,0.58163375
pat_17_image_46.jpg,17,1,0.8838764,0.8623979
pat_17_image_47.jpg,17,1,0.66995925,0.6150134
pat_17_image_48.jpg,17,1,0.804637,0.77840006
pat_17_image_49.jpg,17,1,0.720044,0.680221
pat_17_image_50.jpg,17,1,0.75236124,0.74004745
pat_17_image_51.jpg,17,1,0.7014551,0.679629
pat_17_image_52.jpg,17,1,0.34927645,0.28951517
pat_17_image_53.jpg,17,1,0.6243331,0.5143633
pat_17_image_54.jpg,17,1,0.9263176,0.9126377
pat_17_image_55.jpg,17,1,0.4810288,0.4338308
pat_17_image_56.jpg,17,1,0.9211659,0.92592865
pat_17_image_57.jpg,17,1,0.8916289,0.86928445
pat_17_image_58.jpg,17,1,0.85318005,0.8439714
pat_17_image_59.jpg,17,1,0.48930022,0.43065575
pat_17_image_60.jpg,17,1,0.9152884,0.9104969
pat_17_image_61.jpg,17,1,0.81366223,0.8117306
pat_17_image_62.jpg,17,1,0.8637944,0.81977856
pat_17_image_63.jpg,17,1,0.9389072,0.93494135
pat_17_image_64.jpg,17,1,0.94746983,0.94781893
pat_17_image_65.jpg,17,1,0.8915134,0.8903567
pat_17_image_66.jpg,17,1,0.9066924,0.9122938
pat_17_image_67.jpg,17,1,0.9131595,0.9145538
pat_17_image_68.jpg,17,1,0.9627144,0.962356
pat_17_image_69.jpg,17,1,0.76866573,0.7873126
pat_17_image_70.jpg,17,1,0.9119221,0.9103338
pat_17_image_71.jpg,17,1,0.626641,0.5989988
pat_17_image_72.jpg,17,1,0.38486177,0.3594666
pat_17_image_73.jpg,17,1,0.6898036,0.63296914
pat_17_image_74.jpg,17,1,0.96216327,0.9603911
pat_17_image_75.jpg,17,1,0.5162834,0.45892116
pat_17_image_76.jpg,17,1,0.96242094,0.9578497
pat_17_image_77.jpg,17,1,0.34007603,0.28457737
pat_17_image_78.jpg,17,1,0.87232167,0.8279901
pat_17_image_79.jpg,17,1,0.87941724,0.8674558
pat_17_image_80.jpg,17,1,0.8037142,0.7592781
pat_17_image_81.jpg,17,1,0.834899,0.83641744
pat_17_image_82.jpg,17,1,0.537205,0.4748821
pat_17_image_83.jpg,17,1,0.8870264,0.8851517
pat_17_image_84.jpg,17,1,0.9154629,0.89247376
pat_17_image_85.jpg,17,1,0.9526266,0.94809425
pat_17_image_86.jpg,17,1,0.9652546,0.9617734
pat_17_image_87.jpg,17,1,0.44665068,0.39429095
pat_17_image_88.jpg,17,1,0.3472466,0.39280093
pat_17_image_89.jpg,17,1,0.7102918,0.6842295
pat_17_image_90.jpg,17,1,0.30962613,0.2672082
pat_17_image_91.jpg,17,1,0.74356717,0.7362676
pat_17_image_92.jpg,17,1,0.4299967,0.4293139
pat_17_image_93.jpg,17,1,0.5347553,0.48523837
pat_17_image_94.jpg,17,1,0.9224321,0.900727
pat_17_image_95.jpg,17,1,0.6806168,0.71688235
pat_17_image_96.jpg,17,1,0.6319204,0.618973
pat_17_image_97.jpg,17,1,0.8341398,0.8035331
pat_17_image_98.jpg,17,1,0.613352,0.5925232
pat_17_image_99.jpg,17,1,0.89546835,0.91625875
pat_17_image_100.jpg,17,1,0.5254066,0.5297988
pat_17_image_101.jpg,17,1,0.87137645,0.8672542
pat_17_image_102.jpg,17,1,0.6403715,0.57697177
pat_17_image_103.jpg,17,1,0.54973793,0.55655366
pat_17_image_104.jpg,17,1,0.58480346,0.5839913
pat_17_image_105.jpg,17,1,0.43342826,0.4440436
pat_17_image_106.jpg,17,1,0.3777035,0.39791143
pat_17_image_107.jpg,17,1,0.8452147,0.8339906
pat_17_image_108.jpg,17,1,0.5848931,0.5815719
pat_17_image_109.jpg,17,1,0.6849791,0.7066339
pat_17_image_110.jpg,17,1,0.5899766,0.58194196
pat_17_image_111.jpg,17,1,0.7419558,0.7475611
pat_17_image_112.jpg,17,1,0.61359733,0.59433675
pat_17_image_113.jpg,17,1,0.56980914,0.59686685
pat_17_image_114.jpg,17,1,0.29014274,0.26826775
pat_17_image_115.jpg,17,1,0.3180176,0.28540614
pat_17_image_116.jpg,17,1,0.6642351,0.6206738
pat_17_image_117.jpg,17,1,0.3992487,0.33304587
pat_17_image_118.jpg,17,1,0.59562224,0.6016809
pat_17_image_119.jpg,17,1,0.38504285,0.33854473
pat_17_image_120.jpg,17,1,0.7134746,0.7108273
pat_17_image_121.jpg,17,1,0.73279864,0.73555356
pat_17_image_122.jpg,17,1,0.36933088,0.32909992
pat_17_image_123.jpg,17,1,0.9297956,0.93890107
pat_17_image_124.jpg,17,1,0.56358886,0.49404556
pat_17_image_125.jpg,17,1,0.8017213,0.78916866
pat_17_image_126.jpg,17,1,0.63444924,0.6543566
pat_17_image_127.jpg,17,1,0.6770734,0.6951836
pat_17_image_128.jpg,17,1,0.95159936,0.95236367
pat_17_image_129.jpg,17,1,0.8680813,0.86971533
pat_17_image_130.jpg,17,1,0.85357314,0.8380031
pat_17_image_131.jpg,17,1,0.5193331,0.48525932
pat_17_image_132.jpg,17,1,0.9113564,0.915572
pat_17_image_133.jpg,17,1,0.7687375,0.7527166
pat_17_image_134.jpg,17,1,0.88810486,0.87782353
pat_17_image_135.jpg,17,1,0.8350606,0.83524674
pat_17_image_136.jpg,17,1,0.8338661,0.8106778
pat_17_image_137.jpg,17,1,0.70487344,0.6898841
pat_17_image_138.jpg,17,1,0.2878261,0.24984923
pat_17_image_139.jpg,17,1,0.96326935,0.9651392
pat_17_image_140.jpg,17,1,0.92240995,0.91491586
pat_17_image_141.jpg,17,1,0.84510237,0.84609586
pat_17_image_142.jpg,17,1,0.34764358,0.32846743
pat_17_image_143.jpg,17,1,0.743938,0.74576515
pat_17_image_144.jpg,17,1,0.57064193,0.5711312
pat_17_image_145.jpg,17,1,0.8995531,0.89155036
pat_17_image_146.jpg,17,1,0.8671631,0.8796291
pat_17_image_147.jpg,17,1,0.42306975,0.33400178
pat_17_image_148.jpg,17,1,0.81133497,0.7498194
pat_17_image_149.jpg,17,1,0.8427448,0.84615993
pat_17_image_150.jpg,17,1,0.8247083,0.84186894
pat_17_image_151.jpg,17,1,0.4398586,0.3927879
pat_17_image_152.jpg,17,1,0.7624703,0.72722775
pat_17_image_153.jpg,17,1,0.7862776,0.787861
pat_17_image_154.jpg,17,1,0.8747765,0.8467223
pat_17_image_155.jpg,17,1,0.62485206,0.60737044
pat_17_image_156.jpg,17,1,0.95313925,0.94100165
pat_17_image_157.jpg,17,1,0.6586582,0.6861595
pat_17_image_158.jpg,17,1,0.55553,0.5615398
pat_17_image_159.jpg,17,1,0.68028176,0.62793225
pat_17_image_160.jpg,17,1,0.93961865,0.936299
pat_17_image_161.jpg,17,1,0.797048,0.7780429
pat_17_image_162.jpg,17,1,0.31664753,0.31077337
pat_17_image_163.jpg,17,1,0.55202657,0.5177656
pat_17_image_164.jpg,17,1,0.69681156,0.6756231
pat_17_image_165.jpg,17,1,0.78925484,0.79689974
pat_17_image_166.jpg,17,1,0.87737465,0.8907749
pat_17_image_167.jpg,17,1,0.33375853,0.30579728
pat_17_image_168.jpg,17,1,0.8164839,0.83370733
pat_17_image_169.jpg,17,1,0.26261148,0.26455572
pat_17_image_170.jpg,17,1,0.7564981,0.77749914
pat_17_image_171.jpg,17,1,0.71117246,0.6681548
pat_17_image_172.jpg,17,1,0.31773335,0.28442797
pat_17_image_173.jpg,17,1,0.7297129,0.7469977
pat_17_image_174.jpg,17,1,0.76760113,0.73107177
pat_17_image_175.jpg,17,1,0.7905734,0.76810944
pat_17_image_176.jpg,17,1,0.37814093,0.30941448
pat_17_image_177.jpg,17,1,0.9012514,0.8753638
pat_17_image_178.jpg,17,1,0.60409635,0.56115556
pat_17_image_179.jpg,17,1,0.76229465,0.6952603
pat_17_image_180.jpg,17,1,0.8940595,0.89236116
pat_17_image_181.jpg,17,1,0.90351087,0.89760417
pat_17_image_182.jpg,17,1,0.6411698,0.60306233
pat_17_image_183.jpg,17,1,0.8758469,0.89203167
pat_17_image_184.jpg,17,1,0.986955,0.98720634
pat_17_image_185.jpg,17,1,0.78883934,0.80515146
pat_17_image_186.jpg,17,1,0.7733659,0.7939002
pat_17_image_187.jpg,17,1,0.5418734,0.58950907
pat_17_image_188.jpg,17,1,0.6051338,0.65509087
pat_17_image_189.jpg,17,1,0.45590022,0.40393004
pat_17_image_190.jpg,17,1,0.7483366,0.7204873
pat_17_image_191.jpg,17,1,0.8448674,0.8483805
pat_17_image_192.jpg,17,1,0.71596915,0.67858475
pat_17_image_193.jpg,17,1,0.94052446,0.9303076
pat_17_image_194.jpg,17,1,0.47669056,0.47994307
pat_17_image_195.jpg,17,1,0.771506,0.7497296
pat_17_image_196.jpg,17,1,0.62110513,0.61473763
pat_17_image_197.jpg,17,1,0.29050338,0.24700047
pat_17_image_198.jpg,17,1,0.8970828,0.8800423
pat_17_image_199.jpg,17,1,0.42649442,0.37779245
pat_17_image_200.jpg,17,1,0.5674973,0.5601598
pat_17_image_201.jpg,17,1,0.8904638,0.8666619
pat_17_image_202.jpg,17,1,0.6953693,0.6516066
pat_17_image_203.jpg,17,1,0.6473983,0.60380095
pat_17_image_204.jpg,17,1,0.84191924,0.83910817
pat_17_image_205.jpg,17,1,0.8819791,0.88201666
pat_17_image_206.jpg,17,1,0.7591939,0.72037494
pat_17_image_207.jpg,17,1,0.71354175,0.65656173
pat_17_image_208.jpg,17,1,0.5588585,0.5054836
pat_17_image_209.jpg,17,1,0.89072657,0.87698674
pat_17_image_210.jpg,17,1,0.32964697,0.3171052
pat_17_image_211.jpg,17,1,0.82009804,0.7853397
pat_17_image_212.jpg,17,1,0.8129807,0.7994122
pat_17_image_213.jpg,17,1,0.7993838,0.76423335
pat_17_image_214.jpg,17,1,0.4535162,0.41932368
pat_17_image_215.jpg,17,1,0.41014293,0.39023048
pat_17_image_216.jpg,17,1,0.8797388,0.8740546
pat_17_image_217.jpg,17,1,0.6894449,0.70634985
pat_17_image_218.jpg,17,1,0.7615579,0.80990106
pat_17_image_219.jpg,17,1,0.43280765,0.3385261
pat_17_image_220.jpg,17,1,0.37908235,0.3719035
pat_17_image_221.jpg,17,1,0.6189885,0.61801326
pat_17_image_222.jpg,17,1,0.5243018,0.46699148
pat_17_image_223.jpg,17,1,0.67995095,0.6916908
pat_17_image_224.jpg,17,1,0.82833606,0.82635945
pat_17_image_225.jpg,17,1,0.87452286,0.85370266
pat_17_image_226.jpg,17,1,0.5344553,0.49386087
pat_17_image_227.jpg,17,1,0.8360128,0.8240379
pat_17_image_228.jpg,17,1,0.5801367,0.64551616
pat_17_image_229.jpg,17,1,0.42830378,0.42079368
pat_17_image_230.jpg,17,1,0.8924039,0.8924257
pat_17_image_231.jpg,17,1,0.8960336,0.8986466
pat_17_image_232.jpg,17,1,0.25827622,0.23560646
pat_17_image_233.jpg,17,1,0.68321586,0.6684914
pat_17_image_234.jpg,17,1,0.7091774,0.67586815
pat_17_image_235.jpg,17,1,0.6372983,0.5873691
pat_17_image_236.jpg,17,1,0.52437824,0.512032
pat_17_image_237.jpg,17,1,0.2939633,0.27471304
pat_17_image_238.jpg,17,1,0.35056505,0.307037
pat_17_image_239.jpg,17,1,0.89873177,0.8905396
pat_17_image_240.jpg,17,1,0.6188128,0.541221
pat_17_image_241.jpg,17,1,0.5805971,0.5478007
pat_17_image_242.jpg,17,1,0.74840075,0.673765
pat_17_image_243.jpg,17,1,0.118196316,0.09920466
pat_17_image_244.jpg,17,1,0.42841846,0.38945597
pat_17_image_245.jpg,17,1,0.34302515,0.30481496
pat_17_image_246.jpg,17,1,0.39323506,0.33692658
pat_17_image_247.jpg,17,1,0.7129284,0.6943609
pat_17_image_248.jpg,17,1,0.44896984,0.43139142
pat_17_image_249.jpg,17,1,0.7624584,0.72064805
pat_17_image_250.jpg,17,1,0.3525285,0.32040092
pat_17_image_251.jpg,17,1,0.8304801,0.7866643
pat_17_image_252.jpg,17,1,0.93761176,0.934047
pat_17_image_253.jpg,17,1,0.59944826,0.60051423
pat_17_image_254.jpg,17,1,0.72996414,0.6522965
pat_17_image_255.jpg,17,1,0.9622062,0.9624501
pat_17_image_256.jpg,17,1,0.8989643,0.89677477
pat_17_image_257.jpg,17,1,0.6157401,0.5969898
pat_17_image_258.jpg,17,1,0.38280642,0.33579835
pat_17_image_259.jpg,17,1,0.5877904,0.5369122
pat_17_image_260.jpg,17,1,0.7562973,0.7257652
pat_17_image_261.jpg,17,1,0.22593756,0.2120008
pat_17_image_262.jpg,17,1,0.761975,0.6952347
pat_17_image_263.jpg,17,1,0.8189874,0.81168336
pat_17_image_264.jpg,17,1,0.96593326,0.96787214
pat_17_image_265.jpg,17,1,0.8961082,0.9054247
pat_17_image_266.jpg,17,1,0.4002066,0.418962
pat_17_image_267.jpg,17,1,0.8901066,0.88195944
pat_17_image_268.jpg,17,1,0.5880176,0.492316
pat_17_image_269.jpg,17,1,0.45106018,0.4418357
pat_17_image_270.jpg,17,1,0.8706833,0.86723554
pat_17_image_271.jpg,17,1,0.6548913,0.65250754
pat_17_image_272.jpg,17,1,0.5110112,0.5033597
pat_17_image_273.jpg,17,1,0.44413117,0.3919655
pat_17_image_274.jpg,17,1,0.65030724,0.69315314
pat_17_image_275.jpg,17,1,0.9356749,0.92413276
pat_17_image_276.jpg,17,1,0.65812093,0.64802265
pat_17_image_277.jpg,17,1,0.51737326,0.46523532
pat_17_image_278.jpg,17,1,0.900907,0.90213466
pat_17_image_279.jpg,17,1,0.66888857,0.68192804
pat_17_image_280.jpg,17,1,0.4942015,0.48973018
pat_17_image_281.jpg,17,1,0.63305235,0.66178393
pat_17_image_282.jpg,17,1,0.86551887,0.8753681
pat_17_image_283.jpg,17,1,0.8160608,0.80434656
pat_17_image_284.jpg,17,1,0.40002212,0.40615812
pat_17_image_285.jpg,17,1,0.7060764,0.7378855
pat_17_image_286.jpg,17,1,0.5008248,0.4664147
pat_17_image_287.jpg,17,1,0.54633003,0.51409054
pat_17_image_288.jpg,17,1,0.4357771,0.43414122
pat_17_image_289.jpg,17,1,0.30877843,0.2530992
pat_17_image_290.jpg,17,1,0.92177016,0.904422
pat_17_image_291.jpg,17,1,0.79671663,0.7834019
pat_17_image_292.jpg,17,1,0.64394426,0.5898768
pat_17_image_293.jpg,17,1,0.767144,0.79061466
pat_17_image_294.jpg,17,1,0.828238,0.8313746
pat_17_image_295.jpg,17,1,0.8092111,0.81821704
pat_17_image_296.jpg,17,1,0.47174504,0.4882905
pat_17_image_297.jpg,17,1,0.37132615,0.4103945
pat_17_image_298.jpg,17,1,0.57946974,0.5442986
pat_17_image_299.jpg,17,1,0.50754887,0.5158074
pat_17_image_300.jpg,17,1,0.5262857,0.4839443
pat_17_image_301.jpg,17,1,0.8692822,0.85509497
pat_17_image_302.jpg,17,1,0.6545553,0.6242885
pat_17_image_303.jpg,17,1,0.6979724,0.6107856
pat_17_image_304.jpg,17,1,0.5566607,0.50047576
pat_17_image_305.jpg,17,1,0.5558173,0.52327657
pat_17_image_306.jpg,17,1,0.83154553,0.8121837
pat_17_image_307.jpg,17,1,0.4464496,0.42163682
pat_17_image_308.jpg,17,1,0.5966047,0.5444327
pat_17_image_309.jpg,17,1,0.7685828,0.7392957
pat_17_image_310.jpg,17,1,0.8323997,0.83167124
pat_17_image_311.jpg,17,1,0.976999,0.97480553
pat_17_image_312.jpg,17,1,0.84933746,0.8172829
pat_17_image_313.jpg,17,1,0.53467155,0.5292966
pat_17_image_314.jpg,17,1,0.8265283,0.8086305
pat_17_image_315.jpg,17,1,0.97337204,0.9717007
pat_17_image_316.jpg,17,1,0.48467207,0.44646844
pat_17_image_317.jpg,17,1,0.7526542,0.754275
pat_17_image_318.jpg,17,1,0.60862124,0.6023141
pat_17_image_319.jpg,17,1,0.56403613,0.553105
pat_17_image_320.jpg,17,1,0.23482499,0.23728748
pat_17_image_321.jpg,17,1,0.62054086,0.6108117
pat_17_image_322.jpg,17,1,0.36164188,0.3142428
pat_17_image_323.jpg,17,1,0.96224934,0.9558699
pat_17_image_324.jpg,17,1,0.54031,0.44630644
pat_17_image_325.jpg,17,1,0.410903,0.43801156
pat_17_image_326.jpg,17,1,0.54407144,0.4981858
pat_17_image_327.jpg,17,1,0.6837758,0.6655403
pat_17_image_328.jpg,17,1,0.83744186,0.8263863
pat_17_image_329.jpg,17,1,0.5262808,0.49697605
pat_17_image_330.jpg,17,1,0.37419993,0.30727857
pat_17_image_331.jpg,17,1,0.319393,0.3094987
pat_17_image_332.jpg,17,1,0.74611247,0.7498272
pat_17_image_333.jpg,17,1,0.45582026,0.4557069
pat_17_image_334.jpg,17,1,0.7722471,0.7401173
pat_17_image_335.jpg,17,1,0.7475177,0.68985283
pat_17_image_336.jpg,17,1,0.72555953,0.710023
pat_17_image_337.jpg,17,1,0.6414031,0.58874255
pat_17_image_338.jpg,17,1,0.49467525,0.47630975
pat_17_image_339.jpg,17,1,0.442182,0.38807645
pat_17_image_340.jpg,17,1,0.26591223,0.27267027
pat_17_image_341.jpg,17,1,0.8711657,0.85267496
pat_17_image_342.jpg,17,1,0.6027935,0.55429
pat_17_image_343.jpg,17,1,0.8435367,0.83687705
pat_17_image_344.jpg,17,1,0.53764063,0.51299155
pat_17_image_345.jpg,17,1,0.8205605,0.7896766
pat_17_image_346.jpg,17,1,0.40747645,0.35700384
pat_17_image_347.jpg,17,1,0.83403236,0.85104305
pat_17_image_348.jpg,17,1,0.6613847,0.59625334
pat_17_image_349.jpg,17,1,0.37035123,0.34369412
pat_17_image_350.jpg,17,1,0.7147127,0.67544496
pat_17_image_351.jpg,17,1,0.685521,0.61946905
pat_17_image_352.jpg,17,1,0.6167575,0.61890167
pat_17_image_353.jpg,17,1,0.54971373,0.49438325
pat_17_image_354.jpg,17,1,0.77577436,0.73671913
pat_17_image_355.jpg,17,1,0.66061205,0.6603161
pat_17_image_356.jpg,17,1,0.6714506,0.6137041
pat_17_image_357.jpg,17,1,0.4975471,0.45453465
pat_17_image_358.jpg,17,1,0.67874366,0.6480513
pat_17_image_359.jpg,17,1,0.6663337,0.7455411
pat_17_image_360.jpg,17,1,0.93215156,0.9229418
pat_17_image_361.jpg,17,1,0.8433962,0.83589894
pat_17_image_362.jpg,17,1,0.53949827,0.48839328
pat_17_image_363.jpg,17,1,0.89170825,0.8853849
pat_17_image_364.jpg,17,1,0.90702146,0.90772825
pat_17_image_365.jpg,17,1,0.18824048,0.17388245
pat_17_image_366.jpg,17,1,0.85998255,0.8499344
pat_17_image_367.jpg,17,1,0.88640696,0.88317436
pat_17_image_368.jpg,17,1,0.4754862,0.47815534
pat_17_image_369.jpg,17,1,0.34133255,0.32112736
pat_17_image_370.jpg,17,1,0.95728236,0.9517883
pat_17_image_371.jpg,17,1,0.9694268,0.9677383
pat_17_image_372.jpg,17,1,0.96101314,0.957442
pat_17_image_373.jpg,17,1,0.64593846,0.656918
pat_17_image_374.jpg,17,1,0.6657636,0.62790394
pat_17_image_375.jpg,17,1,0.9186333,0.9304047
pat_17_image_376.jpg,17,1,0.70130914,0.684878
pat_17_image_377.jpg,17,1,0.51783365,0.47854507
pat_17_image_378.jpg,17,1,0.9279648,0.93342483
pat_17_image_379.jpg,17,1,0.8455583,0.8346276
pat_17_image_380.jpg,17,1,0.8605597,0.8568663
pat_17_image_381.jpg,17,1,0.87458533,0.881689
pat_17_image_382.jpg,17,1,0.9809776,0.979246
pat_17_image_383.jpg,17,1,0.86612827,0.8610581
pat_17_image_384.jpg,17,1,0.76990306,0.7745198
pat_17_image_385.jpg,17,1,0.8807623,0.8839247
pat_17_image_386.jpg,17,1,0.815827,0.81468534
pat_17_image_387.jpg,17,1,0.97933817,0.97662485
pat_17_image_388.jpg,17,1,0.84928817,0.84437203
pat_17_image_389.jpg,17,1,0.8688088,0.8768078
pat_17_image_390.jpg,17,1,0.8931879,0.85996497
pat_17_image_391.jpg,17,1,0.90598464,0.894729
pat_17_image_392.jpg,17,1,0.8949168,0.8799207
pat_17_image_393.jpg,17,1,0.30970213,0.272984
pat_17_image_394.jpg,17,1,0.84898305,0.84679794
pat_17_image_395.jpg,17,1,0.92965776,0.93111247
pat_17_image_396.jpg,17,1,0.94474924,0.9484314
pat_17_image_397.jpg,17,1,0.9419358,0.9447391
pat_17_image_398.jpg,17,1,0.47505546,0.45762858
pat_17_image_399.jpg,17,1,0.41399872,0.41520134
pat_17_image_400.jpg,17,1,0.94974476,0.94532394
pat_17_image_401.jpg,17,1,0.37119693,0.36934644
pat_17_image_402.jpg,17,1,0.3581146,0.33379725
pat_17_image_403.jpg,17,1,0.7499852,0.7589955
pat_17_image_404.jpg,17,1,0.4321555,0.37136498
pat_17_image_405.jpg,17,1,0.8973485,0.8784618
pat_17_image_406.jpg,17,1,0.9577437,0.9547514
pat_17_image_407.jpg,17,1,0.4300571,0.46285805
pat_17_image_408.jpg,17,1,0.72668153,0.71780765
pat_17_image_409.jpg,17,1,0.37267518,0.35540754
pat_17_image_410.jpg,17,1,0.31308144,0.35918975
pat_17_image_411.jpg,17,1,0.3782299,0.3846223
pat_17_image_412.jpg,17,1,0.4399314,0.47303587
pat_17_image_413.jpg,17,1,0.73873603,0.757903
pat_17_image_414.jpg,17,1,0.9284383,0.92306966
pat_17_image_415.jpg,17,1,0.88399774,0.88692653
pat_17_image_416.jpg,17,1,0.686858,0.6557248
pat_17_image_417.jpg,17,1,0.6006961,0.62628424
pat_17_image_418.jpg,17,1,0.7995169,0.7234909
pat_17_image_419.jpg,17,1,0.6504294,0.5993903
pat_17_image_420.jpg,17,1,0.5908023,0.6214876
pat_17_image_421.jpg,17,1,0.6823632,0.6475883
pat_17_image_422.jpg,17,1,0.62999463,0.64155966
pat_17_image_423.jpg,17,1,0.60782415,0.63005644
pat_17_image_424.jpg,17,1,0.7159744,0.7086275
pat_17_image_425.jpg,17,1,0.93226206,0.92546284
pat_17_image_426.jpg,17,1,0.8258027,0.77908504
pat_17_image_427.jpg,17,1,0.6614231,0.6625419
pat_17_image_428.jpg,17,1,0.85567176,0.84277195
pat_17_image_429.jpg,17,1,0.6213706,0.5818356
pat_17_image_430.jpg,17,1,0.73605305,0.7181045
pat_17_image_431.jpg,17,1,0.7776407,0.7686041
pat_17_image_432.jpg,17,1,0.59636337,0.5469348
pat_17_image_433.jpg,17,1,0.48376495,0.44776553
pat_17_image_434.jpg,17,1,0.7736517,0.74062645
pat_17_image_435.jpg,17,1,0.5212793,0.49725538
pat_17_image_436.jpg,17,1,0.7261216,0.69776547
pat_17_image_437.jpg,17,1,0.7294198,0.65965766
pat_17_image_438.jpg,17,1,0.7417766,0.7098326
pat_17_image_439.jpg,17,1,0.7306974,0.7387339
pat_17_image_440.jpg,17,1,0.5394287,0.48374856
pat_17_image_441.jpg,17,1,0.7840502,0.7632926
pat_17_image_442.jpg,17,1,0.8616263,0.8386326
pat_17_image_443.jpg,17,1,0.4665854,0.41969657
pat_17_image_444.jpg,17,1,0.58906144,0.54432553
pat_17_image_445.jpg,17,1,0.4619637,0.446303
pat_17_image_446.jpg,17,1,0.85481787,0.8192892
pat_17_image_447.jpg,17,1,0.6951598,0.7062969
pat_17_image_448.jpg,17,1,0.30224591,0.28180256
pat_17_image_449.jpg,17,1,0.552566,0.4616204
pat_17_image_450.jpg,17,1,0.61887306,0.7108661
pat_17_image_451.jpg,17,1,0.8400308,0.80730385
pat_17_image_452.jpg,17,1,0.23248105,0.24632102
pat_17_image_453.jpg,17,1,0.9203706,0.91232884
pat_17_image_454.jpg,17,1,0.92058694,0.9231542
pat_17_image_455.jpg,17,1,0.7260315,0.75512695
pat_17_image_456.jpg,17,1,0.96864307,0.9687035
pat_17_image_457.jpg,17,1,0.55927914,0.50665915
pat_17_image_458.jpg,17,1,0.91160434,0.9004471
pat_17_image_459.jpg,17,1,0.8135545,0.79907423
pat_17_image_460.jpg,17,1,0.58718604,0.56820744
pat_17_image_461.jpg,17,1,0.3606368,0.3479509
pat_17_image_462.jpg,17,1,0.8740377,0.8813173
pat_17_image_463.jpg,17,1,0.90880686,0.8982037
pat_17_image_464.jpg,17,1,0.725503,0.6616713
pat_17_image_465.jpg,17,1,0.40534556,0.37702572
pat_17_image_466.jpg,17,1,0.6829122,0.6487388
pat_17_image_467.jpg,17,1,0.66823596,0.67005074
pat_17_image_468.jpg,17,1,0.7038912,0.6816459
pat_17_image_469.jpg,17,1,0.9486718,0.95030755
pat_17_image_470.jpg,17,1,0.9615878,0.95995104
pat_17_image_471.jpg,17,1,0.95985043,0.9562919
pat_17_image_472.jpg,17,1,0.932595,0.9283607
pat_17_image_473.jpg,17,1,0.9821815,0.9792923
pat_17_image_474.jpg,17,1,0.6943461,0.6589463
pat_17_image_475.jpg,17,1,0.89945894,0.8829229
pat_17_image_476.jpg,17,1,0.8847899,0.89736456
pat_17_image_477.jpg,17,1,0.95343584,0.94854593
pat_17_image_478.jpg,17,1,0.872958,0.87446004
pat_17_image_479.jpg,17,1,0.6667135,0.6450728
pat_17_image_480.jpg,17,1,0.5719412,0.5447081
pat_17_image_481.jpg,17,1,0.5641598,0.54507625
pat_17_image_482.jpg,17,1,0.89499146,0.87795526
pat_17_image_483.jpg,17,1,0.83918786,0.82130754
pat_17_image_484.jpg,17,1,0.64109874,0.5988334
pat_17_image_485.jpg,17,1,0.5839822,0.51839495
pat_17_image_486.jpg,17,1,0.7328673,0.7257641
pat_17_image_487.jpg,17,1,0.5095115,0.4549343
pat_17_image_488.jpg,17,1,0.9361131,0.9253275
pat_17_image_489.jpg,17,1,0.88450205,0.8970807
pat_17_image_490.jpg,17,1,0.7847226,0.78970397
pat_17_image_491.jpg,17,1,0.70214975,0.7233416
pat_17_image_492.jpg,17,1,0.51426303,0.5497445
pat_17_image_493.jpg,17,1,0.9446686,0.94807583
pat_17_image_494.jpg,17,1,0.9520268,0.95272386
pat_17_image_495.jpg,17,1,0.22461128,0.22905855
pat_17_image_496.jpg,17,1,0.6420436,0.6513693
pat_17_image_497.jpg,17,1,0.6485684,0.67777383
pat_17_image_498.jpg,17,1,0.41404384,0.42561156
pat_17_image_499.jpg,17,1,0.7589639,0.7720074
pat_17_image_500.jpg,17,1,0.8843237,0.88299197
pat_17_image_501.jpg,17,1,0.7137704,0.732601
pat_17_image_502.jpg,17,1,0.8092738,0.7874906
pat_17_image_503.jpg,17,1,0.6840465,0.6811172
pat_17_image_504.jpg,17,1,0.77117527,0.73229843
pat_17_image_505.jpg,17,1,0.8125551,0.7952799
pat_17_image_506.jpg,17,1,0.6826197,0.6017158
pat_17_image_507.jpg,17,1,0.9209545,0.90945095
pat_17_image_508.jpg,17,1,0.6617631,0.5830311
pat_17_image_509.jpg,17,1,0.5361947,0.54537207
pat_17_image_510.jpg,17,1,0.4941104,0.5431214
pat_17_image_511.jpg,17,1,0.893353,0.9104532
pat_17_image_512.jpg,17,1,0.5438607,0.48875865
pat_17_image_513.jpg,17,1,0.66071236,0.65230954
pat_17_image_514.jpg,17,1,0.3378345,0.33932197
pat_17_image_515.jpg,17,1,0.60943496,0.59777224
pat_17_image_516.jpg,17,1,0.6267045,0.63429207
pat_17_image_517.jpg,17,1,0.59827894,0.54091525
pat_17_image_518.jpg,17,1,0.43507817,0.4284547
pat_17_image_519.jpg,17,1,0.94879836,0.94901174
pat_17_image_520.jpg,17,1,0.72944367,0.7037578
pat_17_image_521.jpg,17,1,0.59495467,0.54511565
pat_17_image_522.jpg,17,1,0.70903265,0.72346085
pat_17_image_523.jpg,17,1,0.5649957,0.56262594
pat_17_image_524.jpg,17,1,0.80542856,0.80945367
pat_17_image_525.jpg,17,1,0.28570643,0.24763289
pat_17_image_526.jpg,17,1,0.91416806,0.9141356
pat_17_image_527.jpg,17,1,0.51153076,0.486288
pat_17_image_528.jpg,17,1,0.69170123,0.6890149
pat_17_image_529.jpg,17,1,0.3852847,0.35143188
pat_17_image_530.jpg,17,1,0.71537936,0.7073958
pat_17_image_531.jpg,17,1,0.6310202,0.60696965
pat_17_image_532.jpg,17,1,0.87434095,0.8652048
pat_17_image_533.jpg,17,1,0.5874589,0.51997155
pat_17_image_534.jpg,17,1,0.8029976,0.77365357
pat_17_image_535.jpg,17,1,0.9281589,0.9141486
pat_17_image_536.jpg,17,1,0.42549783,0.45049345
pat_17_image_537.jpg,17,1,0.8260251,0.80789983
pat_17_image_538.jpg,17,1,0.7259452,0.6329374
pat_17_image_539.jpg,17,1,0.8090383,0.77112347
pat_17_image_540.jpg,17,1,0.9277573,0.9282711
pat_17_image_541.jpg,17,1,0.97503483,0.9696698
pat_17_image_542.jpg,17,1,0.8586323,0.8657612
pat_17_image_543.jpg,17,1,0.7860157,0.75110817
pat_17_image_544.jpg,17,1,0.39009756,0.31024873
pat_17_image_545.jpg,17,1,0.24592274,0.19864352
pat_17_image_546.jpg,17,1,0.11652701,0.11488635
pat_17_image_547.jpg,17,1,0.110361576,0.09204912
pat_17_image_548.jpg,17,1,0.73718065,0.7249702
pat_17_image_549.jpg,17,1,0.8980942,0.9016056
pat_17_image_550.jpg,17,1,0.31892616,0.3191185
pat_17_image_551.jpg,17,1,0.7235123,0.70719707
pat_17_image_552.jpg,17,1,0.77426016,0.761947
pat_17_image_553.jpg,17,1,0.35658428,0.32049888
pat_17_image_554.jpg,17,1,0.7357274,0.7483564
pat_17_image_555.jpg,17,1,0.91070634,0.89494854
pat_17_image_556.jpg,17,1,0.7798422,0.7798286
pat_17_image_557.jpg,17,1,0.46817955,0.5608933
pat_17_image_558.jpg,17,1,0.6390063,0.5954137
pat_17_image_559.jpg,17,1,0.47594398,0.41641358
pat_17_image_560.jpg,17,1,0.8926018,0.90231854
pat_17_image_561.jpg,17,1,0.21674013,0.19983277
pat_17_image_562.jpg,17,1,0.7140422,0.67555076
pat_17_image_563.jpg,17,1,0.78360504,0.7799914
pat_17_image_564.jpg,17,1,0.70568717,0.72968334
pat_17_image_565.jpg,17,1,0.8466376,0.85187024
pat_17_image_566.jpg,17,1,0.7205289,0.71390396
pat_17_image_567.jpg,17,1,0.685732,0.707469
pat_17_image_568.jpg,17,1,0.26059368,0.27252343
pat_17_image_569.jpg,17,1,0.5355953,0.56898993
pat_17_image_570.jpg,17,1,0.782989,0.7818595
pat_17_image_571.jpg,17,1,0.48630464,0.49458817
pat_17_image_572.jpg,17,1,0.6185736,0.6671218
pat_17_image_573.jpg,17,1,0.69892263,0.6706846
pat_17_image_574.jpg,17,1,0.7084126,0.7583416
pat_17_image_575.jpg,17,1,0.23438805,0.2261172
pat_17_image_576.jpg,17,1,0.62362117,0.66235197
pat_17_image_577.jpg,17,1,0.69466585,0.70227337
pat_17_image_578.jpg,17,1,0.6589098,0.6261051
pat_17_image_579.jpg,17,1,0.58324546,0.61454177
pat_17_image_580.jpg,17,1,0.6411408,0.69493514
pat_17_image_581.jpg,17,1,0.38258845,0.38755336
pat_17_image_582.jpg,17,1,0.3621191,0.4139967
pat_17_image_583.jpg,17,1,0.6719746,0.664095
pat_17_image_584.jpg,17,1,0.81207305,0.8201979
pat_17_image_585.jpg,17,1,0.5730364,0.60706437
pat_17_image_586.jpg,17,1,0.32818106,0.3748137
pat_17_image_587.jpg,17,1,0.4155728,0.45086002
pat_17_image_588.jpg,17,1,0.412635,0.45207897
pat_17_image_589.jpg,17,1,0.59390104,0.6059591
pat_17_image_590.jpg,17,1,0.41577622,0.43476337
pat_17_image_591.jpg,17,1,0.7626747,0.7792018
pat_17_image_592.jpg,17,1,0.7855727,0.7833722
pat_17_image_593.jpg,17,1,0.35921577,0.35483652
pat_17_image_594.jpg,17,1,0.78266484,0.8089848
pat_17_image_595.jpg,17,1,0.79398334,0.8079476
pat_17_image_596.jpg,17,1,0.59953207,0.65750504
pat_17_image_597.jpg,17,1,0.43159854,0.39346877
pat_17_image_598.jpg,17,1,0.9239796,0.9260456
pat_17_image_599.jpg,17,1,0.33947918,0.35830507
pat_17_image_600.jpg,17,1,0.58200735,0.5984409
pat_17_image_601.jpg,17,1,0.8074502,0.8056953
pat_17_image_602.jpg,17,1,0.77333385,0.76847476
pat_17_image_603.jpg,17,1,0.5683041,0.5745846
pat_17_image_604.jpg,17,1,0.8765393,0.8798299
pat_17_image_605.jpg,17,1,0.6241926,0.66972744
pat_17_image_606.jpg,17,1,0.678846,0.6774161
pat_17_image_607.jpg,17,1,0.71879315,0.66775644
pat_17_image_608.jpg,17,1,0.44647178,0.49849394
pat_17_image_609.jpg,17,1,0.5744646,0.6075782
pat_17_image_610.jpg,17,1,0.55363387,0.56650364
pat_17_image_611.jpg,17,1,0.7532305,0.74431866
pat_17_image_612.jpg,17,1,0.7488216,0.7364954
pat_17_image_613.jpg,17,1,0.82189393,0.83704543
pat_17_image_614.jpg,17,1,0.6631367,0.6564844
pat_17_image_615.jpg,17,1,0.75004166,0.7537483
pat_17_image_616.jpg,17,1,0.6513515,0.6931356
pat_17_image_617.jpg,17,1,0.6895556,0.71645266
pat_17_image_618.jpg,17,1,0.34492323,0.35897174
pat_17_image_619.jpg,17,1,0.32708332,0.3542579
pat_17_image_620.jpg,17,1,0.17439109,0.14550543
pat_17_image_621.jpg,17,1,0.87967783,0.8810189
pat_17_image_622.jpg,17,1,0.5208072,0.5019837
pat_17_image_623.jpg,17,1,0.43429485,0.43867046
pat_17_image_624.jpg,17,1,0.8585687,0.8731276
pat_17_image_625.jpg,17,1,0.38548023,0.35997596
pat_17_image_626.jpg,17,1,0.32503602,0.34646195
pat_17_image_627.jpg,17,1,0.33324048,0.287092
pat_17_image_628.jpg,17,1,0.3952285,0.41292003
pat_17_image_629.jpg,17,1,0.57099336,0.5258589
pat_17_image_630.jpg,17,1,0.78911513,0.7951079
pat_17_image_631.jpg,17,1,0.853719,0.8739606
pat_17_image_632.jpg,17,1,0.87349653,0.8364748
pat_17_image_633.jpg,17,1,0.84997755,0.798009
pat_17_image_634.jpg,17,1,0.33288455,0.3454967
pat_17_image_635.jpg,17,1,0.8049282,0.7921637
pat_17_image_636.jpg,17,1,0.90391076,0.91705716
pat_17_image_637.jpg,17,1,0.17020307,0.14156725
pat_17_image_638.jpg,17,1,0.2851306,0.26347142
pat_17_image_639.jpg,17,1,0.65430737,0.64725614
pat_17_image_640.jpg,17,1,0.75828826,0.7123586
pat_17_image_641.jpg,17,1,0.3004293,0.32403755
pat_17_image_642.jpg,17,1,0.5078126,0.49586913
pat_17_image_643.jpg,17,1,0.87835693,0.8933086
pat_17_image_644.jpg,17,1,0.24886057,0.2554343
pat_17_image_645.jpg,17,1,0.90007526,0.8792881
pat_17_image_646.jpg,17,1,0.8575417,0.8372771
pat_17_image_647.jpg,17,1,0.44566795,0.42136
pat_17_image_648.jpg,17,1,0.39097944,0.37808758
pat_17_image_649.jpg,17,1,0.780113,0.78657305
pat_17_image_650.jpg,17,1,0.80673414,0.81807643
pat_17_image_651.jpg,17,1,0.43658552,0.44438145
pat_17_image_652.jpg,17,1,0.20541026,0.17988448
pat_17_image_653.jpg,17,1,0.61877066,0.62694347
pat_17_image_654.jpg,17,1,0.55568177,0.5265048
pat_17_image_655.jpg,17,1,0.48337618,0.47868064
pat_17_image_656.jpg,17,1,0.694512,0.6545076
pat_17_image_657.jpg,17,1,0.1555223,0.15602462
pat_17_image_658.jpg,17,1,0.7903868,0.8300946
pat_17_image_659.jpg,17,1,0.9429591,0.944541
pat_17_image_660.jpg,17,1,0.48950836,0.5265381
pat_17_image_661.jpg,17,1,0.9418313,0.94574565
pat_17_image_662.jpg,17,1,0.4708881,0.48846343
pat_17_image_663.jpg,17,1,0.936566,0.92942214
pat_17_image_664.jpg,17,1,0.8749404,0.8792761
pat_17_image_665.jpg,17,1,0.8748224,0.883441
pat_17_image_666.jpg,17,1,0.9053813,0.9132384
pat_17_image_667.jpg,17,1,0.7556751,0.78069717
pat_17_image_668.jpg,17,1,0.92080754,0.93658
pat_17_image_669.jpg,17,1,0.8860543,0.8812777
pat_17_image_670.jpg,17,1,0.6106119,0.6318944
pat_17_image_671.jpg,17,1,0.7285658,0.7393055
pat_17_image_672.jpg,17,1,0.945171,0.9521035
pat_17_image_673.jpg,17,1,0.90479016,0.91964996
pat_17_image_674.jpg,17,1,0.9341297,0.9202517
pat_17_image_675.jpg,17,1,0.96351475,0.96369386
pat_17_image_676.jpg,17,1,0.7106363,0.7373396
pat_17_image_677.jpg,17,1,0.8237335,0.79565465
pat_17_image_678.jpg,17,1,0.48370972,0.4725888
pat_17_image_679.jpg,17,1,0.79837763,0.8170231
pat_17_image_680.jpg,17,1,0.9784323,0.9755687
pat_17_image_681.jpg,17,1,0.7284355,0.71513844
pat_17_image_682.jpg,17,1,0.7586517,0.76321864
pat_17_image_683.jpg,17,1,0.9208427,0.9197682
pat_17_image_684.jpg,17,1,0.59919536,0.57194763
pat_17_image_685.jpg,17,1,0.72741354,0.71512985
pat_17_image_686.jpg,17,1,0.31298575,0.28740364
pat_17_image_687.jpg,17,1,0.26211208,0.2115079
pat_17_image_688.jpg,17,1,0.6076551,0.5901521
pat_17_image_689.jpg,17,1,0.6360935,0.6031386
pat_17_image_690.jpg,17,1,0.75522137,0.7404647
pat_17_image_691.jpg,17,1,0.26895773,0.258982
pat_17_image_692.jpg,17,1,0.42078072,0.4015141
pat_17_image_693.jpg,17,1,0.7973524,0.8240424
pat_17_image_694.jpg,17,1,0.6080925,0.5320593
pat_17_image_695.jpg,17,1,0.24878868,0.2079561
pat_17_image_696.jpg,17,1,0.32641363,0.2932084
pat_17_image_697.jpg,17,1,0.5903162,0.5130395
pat_17_image_698.jpg,17,1,0.8475775,0.8543996
pat_17_image_699.jpg,17,1,0.7044292,0.72370696
pat_17_image_700.jpg,17,1,0.37106177,0.4104215
pat_17_image_701.jpg,17,1,0.88996965,0.8942796
pat_17_image_702.jpg,17,1,0.77134925,0.7461299
pat_17_image_703.jpg,17,1,0.5851686,0.598479
pat_17_image_704.jpg,17,1,0.79303,0.7829618
pat_17_image_705.jpg,17,1,0.5626648,0.5212894
pat_17_image_706.jpg,17,1,0.92039055,0.90674776
pat_17_image_707.jpg,17,1,0.6440857,0.62409604
pat_17_image_708.jpg,17,1,0.66109383,0.6508518
pat_17_image_709.jpg,17,1,0.72680944,0.7493455
pat_17_image_710.jpg,17,1,0.5666551,0.6015757
pat_17_image_711.jpg,17,1,0.7509449,0.73162544
pat_17_image_712.jpg,17,1,0.78644925,0.7733731
pat_17_image_713.jpg,17,1,0.66570514,0.6184068
pat_17_image_714.jpg,17,1,0.42173934,0.37802038
pat_17_image_715.jpg,17,1,0.74351245,0.7445315
pat_17_image_716.jpg,17,1,0.8038141,0.83286923
pat_17_image_717.jpg,17,1,0.36598256,0.41306365
pat_17_image_718.jpg,17,1,0.62970895,0.6365815
pat_17_image_719.jpg,17,1,0.5442467,0.5346144
pat_17_image_720.jpg,17,1,0.5666495,0.5900009
pat_17_image_721.jpg,17,1,0.47471774,0.50411373
pat_17_image_722.jpg,17,1,0.78047955,0.79102933
pat_17_image_723.jpg,17,1,0.8877234,0.8976446
pat_17_image_724.jpg,17,1,0.62277734,0.6317094
pat_17_image_725.jpg,17,1,0.919649,0.913637
pat_17_image_726.jpg,17,1,0.41568458,0.3611149
pat_17_image_727.jpg,17,1,0.8175931,0.84652096
pat_17_image_728.jpg,17,1,0.8147382,0.8138199
pat_17_image_729.jpg,17,1,0.7875841,0.81544226
pat_17_image_730.jpg,17,1,0.422929,0.44594136
pat_17_image_731.jpg,17,1,0.45277253,0.46989596
pat_17_image_732.jpg,17,1,0.90256286,0.90378124
pat_17_image_733.jpg,17,1,0.7983566,0.76579857
pat_17_image_734.jpg,17,1,0.8348922,0.825848
pat_17_image_735.jpg,17,1,0.92522335,0.92800313
pat_17_image_736.jpg,17,1,0.27952194,0.27215898
pat_17_image_737.jpg,17,1,0.6656871,0.59766406
pat_17_image_738.jpg,17,1,0.686272,0.6851373
pat_17_image_739.jpg,17,1,0.89848846,0.9062549
pat_17_image_740.jpg,17,1,0.71619505,0.70263964
pat_17_image_741.jpg,17,1,0.6239248,0.6163528
pat_17_image_742.jpg,17,1,0.33355367,0.35306087
pat_17_image_743.jpg,17,1,0.6447755,0.68276006
pat_17_image_744.jpg,17,1,0.6592135,0.6559658
pat_17_image_745.jpg,17,1,0.774717,0.7781458
pat_17_image_746.jpg,17,1,0.8531812,0.8513634
pat_17_image_747.jpg,17,1,0.26654992,0.31910783
pat_17_image_748.jpg,17,1,0.67013824,0.70595
pat_17_image_749.jpg,17,1,0.74935484,0.74208426
pat_17_image_750.jpg,17,1,0.37130505,0.3480983
pat_17_image_751.jpg,17,1,0.87370014,0.8597813
pat_17_image_752.jpg,17,1,0.67103326,0.70714206
pat_17_image_753.jpg,17,1,0.56745285,0.56101394
pat_17_image_754.jpg,17,1,0.65865743,0.64419866
pat_17_image_755.jpg,17,1,0.8951944,0.9038942
pat_17_image_756.jpg,17,1,0.77831924,0.7888467
pat_17_image_757.jpg,17,1,0.9139787,0.91405237
pat_17_image_758.jpg,17,1,0.57056576,0.65013516
pat_17_image_759.jpg,17,1,0.79658765,0.79252917
pat_17_image_760.jpg,17,1,0.9477716,0.94445825
pat_17_image_761.jpg,17,1,0.85879135,0.8417966
pat_17_image_762.jpg,17,1,0.9515741,0.9575192
pat_17_image_763.jpg,17,1,0.28396198,0.27366364
pat_17_image_764.jpg,17,1,0.47468615,0.5375751
pat_17_image_765.jpg,17,1,0.7582389,0.7790804
pat_17_image_766.jpg,17,1,0.9854549,0.98656905
pat_17_image_767.jpg,17,1,0.92539513,0.91524196
pat_17_image_768.jpg,17,1,0.7473298,0.76416135
pat_17_image_769.jpg,17,1,0.8594737,0.8568186
pat_17_image_770.jpg,17,1,0.3516079,0.3429527
pat_17_image_771.jpg,17,1,0.5068523,0.48923767
pat_17_image_772.jpg,17,1,0.33580044,0.33069095
pat_17_image_773.jpg,17,1,0.9056219,0.8763512
pat_17_image_774.jpg,17,1,0.732376,0.7340062
pat_17_image_775.jpg,17,1,0.8902471,0.884169
pat_17_image_776.jpg,17,1,0.4276507,0.405335
pat_17_image_777.jpg,17,1,0.5916969,0.60047716
pat_17_image_778.jpg,17,1,0.76097584,0.780035
pat_17_image_779.jpg,17,1,0.8727346,0.84965086
pat_17_image_780.jpg,17,1,0.86898404,0.8411118
pat_17_image_781.jpg,17,1,0.21317108,0.20419766
pat_17_image_782.jpg,17,1,0.34544975,0.33341536
pat_17_image_783.jpg,17,1,0.3405918,0.38167962
pat_17_image_784.jpg,17,1,0.72259504,0.74767655
pat_17_image_785.jpg,17,1,0.28116474,0.2242283
pat_17_image_786.jpg,17,1,0.49092567,0.4885569
pat_17_image_787.jpg,17,1,0.37633258,0.34408495
pat_17_image_788.jpg,17,1,0.51527005,0.517308
pat_17_image_789.jpg,17,1,0.8776206,0.8653966
pat_17_image_790.jpg,17,1,0.55147177,0.49946022
pat_17_image_791.jpg,17,1,0.5350692,0.5307676
pat_17_image_792.jpg,17,1,0.80351776,0.77247703
pat_17_image_793.jpg,17,1,0.4104803,0.4372492
pat_17_image_794.jpg,17,1,0.68982035,0.6894195
pat_17_image_795.jpg,17,1,0.45405668,0.42218903
pat_17_image_796.jpg,17,1,0.39576358,0.39613482
pat_17_image_797.jpg,17,1,0.59987533,0.5200795
pat_17_image_798.jpg,17,1,0.80516994,0.8282411
pat_17_image_799.jpg,17,1,0.2847717,0.29696548
pat_17_image_800.jpg,17,1,0.7385314,0.7539457
pat_17_image_801.jpg,17,1,0.883323,0.8898755
pat_17_image_802.jpg,17,1,0.72739375,0.6948584
pat_17_image_803.jpg,17,1,0.91802835,0.902648
pat_17_image_804.jpg,17,1,0.7076816,0.7422559
pat_17_image_805.jpg,17,1,0.87534446,0.8873567
pat_17_image_806.jpg,17,1,0.8776526,0.872297
pat_17_image_807.jpg,17,1,0.90030724,0.9133338
pat_17_image_808.jpg,17,1,0.5365753,0.5231782
pat_17_image_809.jpg,17,1,0.8885935,0.8665406
pat_17_image_810.jpg,17,1,0.534015,0.5783633
pat_17_image_811.jpg,17,1,0.82633287,0.7533323
pat_17_image_812.jpg,17,1,0.7526805,0.7251851
pat_17_image_813.jpg,17,1,0.42537484,0.39504343
pat_17_image_814.jpg,17,1,0.56189483,0.5237538
pat_17_image_815.jpg,17,1,0.4491023,0.4130062
pat_17_image_816.jpg,17,1,0.8351572,0.8577306
pat_17_image_817.jpg,17,1,0.6796195,0.6500991
pat_17_image_818.jpg,17,1,0.7442001,0.7338563
pat_17_image_819.jpg,17,1,0.88843125,0.8843254
pat_17_image_820.jpg,17,1,0.8169275,0.8298758
pat_17_image_821.jpg,17,1,0.7873245,0.8086438
pat_17_image_822.jpg,17,1,0.7490349,0.7640808
pat_17_image_823.jpg,17,1,0.43843034,0.41350117
pat_17_image_824.jpg,17,1,0.8925862,0.8887515
pat_17_image_825.jpg,17,1,0.91989714,0.91437
pat_17_image_826.jpg,17,1,0.50618315,0.49141273
pat_17_image_827.jpg,17,1,0.7382176,0.7012757
pat_17_image_828.jpg,17,1,0.6842596,0.69284934
pat_17_image_829.jpg,17,1,0.8790696,0.8823268
pat_17_image_830.jpg,17,1,0.83504915,0.8358066
pat_17_image_831.jpg,17,1,0.8930299,0.91786754
pat_17_image_832.jpg,17,1,0.72159135,0.70707226
pat_17_image_833.jpg,17,1,0.8889489,0.89066833
pat_17_image_834.jpg,17,1,0.25238028,0.21928355
pat_17_image_835.jpg,17,1,0.8762021,0.86958146
pat_17_image_836.jpg,17,1,0.6735185,0.6821116
pat_17_image_837.jpg,17,1,0.844824,0.8295475
pat_17_image_838.jpg,17,1,0.94847715,0.94337887
pat_17_image_839.jpg,17,1,0.2716218,0.25450525
pat_17_image_840.jpg,17,1,0.41986886,0.42478558
pat_17_image_841.jpg,17,1,0.93666995,0.94216037
pat_17_image_842.jpg,17,1,0.5211803,0.53510165
pat_17_image_843.jpg,17,1,0.8004413,0.76064396
pat_17_image_844.jpg,17,1,0.4088096,0.4372963
pat_17_image_845.jpg,17,1,0.6544769,0.6254852
pat_17_image_846.jpg,17,1,0.68933725,0.6738741
pat_17_image_847.jpg,17,1,0.86277306,0.83831
pat_17_image_848.jpg,17,1,0.88132644,0.8695047
pat_17_image_849.jpg,17,1,0.91105646,0.8991877
pat_17_image_850.jpg,17,1,0.34204158,0.33920673
pat_17_image_851.jpg,17,1,0.7614106,0.7483123
pat_17_image_852.jpg,17,1,0.953244,0.95401454
pat_17_image_853.jpg,17,1,0.88681537,0.8845876
pat_17_image_854.jpg,17,1,0.9532758,0.9463778
pat_17_image_855.jpg,17,1,0.6045502,0.54766893
pat_17_image_856.jpg,17,1,0.75292736,0.7117619
pat_17_image_857.jpg,17,1,0.12534948,0.13499355
pat_17_image_858.jpg,17,1,0.24162138,0.23006001
pat_17_image_859.jpg,17,1,0.8959039,0.8900938
pat_17_image_860.jpg,17,1,0.5036521,0.4919527
pat_17_image_861.jpg,17,1,0.49624783,0.478473
pat_17_image_862.jpg,17,1,0.7254913,0.72569704
pat_17_image_863.jpg,17,1,0.68633914,0.70379573
pat_17_image_864.jpg,17,1,0.81583005,0.83539647
pat_17_image_865.jpg,17,1,0.43365857,0.48139146
pat_17_image_866.jpg,17,1,0.566816,0.54604334
pat_17_image_867.jpg,17,1,0.8028814,0.78430086
pat_17_image_868.jpg,17,1,0.8116376,0.81480485
pat_17_image_869.jpg,17,1,0.813377,0.8369628
pat_17_image_870.jpg,17,1,0.17914303,0.173624
pat_17_image_871.jpg,17,1,0.36808077,0.42367542
pat_17_image_872.jpg,17,1,0.62581,0.6255683
pat_17_image_873.jpg,17,1,0.6353107,0.6969426
pat_17_image_874.jpg,17,1,0.32049653,0.33856568
pat_17_image_875.jpg,17,1,0.615033,0.67533517
pat_17_image_876.jpg,17,1,0.33173844,0.34582558
pat_17_image_877.jpg,17,1,0.5410358,0.58502865
pat_17_image_878.jpg,17,1,0.6836369,0.73443055
pat_17_image_879.jpg,17,1,0.27213693,0.28486386
pat_17_image_880.jpg,17,1,0.2709749,0.2611346
pat_17_image_881.jpg,17,1,0.52540505,0.55531293
pat_17_image_882.jpg,17,1,0.86155075,0.88632846
pat_17_image_883.jpg,17,1,0.776358,0.80440325
pat_17_image_884.jpg,17,1,0.9085897,0.8831417
pat_17_image_885.jpg,17,1,0.8872489,0.88293535
pat_17_image_886.jpg,17,1,0.8935624,0.88250166
pat_17_image_887.jpg,17,1,0.76328474,0.7027855
pat_17_image_888.jpg,17,1,0.8484368,0.84829694
pat_17_image_889.jpg,17,1,0.5039057,0.43898103
pat_17_image_890.jpg,17,1,0.85231006,0.8382469
pat_17_image_891.jpg,17,1,0.9006162,0.89789057
pat_17_image_892.jpg,17,1,0.858059,0.8577744
pat_17_image_893.jpg,17,1,0.54609823,0.46947378
pat_17_image_894.jpg,17,1,0.6545259,0.6614979
pat_17_image_895.jpg,17,1,0.49597442,0.4704632
pat_17_image_896.jpg,17,1,0.8249874,0.8178373
pat_17_image_897.jpg,17,1,0.518187,0.5005387
pat_17_image_898.jpg,17,1,0.49977943,0.4898987
pat_17_image_899.jpg,17,1,0.14342079,0.14630483
pat_17_image_900.jpg,17,1,0.57462806,0.6024743
pat_17_image_901.jpg,17,1,0.5845128,0.53811395
pat_17_image_902.jpg,17,1,0.7061359,0.6669563
pat_17_image_903.jpg,17,1,0.43816993,0.36026433
pat_17_image_904.jpg,17,1,0.58052886,0.55128586
pat_17_image_905.jpg,17,1,0.8905781,0.8772236
pat_17_image_906.jpg,17,1,0.7859513,0.75843716
pat_17_image_907.jpg,17,1,0.8001931,0.77568406
pat_17_image_908.jpg,17,1,0.5007382,0.53216094
pat_17_image_909.jpg,17,1,0.6784851,0.6589354
pat_17_image_910.jpg,17,1,0.6437707,0.60954446
pat_17_image_911.jpg,17,1,0.20975533,0.16749963
pat_17_image_912.jpg,17,1,0.78304493,0.7560032
pat_17_image_913.jpg,17,1,0.91119164,0.9066649
pat_17_image_914.jpg,17,1,0.42951378,0.4083686
pat_17_image_915.jpg,17,1,0.65517,0.5963344
pat_17_image_916.jpg,17,1,0.3840916,0.3732258
pat_17_image_917.jpg,17,1,0.368518,0.37180218
pat_17_image_918.jpg,17,1,0.5887358,0.5115464
pat_17_image_919.jpg,17,1,0.7820209,0.77708256
pat_17_image_920.jpg,17,1,0.7371733,0.738053
pat_17_image_921.jpg,17,1,0.7193171,0.73492813
pat_17_image_922.jpg,17,1,0.8551412,0.82159925
pat_17_image_923.jpg,17,1,0.745869,0.6911342
pat_17_image_924.jpg,17,1,0.6616408,0.61457354
pat_17_image_925.jpg,17,1,0.5811984,0.5265494
pat_17_image_926.jpg,17,1,0.5912273,0.5332996
pat_17_image_927.jpg,17,1,0.18211785,0.19090256
pat_17_image_928.jpg,17,1,0.555692,0.5555535
pat_17_image_929.jpg,17,1,0.8544786,0.8599389
pat_17_image_930.jpg,17,1,0.82958174,0.8410337
pat_17_image_931.jpg,17,1,0.77514833,0.73636496
pat_17_image_932.jpg,17,1,0.97505015,0.9746129
pat_17_image_933.jpg,17,1,0.4907627,0.45632192
pat_17_image_934.jpg,17,1,0.55547565,0.59329677
pat_17_image_935.jpg,17,1,0.65489924,0.67838717
pat_17_image_936.jpg,17,1,0.9325133,0.93358153
pat_17_image_937.jpg,17,1,0.51306826,0.48370257
pat_17_image_938.jpg,17,1,0.48030746,0.3838398
pat_17_image_939.jpg,17,1,0.6218472,0.5499411
pat_17_image_940.jpg,17,1,0.79777217,0.77812934
pat_17_image_941.jpg,17,1,0.55759156,0.5054317
pat_17_image_942.jpg,17,1,0.656142,0.62172955
pat_17_image_943.jpg,17,1,0.7333989,0.71505165
pat_17_image_944.jpg,17,1,0.61580545,0.59936213
pat_17_image_945.jpg,17,1,0.5393158,0.4489339
pat_17_image_946.jpg,17,1,0.2856834,0.22762975
pat_17_image_947.jpg,17,1,0.29428905,0.2737219
pat_17_image_948.jpg,17,1,0.20479888,0.19251488
pat_17_image_949.jpg,17,1,0.73525167,0.6710572
pat_17_image_950.jpg,17,1,0.8893519,0.8777453
pat_17_image_951.jpg,17,1,0.7269401,0.70731014
pat_17_image_952.jpg,17,1,0.65975326,0.6273149
pat_17_image_953.jpg,17,1,0.704411,0.662741
pat_17_image_954.jpg,17,1,0.27188936,0.25191993
pat_17_image_955.jpg,17,1,0.7165086,0.66470444
pat_17_image_956.jpg,17,1,0.94104534,0.9417187
pat_17_image_957.jpg,17,1,0.507792,0.46777368
pat_17_image_958.jpg,17,1,0.708198,0.6228147
pat_17_image_959.jpg,17,1,0.6438695,0.6247682
pat_17_image_960.jpg,17,1,0.4681469,0.4842616
pat_17_image_961.jpg,17,1,0.5532903,0.53702766
pat_17_image_962.jpg,17,1,0.925221,0.92334217
pat_17_image_963.jpg,17,1,0.6038187,0.64070475
pat_17_image_964.jpg,17,1,0.80609846,0.83562595
pat_17_image_965.jpg,17,1,0.5264548,0.6058014
pat_17_image_966.jpg,17,1,0.8351178,0.8445998
pat_17_image_967.jpg,17,1,0.5283296,0.52724206
pat_17_image_968.jpg,17,1,0.69771296,0.72448015
pat_17_image_969.jpg,17,1,0.68152034,0.6805059
pat_17_image_970.jpg,17,1,0.43636993,0.39118737
pat_17_image_971.jpg,17,1,0.919557,0.9253428
pat_17_image_972.jpg,17,1,0.844276,0.8503797
pat_17_image_973.jpg,17,1,0.2444664,0.2691205
pat_17_image_974.jpg,17,1,0.7396777,0.7374922
pat_17_image_975.jpg,17,1,0.93124145,0.9293351
pat_17_image_976.jpg,17,1,0.4974436,0.5459427
pat_17_image_977.jpg,17,1,0.798211,0.80684936
pat_17_image_978.jpg,17,1,0.321895,0.31227946
pat_17_image_979.jpg,17,1,0.6803587,0.73467416
pat_17_image_980.jpg,17,1,0.15546964,0.15983325
pat_17_image_981.jpg,17,1,0.46755072,0.46033862
pat_17_image_982.jpg,17,1,0.52976596,0.5866643
pat_17_image_983.jpg,17,1,0.82122386,0.8211276
pat_17_image_984.jpg,17,1,0.72330004,0.77315056
pat_17_image_985.jpg,17,1,0.32979456,0.38070154
pat_17_image_986.jpg,17,1,0.696143,0.708434
pat_17_image_987.jpg,17,1,0.23979011,0.2628973
pat_17_image_988.jpg,17,1,0.7946477,0.83948153
pat_17_image_989.jpg,17,1,0.6454367,0.7142385
pat_17_image_990.jpg,17,1,0.45205557,0.51346064
pat_17_image_991.jpg,17,1,0.84409064,0.84940636
pat_17_image_992.jpg,17,1,0.44324377,0.5310286
pat_17_image_993.jpg,17,1,0.8802643,0.90916526
pat_17_image_994.jpg,17,1,0.67900985,0.7221078
pat_17_image_995.jpg,17,1,0.3768455,0.4457766
pat_17_image_996.jpg,17,1,0.45349142,0.50060624
pat_17_image_997.jpg,17,1,0.5304437,0.5503346
pat_17_image_998.jpg,17,1,0.64108014,0.6560181
pat_17_image_999.jpg,17,1,0.3864815,0.41482157
pat_17_image_1000.jpg,17,1,0.32812265,0.34817037
pat_17_image_1001.jpg,17,1,0.32956466,0.30717936
pat_17_image_1002.jpg,17,1,0.86272126,0.8778694
pat_17_image_1003.jpg,17,1,0.7809287,0.77004373
pat_17_image_1004.jpg,17,1,0.73815536,0.74750954
pat_17_image_1005.jpg,17,1,0.58121866,0.53731954
pat_17_image_1006.jpg,17,1,0.74268603,0.78132075
pat_17_image_1007.jpg,17,1,0.9391334,0.9449637
pat_17_image_1008.jpg,17,1,0.80451393,0.79301673
pat_17_image_1009.jpg,17,1,0.27288032,0.2646548
pat_17_image_1010.jpg,17,1,0.5956333,0.5593037
pat_17_image_1011.jpg,17,1,0.5861603,0.6104954
pat_17_image_1012.jpg,17,1,0.7877306,0.7551664
pat_17_image_1013.jpg,17,1,0.8451909,0.8029926
pat_17_image_1014.jpg,17,1,0.4936609,0.44618794
pat_17_image_1015.jpg,17,1,0.42253697,0.38925597
pat_17_image_1016.jpg,17,1,0.19741806,0.16498165
pat_17_image_1017.jpg,17,1,0.4026618,0.41838303
pat_17_image_1018.jpg,17,1,0.82680404,0.83921546
pat_17_image_1019.jpg,17,1,0.20391548,0.20315026
pat_17_image_1020.jpg,17,1,0.83755976,0.80686426
pat_17_image_1021.jpg,17,1,0.5980094,0.57053137
pat_17_image_1022.jpg,17,1,0.4750932,0.40632626
pat_17_image_1023.jpg,17,1,0.846105,0.85818744
pat_17_image_1024.jpg,17,1,0.18753026,0.1841556
pat_17_image_1025.jpg,17,1,0.4117204,0.40451157
pat_17_image_1026.jpg,17,1,0.57525283,0.51519173
pat_17_image_1027.jpg,17,1,0.72407037,0.7280421
pat_17_image_1028.jpg,17,1,0.4113725,0.32800496
pat_17_image_1029.jpg,17,1,0.5613912,0.5152406
pat_17_image_1030.jpg,17,1,0.6888442,0.6070644
pat_17_image_1031.jpg,17,1,0.4743841,0.47468874
pat_17_image_1032.jpg,17,1,0.6916059,0.64152217
pat_17_image_1033.jpg,17,1,0.56796396,0.56892973
pat_17_image_1034.jpg,17,1,0.38829446,0.36878738
pat_17_image_1035.jpg,17,1,0.6787807,0.7093396
pat_17_image_1036.jpg,17,1,0.7108924,0.74998826
pat_17_image_1037.jpg,17,1,0.6684901,0.70184284
pat_17_image_1038.jpg,17,1,0.9414114,0.9374814
pat_17_image_1039.jpg,17,1,0.89107084,0.91616976
pat_17_image_1040.jpg,17,1,0.84733,0.847893
pat_17_image_1041.jpg,17,1,0.9305294,0.9245884
pat_17_image_1042.jpg,17,1,0.8105235,0.80273294
pat_17_image_1043.jpg,17,1,0.79889345,0.81064546
pat_17_image_1044.jpg,17,1,0.8464587,0.8482638
pat_17_image_1045.jpg,17,1,0.08986639,0.08020115
pat_17_image_1046.jpg,17,1,0.78060997,0.75888026
pat_17_image_1047.jpg,17,1,0.77929354,0.7716948
pat_17_image_1048.jpg,17,1,0.8763771,0.8720135
pat_17_image_1049.jpg,17,1,0.8789821,0.8734016
pat_17_image_1050.jpg,17,1,0.7621938,0.75449985
pat_17_image_1051.jpg,17,1,0.33599812,0.3032553
pat_17_image_1052.jpg,17,1,0.6055285,0.5833109
pat_17_image_1053.jpg,17,1,0.46228617,0.47516826
pat_17_image_1054.jpg,17,1,0.32662827,0.31994924
pat_17_image_1055.jpg,17,1,0.58716184,0.5983426
pat_17_image_1056.jpg,17,1,0.8937357,0.87929535
pat_17_image_1057.jpg,17,1,0.34863615,0.31593734
pat_17_image_1058.jpg,17,1,0.4795844,0.43187487
pat_17_image_1059.jpg,17,1,0.5434978,0.5282748
pat_17_image_1060.jpg,17,1,0.81101894,0.78798056
pat_17_image_1061.jpg,17,1,0.81739223,0.8401868
pat_17_image_1062.jpg,17,1,0.8437908,0.8506045
pat_17_image_1063.jpg,17,1,0.48516434,0.40638787
pat_17_image_1064.jpg,17,1,0.733711,0.6894662
pat_17_image_1065.jpg,17,1,0.8058905,0.77649164
pat_17_image_1066.jpg,17,1,0.69448125,0.6795861
pat_17_image_1067.jpg,17,1,0.711515,0.69135
pat_17_image_1068.jpg,17,1,0.6508277,0.58165455
pat_17_image_1069.jpg,17,1,0.7516157,0.6870417
pat_17_image_1070.jpg,17,1,0.67493236,0.6786458
pat_17_image_1071.jpg,17,1,0.66171426,0.6716791
pat_17_image_1072.jpg,17,1,0.9047708,0.9058542
pat_17_image_1073.jpg,17,1,0.5250942,0.5816598
pat_17_image_1074.jpg,17,1,0.7744008,0.7507884
pat_17_image_1075.jpg,17,1,0.19049826,0.16969125
pat_17_image_1076.jpg,17,1,0.37370223,0.2858456
pat_17_image_1077.jpg,17,1,0.92886585,0.92916566
pat_17_image_1078.jpg,17,1,0.5329111,0.54551935
pat_17_image_1079.jpg,17,1,0.34510314,0.36525503
pat_17_image_1080.jpg,17,1,0.5786103,0.5725579
pat_17_image_1081.jpg,17,1,0.8773333,0.87568134
pat_17_image_1082.jpg,17,1,0.7735362,0.804052
pat_17_image_1083.jpg,17,1,0.66359967,0.71621186
pat_17_image_1084.jpg,17,1,0.551094,0.54147387
pat_17_image_1085.jpg,17,1,0.31442422,0.32110402
pat_17_image_1086.jpg,17,1,0.4691266,0.4945418
pat_17_image_1087.jpg,17,1,0.3196187,0.24666196
pat_17_image_1088.jpg,17,1,0.75332105,0.7174547
pat_17_image_1089.jpg,17,1,0.38405928,0.34911746
pat_17_image_1090.jpg,17,1,0.62975067,0.6194148
pat_17_image_1091.jpg,17,1,0.4926198,0.4766325
pat_17_image_1092.jpg,17,1,0.2390127,0.23423544
pat_17_image_1093.jpg,17,1,0.46422306,0.41992155
pat_17_image_1094.jpg,17,1,0.52433515,0.4881748
pat_17_image_1095.jpg,17,1,0.26189095,0.23438124
pat_17_image_1096.jpg,17,1,0.9386495,0.944914
pat_17_image_1097.jpg,17,1,0.5310766,0.523173
pat_17_image_1098.jpg,17,1,0.43417427,0.38316706
pat_17_image_1099.jpg,17,1,0.44960278,0.44121814
pat_17_image_1100.jpg,17,1,0.78531885,0.716025
pat_17_image_1101.jpg,17,1,0.6862519,0.6618133
pat_17_image_1102.jpg,17,1,0.78272873,0.77944314
pat_17_image_1103.jpg,17,1,0.5720219,0.48469114
pat_17_image_1104.jpg,17,1,0.71746045,0.70310146
pat_17_image_1105.jpg,17,1,0.7974957,0.78195024
pat_17_image_1106.jpg,17,1,0.44984528,0.4094225
pat_17_image_1107.jpg,17,1,0.74689394,0.6999129
pat_17_image_1108.jpg,17,1,0.389029,0.33235386
pat_17_image_1109.jpg,17,1,0.77743256,0.7870785
pat_17_image_1110.jpg,17,1,0.72506976,0.7030942
pat_17_image_1111.jpg,17,1,0.27976727,0.26239926
pat_17_image_1112.jpg,17,1,0.56071156,0.5788237
pat_17_image_1113.jpg,17,1,0.29047546,0.3177424
pat_17_image_1114.jpg,17,1,0.942446,0.9457075
pat_17_image_1115.jpg,17,1,0.85785156,0.8420898
pat_17_image_1116.jpg,17,1,0.7930825,0.80312705
pat_17_image_1117.jpg,17,1,0.43313408,0.42484367
pat_17_image_1118.jpg,17,1,0.45493665,0.4940406
pat_17_image_1119.jpg,17,1,0.89443135,0.89814436
pat_17_image_1120.jpg,17,1,0.82276475,0.8348678
pat_17_image_1121.jpg,17,1,0.76973164,0.78406054
pat_17_image_1122.jpg,17,1,0.28092164,0.3094065
pat_17_image_1123.jpg,17,1,0.2384946,0.23719184
pat_17_image_1124.jpg,17,1,0.4911623,0.46103767
pat_17_image_1125.jpg,17,1,0.44218424,0.37334153
pat_17_image_1126.jpg,17,1,0.7410448,0.74630576
pat_17_image_1127.jpg,17,1,0.4925624,0.43618524
pat_17_image_1128.jpg,17,1,0.39402694,0.36092117
pat_17_image_1129.jpg,17,1,0.4746982,0.42488253
pat_17_image_1130.jpg,17,1,0.46488735,0.42777184
pat_17_image_1131.jpg,17,1,0.28713185,0.24642336
pat_17_image_1132.jpg,17,1,0.75920725,0.7487056
pat_17_image_1133.jpg,17,1,0.8586795,0.8465085
pat_17_image_1134.jpg,17,1,0.81139636,0.82239455
pat_17_image_1135.jpg,17,1,0.54235536,0.5699003
pat_17_image_1136.jpg,17,1,0.56332946,0.5974609
pat_17_image_1137.jpg,17,1,0.56901616,0.55352014
pat_17_image_1138.jpg,17,1,0.58400476,0.57108337
pat_17_image_1139.jpg,17,1,0.7913217,0.80960053
pat_17_image_1140.jpg,17,1,0.8641606,0.88812405
pat_17_image_1141.jpg,17,1,0.8021492,0.8158654
pat_17_image_1142.jpg,17,1,0.33353174,0.32193187
pat_17_image_1143.jpg,17,1,0.24254881,0.22947522
pat_17_image_1144.jpg,17,1,0.88337743,0.8759549
pat_17_image_1145.jpg,17,1,0.52853,0.53164405
pat_17_image_1146.jpg,17,1,0.80186605,0.82275075
pat_17_image_1147.jpg,17,1,0.7649596,0.76932263
pat_17_image_1148.jpg,17,1,0.81656396,0.8366773
pat_17_image_1149.jpg,17,1,0.72741216,0.7556048
pat_17_image_1150.jpg,17,1,0.7110473,0.7177314
pat_17_image_1151.jpg,17,1,0.47282043,0.51018274
pat_17_image_1152.jpg,17,1,0.6104462,0.6193823
pat_17_image_1153.jpg,17,1,0.44943544,0.4535611
pat_17_image_1154.jpg,17,1,0.4063687,0.42631596
pat_17_image_1155.jpg,17,1,0.728925,0.75240225
pat_17_image_1156.jpg,17,1,0.5879114,0.6119779
pat_17_image_1157.jpg,17,1,0.68250906,0.6928627
pat_17_image_1158.jpg,17,1,0.89704865,0.8907901
pat_17_image_1159.jpg,17,1,0.8423411,0.8181518
pat_17_image_1160.jpg,17,1,0.29054943,0.276417
pat_17_image_1161.jpg,17,1,0.7192658,0.67011493
pat_17_image_1162.jpg,17,1,0.88240314,0.8708441
pat_17_image_1163.jpg,17,1,0.89401364,0.89838415
pat_17_image_1164.jpg,17,1,0.8943733,0.8941344
pat_17_image_1165.jpg,17,1,0.89805657,0.89384913
pat_17_image_1166.jpg,17,1,0.41629097,0.42276236
pat_17_image_1167.jpg,17,1,0.9606961,0.9564474
pat_17_image_1168.jpg,17,1,0.75933355,0.769141
pat_17_image_1169.jpg,17,1,0.774542,0.81729925
pat_17_image_1170.jpg,17,1,0.7009251,0.7029907
pat_17_image_1171.jpg,17,1,0.8130593,0.7786062
pat_17_image_1172.jpg,17,1,0.67713165,0.72953415
pat_17_image_1173.jpg,17,1,0.8895994,0.87517667
pat_17_image_1174.jpg,17,1,0.42937744,0.37933
pat_17_image_1175.jpg,17,1,0.8749131,0.88486063
pat_17_image_1176.jpg,17,1,0.679946,0.66811335
pat_17_image_1177.jpg,17,1,0.87788415,0.874961
pat_17_image_1178.jpg,17,1,0.9795783,0.979258
pat_17_image_1179.jpg,17,1,0.81793237,0.83113825
pat_17_image_1180.jpg,17,1,0.9321381,0.9251438
pat_17_image_1181.jpg,17,1,0.62603474,0.64214927
pat_17_image_1182.jpg,17,1,0.65072715,0.6440631
pat_17_image_1183.jpg,17,1,0.98422396,0.9806322
pat_17_image_1184.jpg,17,1,0.9016057,0.89546156
pat_17_image_1185.jpg,17,1,0.6456287,0.6535527
pat_17_image_1186.jpg,17,1,0.7893881,0.74433196
pat_17_image_1187.jpg,17,1,0.65964067,0.6763576
pat_17_image_1188.jpg,17,1,0.9042149,0.9036903
pat_17_image_1189.jpg,17,1,0.6647528,0.724877
pat_17_image_1190.jpg,17,1,0.9450195,0.94556105
pat_17_image_1191.jpg,17,1,0.876968,0.88983935
pat_17_image_1192.jpg,17,1,0.41071552,0.40382406
pat_17_image_1193.jpg,17,1,0.47277546,0.4359483
pat_17_image_1194.jpg,17,1,0.8918913,0.88981676
pat_17_image_1195.jpg,17,1,0.8280071,0.8095088
pat_17_image_1196.jpg,17,1,0.60185605,0.5123796
pat_17_image_1197.jpg,17,1,0.49947762,0.46740296
pat_17_image_1198.jpg,17,1,0.5294597,0.4658403
pat_17_image_1199.jpg,17,1,0.96160597,0.95928556
pat_17_image_1200.jpg,17,1,0.44879055,0.3870866
pat_17_image_1201.jpg,17,1,0.4737285,0.48338303
pat_17_image_1202.jpg,17,1,0.70957696,0.6842715
pat_17_image_1203.jpg,17,1,0.9034169,0.8995444
pat_17_image_1204.jpg,17,1,0.8988927,0.90428346
pat_17_image_1205.jpg,17,1,0.48184282,0.43546587
pat_17_image_1206.jpg,17,1,0.24036914,0.20736611
pat_17_image_1207.jpg,17,1,0.8021923,0.74470806
pat_17_image_1208.jpg,17,1,0.90596354,0.8935934
pat_17_image_1209.jpg,17,1,0.84143054,0.8154619
pat_17_image_1210.jpg,17,1,0.8275026,0.8227247
pat_17_image_1211.jpg,17,1,0.7942667,0.78244776
pat_17_image_1212.jpg,17,1,0.70462996,0.684664
pat_17_image_1213.jpg,17,1,0.8246162,0.8034775
pat_17_image_1214.jpg,17,1,0.7255597,0.6670898
pat_17_image_1215.jpg,17,1,0.76386344,0.7586447
pat_17_image_1216.jpg,17,1,0.5528293,0.4767542
pat_17_image_1217.jpg,17,1,0.86223346,0.8721005
pat_17_image_1218.jpg,17,1,0.5347058,0.5631282
pat_17_image_1219.jpg,17,1,0.7575762,0.81045204
pat_17_image_1220.jpg,17,1,0.9449732,0.94029
pat_17_image_1221.jpg,17,1,0.8287832,0.8127432
pat_17_image_1222.jpg,17,1,0.792949,0.7833534
pat_17_image_1223.jpg,17,1,0.6190931,0.6490491
pat_17_image_1224.jpg,17,1,0.6373369,0.62243676
pat_17_image_1225.jpg,17,1,0.6453845,0.6218851
pat_17_image_1226.jpg,17,1,0.61642325,0.5541179
pat_17_image_1227.jpg,17,1,0.921782,0.89967805
pat_17_image_1228.jpg,17,1,0.25109544,0.22013718
pat_17_image_1229.jpg,17,1,0.55645335,0.51472175
pat_17_image_1230.jpg,17,1,0.26173285,0.24243501
pat_17_image_1231.jpg,17,1,0.6701377,0.663343
pat_17_image_1232.jpg,17,1,0.760205,0.75886905
pat_17_image_1233.jpg,17,1,0.8691996,0.84262156
pat_17_image_1234.jpg,17,1,0.6778495,0.5865478
pat_17_image_1235.jpg,17,1,0.14264622,0.13291173
pat_17_image_1236.jpg,17,1,0.6888539,0.6383694
pat_17_image_1237.jpg,17,1,0.7568946,0.7380073
pat_17_image_1238.jpg,17,1,0.90043026,0.9030652
pat_17_image_1239.jpg,17,1,0.7171568,0.69511366
pat_17_image_1240.jpg,17,1,0.53569365,0.48786655
pat_17_image_1241.jpg,17,1,0.37708756,0.35744792
pat_17_image_1242.jpg,17,1,0.3409726,0.24516222
pat_17_image_1243.jpg,17,1,0.4261574,0.343901
pat_17_image_1244.jpg,17,1,0.5278033,0.4983591
pat_17_image_1245.jpg,17,1,0.47766912,0.47929218
pat_17_image_1246.jpg,17,1,0.33955342,0.33536085
pat_17_image_1247.jpg,17,1,0.34864935,0.3341786
pat_17_image_1248.jpg,17,1,0.7877761,0.73773485
pat_17_image_1249.jpg,17,1,0.6055291,0.60631406
pat_17_image_1250.jpg,17,1,0.49452746,0.5186942
pat_17_image_1251.jpg,17,1,0.6570865,0.665338
pat_17_image_1252.jpg,17,1,0.80464274,0.8151441
pat_17_image_1253.jpg,17,1,0.51066715,0.45501217
pat_17_image_1254.jpg,17,1,0.081321165,0.07337517
pat_17_image_1255.jpg,17,1,0.37019372,0.443133
pat_17_image_1256.jpg,17,1,0.59578836,0.65435004
pat_17_image_1257.jpg,17,1,0.32560593,0.30513194
pat_17_image_1258.jpg,17,1,0.6735929,0.70157635
pat_17_image_1259.jpg,17,1,0.5037296,0.49790856
pat_17_image_1260.jpg,17,1,0.14841208,0.13916443
pat_17_image_1261.jpg,17,1,0.18331721,0.16843478
pat_17_image_1262.jpg,17,1,0.6618939,0.6900464
pat_17_image_1263.jpg,17,1,0.2833985,0.27933407
pat_17_image_1264.jpg,17,1,0.65168965,0.66013056
pat_17_image_1265.jpg,17,1,0.12764111,0.15406987
pat_17_image_1266.jpg,17,1,0.46809652,0.4707655
pat_17_image_1267.jpg,17,1,0.34732056,0.36298418
pat_17_image_1268.jpg,17,1,0.20615073,0.19242689
pat_17_image_1269.jpg,17,1,0.63254994,0.6533808
pat_17_image_1270.jpg,17,1,0.8226847,0.8160308
pat_17_image_1271.jpg,17,1,0.9484715,0.952293
pat_17_image_1272.jpg,17,1,0.9107125,0.91517735
pat_17_image_1273.jpg,17,1,0.90166616,0.8966479
pat_17_image_1274.jpg,17,1,0.8186606,0.80373347
pat_17_image_1275.jpg,17,1,0.8486886,0.8355505
pat_17_image_1276.jpg,17,1,0.4898815,0.47930795
pat_17_image_1277.jpg,17,1,0.9341821,0.9276936
pat_17_image_1278.jpg,17,1,0.60032475,0.5543429
pat_17_image_1279.jpg,17,1,0.59808296,0.63086736
pat_17_image_1280.jpg,17,1,0.52197295,0.48707262
pat_17_image_1281.jpg,17,1,0.3910524,0.42495117
pat_17_image_1282.jpg,17,1,0.6487915,0.6500197
pat_17_image_1283.jpg,17,1,0.46938005,0.45187956
pat_17_image_1284.jpg,17,1,0.9242697,0.92403454
pat_17_image_1285.jpg,17,1,0.81178284,0.84163296
pat_17_image_1286.jpg,17,1,0.776084,0.7634526
pat_17_image_1287.jpg,17,1,0.90461373,0.9209977
pat_17_image_1288.jpg,17,1,0.91089,0.9222661
pat_17_image_1289.jpg,17,1,0.33265483,0.32208717
pat_17_image_1290.jpg,17,1,0.6566827,0.6594648
pat_17_image_1291.jpg,17,1,0.8663103,0.8518511
pat_17_image_1292.jpg,17,1,0.4646057,0.37118602
pat_17_image_1293.jpg,17,1,0.8250337,0.8003554
pat_17_image_1294.jpg,17,1,0.85981125,0.84128934
pat_17_image_1295.jpg,17,1,0.8741107,0.87217146
pat_17_image_1296.jpg,17,1,0.6179314,0.55788314
pat_17_image_1297.jpg,17,1,0.85000205,0.8262817
pat_17_image_1298.jpg,17,1,0.40255743,0.3932339
pat_17_image_1299.jpg,17,1,0.8260701,0.8205135
pat_17_image_1300.jpg,17,1,0.36889648,0.37238383
pat_17_image_1301.jpg,17,1,0.46238694,0.4824627
pat_17_image_1302.jpg,17,1,0.55570096,0.5351503
pat_17_image_1303.jpg,17,1,0.47635576,0.5038261
pat_17_image_1304.jpg,17,1,0.6832228,0.7080893
pat_17_image_1305.jpg,17,1,0.524481,0.5416921
pat_17_image_1306.jpg,17,1,0.8878039,0.8909848
pat_17_image_1307.jpg,17,1,0.8202261,0.8137009
pat_17_image_1308.jpg,17,1,0.39669463,0.35420772
pat_17_image_1309.jpg,17,1,0.44451335,0.44322267
pat_17_image_1310.jpg,17,1,0.23542899,0.22430672
pat_17_image_1311.jpg,17,1,0.42945156,0.39664692
pat_17_image_1312.jpg,17,1,0.92889756,0.9168977
pat_17_image_1313.jpg,17,1,0.9473207,0.9380581
pat_17_image_1314.jpg,17,1,0.8674104,0.8882479
pat_17_image_1315.jpg,17,1,0.78154194,0.7867569
pat_17_image_1316.jpg,17,1,0.59118,0.6121884
pat_17_image_1317.jpg,17,1,0.78024226,0.79639274
pat_17_image_1318.jpg,17,1,0.8537643,0.8687804
pat_17_image_1319.jpg,17,1,0.56534004,0.5237782
pat_17_image_1320.jpg,17,1,0.5256374,0.4960116
pat_17_image_1321.jpg,17,1,0.6264203,0.65229577
pat_17_image_1322.jpg,17,1,0.8372574,0.81917256
pat_17_image_1323.jpg,17,1,0.9126385,0.9004519
pat_17_image_1324.jpg,17,1,0.09219993,0.08354283
pat_17_image_1325.jpg,17,1,0.7661648,0.80073124
pat_17_image_1326.jpg,17,1,0.4366548,0.44787455
pat_17_image_1327.jpg,17,1,0.90285593,0.88073516
pat_17_image_1328.jpg,17,1,0.8124503,0.8301907
pat_17_image_1329.jpg,17,1,0.2407123,0.23443997
pat_17_image_1330.jpg,17,1,0.59335655,0.6003378
pat_17_image_1331.jpg,17,1,0.6753141,0.6874219
pat_17_image_1332.jpg,17,1,0.7820225,0.7277837
pat_17_image_1333.jpg,17,1,0.46310908,0.4747783
pat_17_image_1334.jpg,17,1,0.45702603,0.43870303
pat_17_image_1335.jpg,17,1,0.28081584,0.25698948
pat_17_image_1336.jpg,17,1,0.84636414,0.82135516
pat_17_image_1337.jpg,17,1,0.5109907,0.5346511
pat_17_image_1338.jpg,17,1,0.88158894,0.8583954
pat_17_image_1339.jpg,17,1,0.6470572,0.57668537
pat_17_image_1340.jpg,17,1,0.68927956,0.7222425
pat_17_image_1341.jpg,17,1,0.87251085,0.8587602
pat_17_image_1342.jpg,17,1,0.7697799,0.7616892
pat_17_image_1343.jpg,17,1,0.6740726,0.6421291
pat_17_image_1344.jpg,17,1,0.75304717,0.6952471
pat_17_image_1345.jpg,17,1,0.57135725,0.56296647
pat_17_image_1346.jpg,17,1,0.7840721,0.7644795
pat_17_image_1347.jpg,17,1,0.41536036,0.4192062
pat_17_image_1348.jpg,17,1,0.46409377,0.35390556
pat_17_image_1349.jpg,17,1,0.6528042,0.6432183
pat_17_image_1350.jpg,17,1,0.8739368,0.8487891
pat_17_image_1351.jpg,17,1,0.26097667,0.25160828
pat_17_image_1352.jpg,17,1,0.7972421,0.7508022
pat_17_image_1353.jpg,17,1,0.84487087,0.83327776
pat_17_image_1354.jpg,17,1,0.55414,0.6060074
pat_17_image_1355.jpg,17,1,0.387878,0.383257
pat_17_image_1356.jpg,17,1,0.8325557,0.81357324
pat_17_image_1357.jpg,17,1,0.4209775,0.41818097
pat_17_image_1358.jpg,17,1,0.6973533,0.6740071
pat_17_image_1359.jpg,17,1,0.15573747,0.15980913
pat_17_image_1360.jpg,17,1,0.2941256,0.28939068
pat_17_image_1361.jpg,17,1,0.7751107,0.6972536
pat_17_image_1362.jpg,17,1,0.88290524,0.8705646
pat_17_image_1363.jpg,17,1,0.39917302,0.40933096
pat_17_image_1364.jpg,17,1,0.59186316,0.5626751
pat_17_image_1365.jpg,17,1,0.6019622,0.545238
pat_17_image_1366.jpg,17,1,0.72514135,0.7231641
pat_17_image_1367.jpg,17,1,0.9049173,0.9150916
pat_17_image_1368.jpg,17,1,0.46492147,0.4840659
pat_17_image_1369.jpg,17,1,0.773714,0.79380256
pat_17_image_1370.jpg,17,1,0.870174,0.8662207
pat_17_image_1371.jpg,17,1,0.77581877,0.7787826
pat_17_image_1372.jpg,17,1,0.40530017,0.4537857
pat_17_image_1373.jpg,17,1,0.5626101,0.60367703
pat_17_image_1374.jpg,17,1,0.66018313,0.7375597
pat_17_image_1375.jpg,17,1,0.4860555,0.49103332
pat_17_image_1376.jpg,17,1,0.9561609,0.95969397
pat_17_image_1377.jpg,17,1,0.8271748,0.8508689
pat_17_image_1378.jpg,17,1,0.82282746,0.8122456
pat_17_image_1379.jpg,17,1,0.93169147,0.9280013
pat_17_image_1380.jpg,17,1,0.5138758,0.5860812
pat_17_image_1381.jpg,17,1,0.8505482,0.86896765
pat_17_image_1382.jpg,17,1,0.58781874,0.637693
pat_17_image_1383.jpg,17,1,0.9590308,0.9521618
pat_17_image_1384.jpg,17,1,0.8591748,0.8651404
pat_17_image_1385.jpg,17,1,0.51869935,0.59254515
pat_17_image_1386.jpg,17,1,0.25675198,0.2288919
pat_17_image_1387.jpg,17,1,0.68448997,0.7084706
pat_17_image_1388.jpg,17,1,0.6649929,0.66852915
pat_17_image_1389.jpg,17,1,0.35480005,0.29502654
pat_17_image_1390.jpg,17,1,0.5035183,0.48988566
pat_17_image_1391.jpg,17,1,0.9283415,0.9124938
pat_17_image_1392.jpg,17,1,0.37570882,0.36174962
pat_17_image_1393.jpg,17,1,0.7526247,0.74326205
pat_17_image_1394.jpg,17,1,0.45681733,0.44275555
pat_17_image_1395.jpg,17,1,0.8809097,0.86536336
pat_17_image_1396.jpg,17,1,0.7452927,0.75755924
pat_17_image_1397.jpg,17,1,0.8782324,0.88690275
pat_17_image_1398.jpg,17,1,0.95120764,0.95065445
pat_17_image_1399.jpg,17,1,0.6858227,0.69655836
pat_17_image_1400.jpg,17,1,0.89656,0.8992599
pat_17_image_1401.jpg,17,1,0.9624882,0.96488655
pat_17_image_1402.jpg,17,1,0.045148004,0.04315072
pat_17_image_1403.jpg,17,1,0.8899236,0.8773898
pat_17_image_1404.jpg,17,1,0.72032166,0.73325413
pat_17_image_1405.jpg,17,1,0.846618,0.86431235
pat_17_image_1406.jpg,17,1,0.6210956,0.6125715
pat_17_image_1407.jpg,17,1,0.73894584,0.74748254
pat_17_image_1408.jpg,17,1,0.8350996,0.8366979
pat_17_image_1409.jpg,17,1,0.9558015,0.9530039
pat_17_image_1410.jpg,17,1,0.8644874,0.8739093
pat_17_image_1411.jpg,17,1,0.6597224,0.6820529
pat_17_image_1412.jpg,17,1,0.9365427,0.9323816
pat_17_image_1413.jpg,17,1,0.6346065,0.6481965
pat_17_image_1414.jpg,17,1,0.90221024,0.9111909
pat_17_image_1415.jpg,17,1,0.92975,0.9288131
pat_17_image_1416.jpg,17,1,0.9101307,0.91777354
pat_17_image_1417.jpg,17,1,0.33398935,0.31638628
pat_17_image_1418.jpg,17,1,0.8722139,0.88223445
pat_17_image_1419.jpg,17,1,0.7620962,0.74278444
pat_17_image_1420.jpg,17,1,0.8875617,0.882629
pat_17_image_1421.jpg,17,1,0.5848642,0.5815198
pat_17_image_1422.jpg,17,1,0.7909777,0.751837
pat_17_image_1423.jpg,17,1,0.9949109,0.99510115
pat_17_image_1424.jpg,17,1,0.96851426,0.9670387
pat_17_image_1425.jpg,17,1,0.6532451,0.618801
pat_17_image_1426.jpg,17,1,0.5264313,0.48165104
pat_17_image_1427.jpg,17,1,0.655465,0.57393885
pat_17_image_1428.jpg,17,1,0.9035834,0.90533805
pat_17_image_1429.jpg,17,1,0.89024323,0.8900489
pat_17_image_1430.jpg,17,1,0.52480125,0.5300218
pat_17_image_1431.jpg,17,1,0.6652665,0.67163783
pat_17_image_1432.jpg,17,1,0.2045774,0.23977876
pat_17_image_1433.jpg,17,1,0.74825597,0.77439606
pat_17_image_1434.jpg,17,1,0.43630573,0.41827998
pat_17_image_1435.jpg,17,1,0.57516444,0.55405897
pat_17_image_1436.jpg,17,1,0.4322267,0.35893196
pat_17_image_1437.jpg,17,1,0.48829156,0.48532468
pat_17_image_1438.jpg,17,1,0.9482298,0.94160455
pat_17_image_1439.jpg,17,1,0.71822,0.70461774
pat_17_image_1440.jpg,17,1,0.85024756,0.85058993
pat_17_image_1441.jpg,17,1,0.38732797,0.35722598
pat_17_image_1442.jpg,17,1,0.36007994,0.3426668
pat_17_image_1443.jpg,17,1,0.49645242,0.48328823
pat_17_image_1444.jpg,17,1,0.39583254,0.37596256
pat_17_image_1445.jpg,17,1,0.5688956,0.56332004
pat_17_image_1446.jpg,17,1,0.80324936,0.774148
pat_17_image_1447.jpg,17,1,0.6731126,0.69896704
pat_17_image_1448.jpg,17,1,0.36055368,0.42453852
pat_17_image_1449.jpg,17,1,0.6599649,0.63325
pat_17_image_1450.jpg,17,1,0.35603115,0.37299323
pat_17_image_1451.jpg,17,1,0.41758418,0.44378486
pat_17_image_1452.jpg,17,1,0.80118155,0.76201934
pat_17_image_1453.jpg,17,1,0.7884357,0.7730123
pat_17_image_1454.jpg,17,1,0.7303166,0.7189556
pat_17_image_1455.jpg,17,1,0.92557436,0.92758065
pat_17_image_1456.jpg,17,1,0.5514916,0.49120337
pat_17_image_1457.jpg,17,1,0.46645918,0.42102286
pat_17_image_1458.jpg,17,1,0.93584275,0.9305743
pat_17_image_1459.jpg,17,1,0.31254178,0.2689394
pat_17_image_1460.jpg,17,1,0.68026775,0.64560026
pat_17_image_1461.jpg,17,1,0.96234477,0.96004015
pat_17_image_1462.jpg,17,1,0.6824025,0.7148595
pat_17_image_1463.jpg,17,1,0.60644263,0.62306
pat_17_image_1464.jpg,17,1,0.2288062,0.17246464
pat_17_image_1465.jpg,17,1,0.8209715,0.8316355
pat_17_image_1466.jpg,17,1,0.9592058,0.96404624
pat_17_image_1467.jpg,17,1,0.40875033,0.40585992
pat_17_image_1468.jpg,17,1,0.47707108,0.46287012
pat_17_image_1469.jpg,17,1,0.28204757,0.33478725
pat_17_image_1470.jpg,17,1,0.679908,0.6447325
pat_17_image_1471.jpg,17,1,0.62960047,0.62485504
pat_17_image_1472.jpg,17,1,0.21710974,0.18607114
pat_17_image_1473.jpg,17,1,0.62130547,0.5919648
pat_17_image_1474.jpg,17,1,0.26646945,0.2903481
pat_17_image_1475.jpg,17,1,0.51647335,0.452891
pat_17_image_1476.jpg,17,1,0.904194,0.88504595
pat_17_image_1477.jpg,17,1,0.51688975,0.47750688
pat_17_image_1478.jpg,17,1,0.36221707,0.3673861
pat_17_image_1479.jpg,17,1,0.796987,0.8076921
pat_17_image_1480.jpg,17,1,0.85971713,0.8552465
pat_17_image_1481.jpg,17,1,0.56973374,0.57084876
pat_17_image_1482.jpg,17,1,0.68807507,0.68444216
pat_17_image_1483.jpg,17,1,0.5576988,0.6144511
pat_17_image_1484.jpg,17,1,0.8916384,0.88285375
pat_17_image_1485.jpg,17,1,0.7132653,0.7306528
pat_17_image_1486.jpg,17,1,0.408368,0.34859663
pat_17_image_1487.jpg,17,1,0.60959095,0.586081
pat_17_image_1488.jpg,17,1,0.6342432,0.5754022
pat_17_image_1489.jpg,17,1,0.27702203,0.24114065
pat_17_image_1490.jpg,17,1,0.86326706,0.86740714
pat_17_image_1491.jpg,17,1,0.71716017,0.6970408
pat_17_image_1492.jpg,17,1,0.4425753,0.44631702
pat_17_image_1493.jpg,17,1,0.25372484,0.25133634
pat_17_image_1494.jpg,17,1,0.74044603,0.75787765
pat_17_image_1495.jpg,17,1,0.15774176,0.14768358
pat_17_image_1496.jpg,17,1,0.19837517,0.18642077
pat_17_image_1497.jpg,17,1,0.31911132,0.23504664
pat_17_image_1498.jpg,17,1,0.45553923,0.4033478
pat_17_image_1499.jpg,17,1,0.5219351,0.4903287
pat_17_image_1500.jpg,17,1,0.3971259,0.3573884
pat_17_image_1501.jpg,17,1,0.7143845,0.64651316
pat_17_image_1502.jpg,17,1,0.77467555,0.7519292
pat_17_image_1503.jpg,17,1,0.8821553,0.8475757
pat_17_image_1504.jpg,17,1,0.49597865,0.44774356
pat_17_image_1505.jpg,17,1,0.62343574,0.6038438
pat_17_image_1506.jpg,17,1,0.9046912,0.9028958
pat_17_image_1507.jpg,17,1,0.60206693,0.5804253
pat_17_image_1508.jpg,17,1,0.6054512,0.58848596
pat_17_image_1509.jpg,17,1,0.77809995,0.76475203
pat_17_image_1510.jpg,17,1,0.7771707,0.76799715
pat_17_image_1511.jpg,17,1,0.23741603,0.21906567
pat_17_image_1512.jpg,17,1,0.49067304,0.50336605
pat_17_image_1513.jpg,17,1,0.5435246,0.5166284
pat_17_image_1514.jpg,17,1,0.23550656,0.25270218
pat_17_image_1515.jpg,17,1,0.84307307,0.82944167
pat_17_image_1516.jpg,17,1,0.84541905,0.8705378
pat_17_image_1517.jpg,17,1,0.5272715,0.531494
pat_17_image_1518.jpg,17,1,0.47533485,0.42815247
pat_17_image_1519.jpg,17,1,0.6209098,0.54501265
pat_17_image_1520.jpg,17,1,0.9362681,0.9304095
pat_17_image_1521.jpg,17,1,0.4599415,0.4305825
pat_17_image_1522.jpg,17,1,0.799283,0.78165734
pat_17_image_1523.jpg,17,1,0.7554376,0.7522339
pat_17_image_1524.jpg,17,1,0.426764,0.39311534
pat_17_image_1525.jpg,17,1,0.46953094,0.4424069
pat_17_image_1526.jpg,17,1,0.32504076,0.32631648
pat_17_image_1527.jpg,17,1,0.853422,0.8507017
pat_17_image_1528.jpg,17,1,0.7527289,0.7569885
pat_17_image_1529.jpg,17,1,0.69009614,0.7066445
pat_17_image_1530.jpg,17,1,0.9702377,0.96934646
pat_17_image_1531.jpg,17,1,0.5251771,0.53198683
pat_17_image_1532.jpg,17,1,0.27492374,0.25783104
pat_17_image_1533.jpg,17,1,0.82204044,0.8026263
pat_17_image_1534.jpg,17,1,0.49272975,0.49375007
pat_17_image_1535.jpg,17,1,0.86418235,0.86498064
pat_17_image_1536.jpg,17,1,0.61228776,0.6113021
pat_17_image_1537.jpg,17,1,0.49995923,0.4504322
pat_17_image_1538.jpg,17,1,0.34122908,0.32032615
pat_17_image_1539.jpg,17,1,0.8436244,0.83425504
pat_17_image_1540.jpg,17,1,0.18296817,0.17123365
pat_17_image_1541.jpg,17,1,0.76774615,0.7827553
pat_17_image_1542.jpg,17,1,0.55566025,0.49969012
pat_17_image_1543.jpg,17,1,0.59329915,0.55381525
pat_17_image_1544.jpg,17,1,0.8038433,0.7550275
pat_17_image_1545.jpg,17,1,0.28609556,0.23905009
pat_17_image_1546.jpg,17,1,0.7128097,0.7154089
pat_17_image_1547.jpg,17,1,0.23900099,0.24266003
pat_17_image_1548.jpg,17,1,0.22854005,0.22192153
pat_17_image_1549.jpg,17,1,0.17543916,0.16961963
pat_17_image_1550.jpg,17,1,0.49274865,0.4973068
pat_17_image_1551.jpg,17,1,0.26706097,0.19334428
pat_17_image_1552.jpg,17,1,0.7798584,0.74967396
pat_17_image_1553.jpg,17,1,0.46757156,0.47925115
pat_17_image_1554.jpg,17,1,0.6426267,0.6466965
pat_17_image_1555.jpg,17,1,0.82367295,0.82407874
pat_17_image_1556.jpg,17,1,0.5545072,0.5408668
pat_17_image_1557.jpg,17,1,0.7092828,0.69087744
pat_17_image_1558.jpg,17,1,0.5784474,0.61517113
pat_17_image_1559.jpg,17,1,0.28491572,0.23534799
pat_17_image_1560.jpg,17,1,0.8513209,0.8422857
pat_17_image_1561.jpg,17,1,0.73946047,0.7036145
pat_17_image_1562.jpg,17,1,0.4091143,0.39808697
pat_17_image_1563.jpg,17,1,0.81018704,0.8231462
pat_17_image_1564.jpg,17,1,0.7106198,0.66389555
pat_17_image_1565.jpg,17,1,0.71197665,0.6953655
pat_17_image_1566.jpg,17,1,0.8704692,0.8833588
pat_17_image_1567.jpg,17,1,0.88847566,0.89485395
pat_17_image_1568.jpg,17,1,0.89605594,0.89237267
pat_17_image_1569.jpg,17,1,0.79451215,0.8293861
pat_17_image_1570.jpg,17,1,0.68550456,0.6436476
pat_17_image_1571.jpg,17,1,0.36389187,0.35923803
pat_17_image_1572.jpg,17,1,0.6796907,0.6218169
pat_17_image_1573.jpg,17,1,0.3771197,0.38547394
pat_17_image_1574.jpg,17,1,0.7966724,0.8045189
pat_17_image_1575.jpg,17,1,0.61335623,0.57836133
pat_17_image_1576.jpg,17,1,0.82126534,0.81662256
pat_17_image_1577.jpg,17,1,0.33481014,0.3280438
pat_17_image_1578.jpg,17,1,0.5076055,0.5195426
pat_17_image_1579.jpg,17,1,0.42860985,0.43451318
pat_17_image_1580.jpg,17,1,0.6361137,0.6491132
pat_17_image_1581.jpg,17,1,0.6799037,0.6439611
pat_17_image_1582.jpg,17,1,0.5591542,0.54880667
pat_17_image_1583.jpg,17,1,0.6266089,0.64846796
pat_17_image_1584.jpg,17,1,0.5036993,0.50259745
pat_17_image_1585.jpg,17,1,0.6393721,0.5978064
pat_17_image_1586.jpg,17,1,0.43806568,0.44683388
pat_17_image_1587.jpg,17,1,0.8327621,0.81303185
pat_17_image_1588.jpg,17,1,0.25967535,0.22183904
pat_17_image_1589.jpg,17,1,0.42693314,0.4458106
pat_17_image_1590.jpg,17,1,0.38418993,0.36896217
pat_17_image_1591.jpg,17,1,0.8143862,0.7838324
pat_17_image_1592.jpg,17,1,0.7128052,0.69672996
pat_17_image_1593.jpg,17,1,0.49909928,0.43656313
pat_17_image_1594.jpg,17,1,0.73167217,0.7140825
pat_17_image_1595.jpg,17,1,0.37594384,0.34111303
pat_17_image_1596.jpg,17,1,0.31756318,0.34158185
pat_17_image_1597.jpg,17,1,0.4317933,0.37295544
pat_17_image_1598.jpg,17,1,0.721052,0.6868125
pat_17_image_1599.jpg,17,1,0.9152553,0.9154901
pat_17_image_1600.jpg,17,1,0.49387994,0.4697578
pat_17_image_1601.jpg,17,1,0.34773865,0.29271048
pat_17_image_1602.jpg,17,1,0.6584817,0.59084326
pat_17_image_1603.jpg,17,1,0.43209267,0.40387934
pat_17_image_1604.jpg,17,1,0.71055883,0.6796809
pat_17_image_1605.jpg,17,1,0.7115959,0.7219313
pat_17_image_1606.jpg,17,1,0.7425503,0.7392219
pat_17_image_1607.jpg,17,1,0.82513857,0.80414927
pat_17_image_1608.jpg,17,1,0.40618864,0.4053763
pat_17_image_1609.jpg,17,1,0.81289536,0.81358445
pat_17_image_1610.jpg,17,1,0.64115506,0.6033099
pat_17_image_1611.jpg,17,1,0.9227406,0.9347179
pat_17_image_1612.jpg,17,1,0.5518947,0.570973
pat_17_image_1613.jpg,17,1,0.842798,0.8497319
pat_17_image_1614.jpg,17,1,0.5997435,0.5954914
pat_17_image_1615.jpg,17,1,0.78564,0.8046464
pat_17_image_1616.jpg,17,1,0.78505516,0.7452197
pat_17_image_1617.jpg,17,1,0.79741377,0.763128
pat_17_image_1618.jpg,17,1,0.9084643,0.9093578
pat_17_image_1619.jpg,17,1,0.9584701,0.9603876
pat_17_image_1620.jpg,17,1,0.3324256,0.28879556
pat_17_image_1621.jpg,17,1,0.6764101,0.6884939
pat_17_image_1622.jpg,17,1,0.7847682,0.795551
pat_17_image_1623.jpg,17,1,0.23965797,0.2511882
pat_17_image_1624.jpg,17,1,0.86262506,0.8324608
pat_17_image_1625.jpg,17,1,0.49667197,0.4652148
pat_17_image_1626.jpg,17,1,0.8740434,0.86656576
pat_17_image_1627.jpg,17,1,0.54720265,0.5851324
pat_17_image_1628.jpg,17,1,0.85823584,0.837855
pat_17_image_1629.jpg,17,1,0.74731576,0.7179358
pat_17_image_1630.jpg,17,1,0.5110462,0.51542145
pat_17_image_1631.jpg,17,1,0.7133321,0.629809
pat_17_image_1632.jpg,17,1,0.7093436,0.6379605
pat_17_image_1633.jpg,17,1,0.9404151,0.9376763
pat_17_image_1634.jpg,17,1,0.7434877,0.73534554
pat_17_image_1635.jpg,17,1,0.5562844,0.54137295
pat_17_image_1636.jpg,17,1,0.7774755,0.7436382
pat_17_image_1637.jpg,17,1,0.8560213,0.84921175
pat_17_image_1638.jpg,17,1,0.3893033,0.35226202
pat_17_image_1639.jpg,17,1,0.9086902,0.91370654
pat_17_image_1640.jpg,17,1,0.5067735,0.45400053
pat_17_image_1641.jpg,17,1,0.6506175,0.62607795
pat_17_image_1642.jpg,17,1,0.26752245,0.27612725
pat_17_image_1643.jpg,17,1,0.6889994,0.68515146
pat_17_image_1644.jpg,17,1,0.9154607,0.8936233
pat_17_image_1645.jpg,17,1,0.72733974,0.6713491
pat_17_image_1646.jpg,17,1,0.41991043,0.35423788
pat_17_image_1647.jpg,17,1,0.83523905,0.81631696
pat_17_image_1648.jpg,17,1,0.40537828,0.37096548
pat_17_image_1649.jpg,17,1,0.46088955,0.4346366
pat_17_image_1650.jpg,17,1,0.55865806,0.54622763
pat_17_image_1651.jpg,17,1,0.68111247,0.649174
pat_17_image_1652.jpg,17,1,0.8332747,0.8216847
pat_17_image_1653.jpg,17,1,0.78247947,0.75125057
pat_17_image_1654.jpg,17,1,0.6837264,0.6583975
pat_17_image_1655.jpg,17,1,0.30827758,0.28620607
pat_17_image_1656.jpg,17,1,0.3824545,0.38093516
pat_17_image_1657.jpg,17,1,0.51567584,0.4758658
pat_17_image_1658.jpg,17,1,0.27171782,0.2216298
pat_17_image_1659.jpg,17,1,0.692541,0.70687854
pat_17_image_1660.jpg,17,1,0.50028574,0.561157
pat_17_image_1661.jpg,17,1,0.2205684,0.24298088
pat_17_image_1662.jpg,17,1,0.7963988,0.7579299
pat_17_image_1663.jpg,17,1,0.48170304,0.49402538
pat_17_image_1664.jpg,17,1,0.549102,0.4644777
pat_17_image_1665.jpg,17,1,0.76939064,0.70010024
pat_17_image_1666.jpg,17,1,0.974589,0.9730929
pat_17_image_1667.jpg,17,1,0.6416161,0.60763633
pat_17_image_1668.jpg,17,1,0.6764381,0.67350173
pat_17_image_1669.jpg,17,1,0.4307938,0.36211944
pat_17_image_1670.jpg,17,1,0.93912065,0.9355216
pat_17_image_1671.jpg,17,1,0.52981377,0.48997
pat_17_image_1672.jpg,17,1,0.40883073,0.35775948
pat_17_image_1673.jpg,17,1,0.64312357,0.58582485
pat_17_image_1674.jpg,17,1,0.707347,0.6442154
pat_17_image_1675.jpg,17,1,0.6058537,0.5974965
pat_17_image_1676.jpg,17,1,0.6492801,0.66321695
pat_17_image_1677.jpg,17,1,0.45621592,0.44549498
pat_17_image_1678.jpg,17,1,0.84545034,0.8090992
pat_17_image_1679.jpg,17,1,0.8887302,0.861127
pat_17_image_1680.jpg,17,1,0.5440488,0.5136284
pat_17_image_1681.jpg,17,1,0.38522476,0.36194462
pat_17_image_1682.jpg,17,1,0.8095886,0.80589473
pat_17_image_1683.jpg,17,1,0.65824187,0.6218641
pat_17_image_1684.jpg,17,1,0.9354329,0.9268405
pat_17_image_1685.jpg,17,1,0.39241093,0.3722672
pat_17_image_1686.jpg,17,1,0.50754625,0.5274902
pat_17_image_1687.jpg,17,1,0.27602962,0.2842839
pat_17_image_1688.jpg,17,1,0.5969303,0.58506465
pat_17_image_1689.jpg,17,1,0.9091337,0.9208615
pat_17_image_1690.jpg,17,1,0.44814795,0.35186127
pat_17_image_1691.jpg,17,1,0.8658007,0.8654163
pat_17_image_1692.jpg,17,1,0.5639581,0.5699911
pat_17_image_1693.jpg,17,1,0.9537458,0.9537308
pat_17_image_1694.jpg,17,1,0.6139081,0.6597104
pat_17_image_1695.jpg,17,1,0.8299877,0.83751357
pat_17_image_1696.jpg,17,1,0.88878745,0.8965968
pat_17_image_1697.jpg,17,1,0.7725804,0.80200046
pat_17_image_1698.jpg,17,1,0.8384852,0.8318145
pat_17_image_1699.jpg,17,1,0.7032424,0.71216345
pat_17_image_1700.jpg,17,1,0.6585556,0.6864554
pat_17_image_1701.jpg,17,1,0.7439961,0.76659167
pat_17_image_1702.jpg,17,1,0.92914355,0.9216141
pat_17_image_1703.jpg,17,1,0.8948783,0.88273835
pat_17_image_1704.jpg,17,1,0.26397622,0.29107925
pat_17_image_1705.jpg,17,1,0.6985069,0.73382413
pat_17_image_1706.jpg,17,1,0.27534512,0.23037955
pat_17_image_1707.jpg,17,1,0.64288086,0.62276864
pat_17_image_1708.jpg,17,1,0.5600221,0.5244957
pat_17_image_1709.jpg,17,1,0.7316045,0.7404704
pat_17_image_1710.jpg,17,1,0.5625403,0.5583645
pat_17_image_1711.jpg,17,1,0.68347615,0.6861567
pat_17_image_1712.jpg,17,1,0.6507036,0.6351319
pat_17_image_1713.jpg,17,1,0.79191476,0.8355095
pat_17_image_1714.jpg,17,1,0.6301299,0.6449063
pat_17_image_1715.jpg,17,1,0.8791801,0.88522863
pat_17_image_1716.jpg,17,1,0.8758263,0.88074833
pat_17_image_1717.jpg,17,1,0.92057866,0.925835
pat_17_image_1718.jpg,17,1,0.8315096,0.85043645
pat_17_image_1719.jpg,17,1,0.84085447,0.84385306
pat_17_image_1720.jpg,17,1,0.83089304,0.81227946
pat_17_image_1721.jpg,17,1,0.60435945,0.6199197
pat_17_image_1722.jpg,17,1,0.87644804,0.8642629
pat_17_image_1723.jpg,17,1,0.44834182,0.49634343
pat_17_image_1724.jpg,17,1,0.8738147,0.8658797
pat_17_image_1725.jpg,17,1,0.9082974,0.89918524
pat_17_image_1726.jpg,17,1,0.8965378,0.885996
pat_17_image_1727.jpg,17,1,0.7340574,0.74342275
pat_17_image_1728.jpg,17,1,0.21967201,0.16041532
pat_17_image_1729.jpg,17,1,0.20613034,0.22220945
pat_17_image_1730.jpg,17,1,0.844341,0.8167867
pat_17_image_1731.jpg,17,1,0.40650827,0.4373183
pat_17_image_1732.jpg,17,1,0.9437874,0.9428707
pat_17_image_1733.jpg,17,1,0.6579445,0.6472743
pat_17_image_1734.jpg,17,1,0.92855823,0.92100745
pat_17_image_1735.jpg,17,1,0.96008223,0.9599439
pat_17_image_1736.jpg,17,1,0.6469207,0.6435945
pat_17_image_1737.jpg,17,1,0.91995454,0.919002
pat_17_image_1738.jpg,17,1,0.5935864,0.59143066
pat_17_image_1739.jpg,17,1,0.8558995,0.8477577
pat_17_image_1740.jpg,17,1,0.920912,0.8956288
pat_17_image_1741.jpg,17,1,0.39059544,0.3805272
pat_17_image_1742.jpg,17,1,0.30331647,0.33095428
pat_17_image_1743.jpg,17,1,0.79869413,0.7892017
pat_17_image_1744.jpg,17,1,0.3715739,0.36309907
pat_17_image_1745.jpg,17,1,0.62736565,0.6080566
pat_17_image_1746.jpg,17,1,0.18381001,0.18250467
pat_17_image_1747.jpg,17,1,0.41793537,0.39404666
pat_17_image_1748.jpg,17,1,0.88224,0.8845958
pat_17_image_1749.jpg,17,1,0.63471866,0.63768053
pat_17_image_1750.jpg,17,1,0.82190233,0.8410366
pat_17_image_1751.jpg,17,1,0.59591633,0.57387006
pat_17_image_1752.jpg,17,1,0.8268479,0.8538765
pat_17_image_1753.jpg,17,1,0.8716285,0.8517877
pat_17_image_1754.jpg,17,1,0.6723725,0.6360526
pat_17_image_1755.jpg,17,1,0.24729225,0.24935822
pat_17_image_1756.jpg,17,1,0.84590304,0.84562343
pat_17_image_1757.jpg,17,1,0.48608184,0.4381773
pat_17_image_1758.jpg,17,1,0.42367437,0.36829454
pat_17_image_1759.jpg,17,1,0.64306784,0.6529685
pat_17_image_1760.jpg,17,1,0.79664403,0.76724887
pat_17_image_1761.jpg,17,1,0.50269955,0.50139844
pat_17_image_1762.jpg,17,1,0.4843763,0.40976998
pat_17_image_1763.jpg,17,1,0.25437808,0.2310589
pat_17_image_1764.jpg,17,1,0.82826406,0.81303465
pat_17_image_1765.jpg,17,1,0.6444556,0.66337675
pat_17_image_1766.jpg,17,1,0.83437985,0.8385405
pat_17_image_1767.jpg,17,1,0.55729026,0.5316926
pat_17_image_1768.jpg,17,1,0.6471593,0.6268087
pat_17_image_1769.jpg,17,1,0.52459157,0.5214161
pat_17_image_1770.jpg,17,1,0.7042653,0.6805275
pat_17_image_1771.jpg,17,1,0.5478825,0.56142545
pat_17_image_1772.jpg,17,1,0.1940635,0.19987248
pat_17_image_1773.jpg,17,1,0.6763931,0.66166
pat_17_image_1774.jpg,17,1,0.77497494,0.7453059
pat_17_image_1775.jpg,17,1,0.7231555,0.7484404
pat_17_image_1776.jpg,17,1,0.67269236,0.6045131
pat_17_image_1777.jpg,17,1,0.554998,0.50922513
pat_17_image_1778.jpg,17,1,0.8331182,0.78966165
pat_17_image_1779.jpg,17,1,0.8573888,0.85664755
pat_17_image_1780.jpg,17,1,0.31015024,0.29093084
pat_17_image_1781.jpg,17,1,0.6910959,0.66673404
pat_17_image_1782.jpg,17,1,0.87785,0.8697138
pat_17_image_1783.jpg,17,1,0.8096365,0.8189469
pat_17_image_1784.jpg,17,1,0.41981357,0.39101794
pat_17_image_1785.jpg,17,1,0.5880961,0.53389335
pat_17_image_1786.jpg,17,1,0.87414086,0.89410925
pat_17_image_1787.jpg,17,1,0.6015992,0.61007035
pat_17_image_1788.jpg,17,1,0.81195647,0.82784915
pat_17_image_1789.jpg,17,1,0.91576,0.9241154
pat_17_image_1790.jpg,17,1,0.63522977,0.6369743
pat_17_image_1791.jpg,17,1,0.7725694,0.75379705
pat_17_image_1792.jpg,17,1,0.6262454,0.56501174
pat_17_image_1793.jpg,17,1,0.6146685,0.5916002
pat_17_image_1794.jpg,17,1,0.5910938,0.577977
pat_17_image_1795.jpg,17,1,0.50446403,0.46168953
pat_17_image_1796.jpg,17,1,0.5731703,0.5438469
pat_17_image_1797.jpg,17,1,0.7943454,0.80333143
pat_17_image_1798.jpg,17,1,0.5209989,0.49416286
pat_17_image_1799.jpg,17,1,0.7362333,0.7386727
pat_17_image_1800.jpg,17,1,0.20346196,0.190587
pat_17_image_1801.jpg,17,1,0.7650239,0.7767748
pat_17_image_1802.jpg,17,1,0.92148036,0.91823715
pat_17_image_1803.jpg,17,1,0.91628045,0.92282397
pat_17_image_1804.jpg,17,1,0.8217065,0.8379352
pat_17_image_1805.jpg,17,1,0.90019697,0.88797677
pat_17_image_1806.jpg,17,1,0.9567053,0.957718
pat_17_image_1807.jpg,17,1,0.7823689,0.7521212
pat_17_image_1808.jpg,17,1,0.8841748,0.8556821
pat_17_image_1809.jpg,17,1,0.7107148,0.6494481
pat_17_image_1810.jpg,17,1,0.9208076,0.916814
pat_17_image_1811.jpg,17,1,0.8473314,0.8201529
pat_17_image_1812.jpg,17,1,0.3940187,0.36388904
pat_17_image_1813.jpg,17,1,0.61044145,0.63077915
pat_17_image_1814.jpg,17,1,0.7953313,0.7778243
pat_17_image_1815.jpg,17,1,0.35436794,0.39029416
pat_17_image_1816.jpg,17,1,0.6604593,0.6377969
pat_17_image_1817.jpg,17,1,0.7025316,0.6845323
pat_17_image_1818.jpg,17,1,0.6990523,0.68199044
pat_17_image_1819.jpg,17,1,0.72538996,0.7119266
pat_17_image_1820.jpg,17,1,0.5264118,0.47291932
pat_17_image_1821.jpg,17,1,0.5425584,0.54492366
pat_17_image_1822.jpg,17,1,0.777774,0.7537487
pat_17_image_1823.jpg,17,1,0.9019766,0.87962896
pat_17_image_1824.jpg,17,1,0.22014728,0.22118562
pat_17_image_1825.jpg,17,1,0.5635576,0.5272519
pat_17_image_1826.jpg,17,1,0.77401865,0.7486972
pat_17_image_1827.jpg,17,1,0.38009244,0.38171816
pat_17_image_1828.jpg,17,1,0.26510662,0.3031111
pat_17_image_1829.jpg,17,1,0.47011068,0.42874715
pat_17_image_1830.jpg,17,1,0.65533215,0.60669166
pat_17_image_1831.jpg,17,1,0.6304999,0.6223436
pat_17_image_1832.jpg,17,1,0.8168944,0.7933573
pat_17_image_1833.jpg,17,1,0.5218292,0.48213655
pat_17_image_1834.jpg,17,1,0.69929475,0.7114592
pat_17_image_1835.jpg,17,1,0.5321815,0.55204546
pat_17_image_1836.jpg,17,1,0.6480948,0.628728
pat_17_image_1837.jpg,17,1,0.47808558,0.5112131
pat_17_image_1838.jpg,17,1,0.5399298,0.511204
pat_17_image_1839.jpg,17,1,0.7733098,0.7515372
pat_17_image_1840.jpg,17,1,0.56249267,0.49423772
pat_17_image_1841.jpg,17,1,0.23532036,0.21467896
pat_17_image_1842.jpg,17,1,0.79843444,0.7755474
pat_17_image_1843.jpg,17,1,0.2391845,0.23866063
pat_17_image_1844.jpg,17,1,0.5484146,0.5633613
pat_17_image_1845.jpg,17,1,0.961573,0.9565885
pat_17_image_1846.jpg,17,1,0.40303078,0.34606445
pat_17_image_1847.jpg,17,1,0.5230358,0.4577811
pat_17_image_1848.jpg,17,1,0.8093257,0.7887576
pat_17_image_1849.jpg,17,1,0.70873106,0.6858079
pat_17_image_1850.jpg,17,1,0.36661246,0.3500824
pat_17_image_1851.jpg,17,1,0.8757334,0.8688241
pat_17_image_1852.jpg,17,1,0.91661817,0.91214955
pat_17_image_1853.jpg,17,1,0.7184085,0.7884077
pat_17_image_1854.jpg,17,1,0.7558616,0.75698304
pat_17_image_1855.jpg,17,1,0.6443476,0.6493729
pat_17_image_1856.jpg,17,1,0.5930043,0.61686754
pat_17_image_1857.jpg,17,1,0.7205778,0.7358501
pat_17_image_1858.jpg,17,1,0.6345308,0.6236024
pat_17_image_1859.jpg,17,1,0.5520849,0.528961
pat_17_image_1860.jpg,17,1,0.22241352,0.2482456
pat_17_image_1861.jpg,17,1,0.780825,0.80616665
pat_17_image_1862.jpg,17,1,0.7751527,0.81269914
pat_17_image_1863.jpg,17,1,0.3088763,0.29029387
pat_17_image_1864.jpg,17,1,0.5766508,0.58176655
pat_17_image_1865.jpg,17,1,0.7761698,0.7891695
pat_17_image_1866.jpg,17,1,0.6056215,0.61251545
pat_17_image_1867.jpg,17,1,0.9084844,0.91202
pat_17_image_1868.jpg,17,1,0.82341355,0.8241987
pat_17_image_1869.jpg,17,1,0.9741499,0.97605443
pat_17_image_1870.jpg,17,1,0.22562426,0.22293565
pat_17_image_1871.jpg,17,1,0.1806143,0.17036946
pat_17_image_1872.jpg,17,1,0.3671434,0.34196544
pat_17_image_1873.jpg,17,1,0.5702693,0.45613822
pat_17_image_1874.jpg,17,1,0.31838992,0.2764931
pat_17_image_1875.jpg,17,1,0.71704125,0.6305319
pat_17_image_1876.jpg,17,1,0.337675,0.37375107
pat_17_image_1877.jpg,17,1,0.8370939,0.82953
pat_17_image_1878.jpg,17,1,0.09715732,0.09083755
pat_17_image_1879.jpg,17,1,0.58353627,0.58137465
pat_17_image_1880.jpg,17,1,0.94395083,0.94156915
pat_17_image_1881.jpg,17,1,0.86737883,0.85248715
pat_17_image_1882.jpg,17,1,0.7679517,0.80275273
pat_17_image_1883.jpg,17,1,0.8740734,0.86758155
pat_17_image_1884.jpg,17,1,0.8169956,0.80415344
pat_17_image_1885.jpg,17,1,0.57712644,0.58445674
pat_17_image_1886.jpg,17,1,0.69734937,0.6562465
pat_17_image_1887.jpg,17,1,0.30559888,0.24905507
pat_17_image_1888.jpg,17,1,0.8788678,0.87282157
pat_17_image_1889.jpg,17,1,0.5895279,0.55783695
pat_17_image_1890.jpg,17,1,0.64997065,0.65032923
pat_17_image_1891.jpg,17,1,0.5400868,0.5115607
pat_17_image_1892.jpg,17,1,0.5830073,0.6873832
pat_17_image_1893.jpg,17,1,0.5956684,0.5616269
pat_17_image_1894.jpg,17,1,0.50248533,0.49626678
pat_17_image_1895.jpg,17,1,0.5579936,0.60874456
pat_17_image_1896.jpg,17,1,0.5563818,0.52776086
pat_17_image_1897.jpg,17,1,0.45338798,0.42582414
pat_17_image_1898.jpg,17,1,0.47385752,0.45854914
pat_17_image_1899.jpg,17,1,0.776875,0.77972174
pat_17_image_1900.jpg,17,1,0.17697062,0.19785756
pat_17_image_1901.jpg,17,1,0.34539214,0.3032517
pat_17_image_1902.jpg,17,1,0.4857285,0.47969374
pat_17_image_1903.jpg,17,1,0.3981965,0.41595888
pat_17_image_1904.jpg,17,1,0.22355247,0.21938823
pat_17_image_1905.jpg,17,1,0.82956886,0.84327745
pat_17_image_1906.jpg,17,1,0.8656398,0.8520012
pat_17_image_1907.jpg,17,1,0.42148387,0.40374863
pat_17_image_1908.jpg,17,1,0.36424926,0.31680533
pat_17_image_1909.jpg,17,1,0.7506068,0.72990155
pat_17_image_1910.jpg,17,1,0.18129215,0.19053544
pat_17_image_1911.jpg,17,1,0.6099426,0.56255513
pat_17_image_1912.jpg,17,1,0.73972,0.71722734
pat_17_image_1913.jpg,17,1,0.22104162,0.2571611
pat_17_image_1914.jpg,17,1,0.3809272,0.4148488
pat_17_image_1915.jpg,17,1,0.33069026,0.30702254
pat_17_image_1916.jpg,17,1,0.34262595,0.38644364
pat_17_image_1917.jpg,17,1,0.49093005,0.55235666
pat_17_image_1918.jpg,17,1,0.8621632,0.8605637
pat_17_image_1919.jpg,17,1,0.7365392,0.71918017
pat_17_image_1920.jpg,17,1,0.3599274,0.35609367
pat_17_image_1921.jpg,17,1,0.7398216,0.74285626
pat_17_image_1922.jpg,17,1,0.82348686,0.842132
pat_17_image_1923.jpg,17,1,0.6903161,0.71828306
pat_17_image_1924.jpg,17,1,0.70060426,0.67299545
pat_17_image_1925.jpg,17,1,0.29373538,0.2660131
pat_17_image_1926.jpg,17,1,0.11231428,0.10255907
pat_17_image_1927.jpg,17,1,0.7282561,0.7678429
pat_17_image_1928.jpg,17,1,0.2612702,0.2336544
pat_17_image_1929.jpg,17,1,0.83200276,0.85986525
pat_17_image_1930.jpg,17,1,0.81571543,0.8488462
pat_17_image_1931.jpg,17,1,0.21093379,0.20258792
pat_17_image_1932.jpg,17,1,0.37251154,0.38966113
pat_17_image_1933.jpg,17,1,0.3711956,0.34144983
pat_17_image_1934.jpg,17,1,0.7326363,0.7447359
pat_17_image_1935.jpg,17,1,0.42780006,0.3876224
pat_17_image_1936.jpg,17,1,0.84543693,0.81615835
pat_17_image_1937.jpg,17,1,0.8298408,0.8229681
pat_17_image_1938.jpg,17,1,0.2140686,0.2054431
pat_17_image_1939.jpg,17,1,0.68072647,0.6567938
pat_17_image_1940.jpg,17,1,0.4648068,0.4846299
pat_17_image_1941.jpg,17,1,0.60937035,0.5382534
pat_17_image_1942.jpg,17,1,0.7765257,0.74415463
pat_17_image_1943.jpg,17,1,0.6996138,0.6319459
pat_17_image_1944.jpg,17,1,0.58598804,0.5702643
pat_17_image_1945.jpg,17,1,0.5464867,0.53542703
pat_17_image_1946.jpg,17,1,0.101555444,0.09678943
pat_17_image_1947.jpg,17,1,0.49129814,0.4974107
pat_17_image_1948.jpg,17,1,0.449327,0.4595844
pat_17_image_1949.jpg,17,1,0.40539238,0.34636727
pat_17_image_1950.jpg,17,1,0.36883846,0.35247308
pat_17_image_1951.jpg,17,1,0.8221041,0.7991584
pat_17_image_1952.jpg,17,1,0.469977,0.41103727
pat_17_image_1953.jpg,17,1,0.3780601,0.40965757
pat_17_image_1954.jpg,17,1,0.5438286,0.59703267
pat_17_image_1955.jpg,17,1,0.79576117,0.76160264
pat_17_image_1956.jpg,17,1,0.1520708,0.1816211
pat_17_image_1957.jpg,17,1,0.20883766,0.24156168
pat_17_image_1958.jpg,17,1,0.6543025,0.6180014
pat_17_image_1959.jpg,17,1,0.8741629,0.87029904
pat_17_image_1960.jpg,17,1,0.47290722,0.45539632
pat_17_image_1961.jpg,17,1,0.6084494,0.62888366
pat_17_image_1962.jpg,17,1,0.8911149,0.88634
pat_17_image_1963.jpg,17,1,0.6540114,0.67903936
pat_17_image_1964.jpg,17,1,0.23128533,0.20106764
pat_17_image_1965.jpg,17,1,0.530381,0.48191115
pat_17_image_1966.jpg,17,1,0.34244722,0.3723772
pat_17_image_1967.jpg,17,1,0.23846692,0.21349443
pat_17_image_1968.jpg,17,1,0.50464225,0.5264948
pat_17_image_1969.jpg,17,1,0.42171186,0.36639124
pat_17_image_1970.jpg,17,1,0.6559814,0.60617626
pat_17_image_1971.jpg,17,1,0.31685248,0.2858615
pat_17_image_1972.jpg,17,1,0.37174988,0.29304105
pat_17_image_1973.jpg,17,1,0.42054576,0.34930518
pat_17_image_1974.jpg,17,1,0.23812647,0.20129746
pat_17_image_1975.jpg,17,1,0.5031471,0.55149764
pat_17_image_1976.jpg,17,1,0.94710016,0.94805104
pat_17_image_1977.jpg,17,1,0.6803527,0.6314042
pat_17_image_1978.jpg,17,1,0.87315464,0.8568222
pat_17_image_1979.jpg,17,1,0.60473627,0.60438716
pat_17_image_1980.jpg,17,1,0.83553064,0.84683937
pat_17_image_1981.jpg,17,1,0.89733547,0.8900841
pat_17_image_1982.jpg,17,1,0.75972867,0.7365288
pat_17_image_1983.jpg,17,1,0.5948835,0.62002784
pat_17_image_1984.jpg,17,1,0.4112258,0.40498027
pat_17_image_1985.jpg,17,1,0.31237912,0.30891347
pat_17_image_1986.jpg,17,1,0.7079665,0.7362487
pat_17_image_1987.jpg,17,1,0.5993101,0.61020863
pat_17_image_1988.jpg,17,1,0.81150496,0.803221
pat_17_image_1989.jpg,17,1,0.46744066,0.4920444
pat_17_image_1990.jpg,17,1,0.35648072,0.3602699
pat_17_image_1991.jpg,17,1,0.7062922,0.7151649
pat_17_image_1992.jpg,17,1,0.20181052,0.18549627
pat_17_image_1993.jpg,17,1,0.37330306,0.33921427
pat_17_image_1994.jpg,17,1,0.6295946,0.60419434
pat_17_image_1995.jpg,17,1,0.20987771,0.1980068
pat_17_image_1996.jpg,17,1,0.28008518,0.26236877
pat_17_image_1997.jpg,17,1,0.68349636,0.6735809
pat_17_image_1998.jpg,17,1,0.47886425,0.42164183
pat_17_image_1999.jpg,17,1,0.33409724,0.33969566
pat_17_image_2000.jpg,17,1,0.78565526,0.7611462
pat_17_image_2001.jpg,17,1,0.3593841,0.36176243
pat_17_image_2002.jpg,17,1,0.17773207,0.20084257
pat_17_image_2003.jpg,17,1,0.46986905,0.44308212
pat_17_image_2004.jpg,17,1,0.8791019,0.8960456
pat_17_image_2005.jpg,17,1,0.44367567,0.43797863
pat_17_image_2006.jpg,17,1,0.9290996,0.9263013
pat_17_image_2007.jpg,17,1,0.9001174,0.90739185
pat_17_image_2008.jpg,17,1,0.4949481,0.49526024
pat_17_image_2009.jpg,17,1,0.59504306,0.544123
pat_17_image_2010.jpg,17,1,0.87817657,0.88033265
pat_17_image_2011.jpg,17,1,0.9550103,0.9534816
pat_17_image_2012.jpg,17,1,0.96339715,0.96008396
pat_17_image_2013.jpg,17,1,0.8837242,0.8737848
pat_17_image_2014.jpg,17,1,0.82748485,0.8193277
pat_17_image_2015.jpg,17,1,0.78284687,0.80491143
pat_17_image_2016.jpg,17,1,0.7904004,0.779317
pat_17_image_2017.jpg,17,1,0.980491,0.9775031
pat_17_image_2018.jpg,17,1,0.9091993,0.9167025
pat_17_image_2019.jpg,17,1,0.69745654,0.6666157
pat_17_image_2020.jpg,17,1,0.95371485,0.9497455
pat_17_image_2021.jpg,17,1,0.949355,0.94950145
pat_17_image_2022.jpg,17,1,0.89320385,0.8981162
pat_17_image_2023.jpg,17,1,0.6987117,0.6754339
pat_17_image_2024.jpg,17,1,0.7575695,0.7620329
pat_17_image_2025.jpg,17,1,0.7548059,0.756491
pat_17_image_2026.jpg,17,1,0.7970205,0.8170431
pat_17_image_2027.jpg,17,1,0.5670517,0.5622449
pat_17_image_2028.jpg,17,1,0.5251367,0.5393322
pat_17_image_2029.jpg,17,1,0.44112906,0.42024937
pat_17_image_2030.jpg,17,1,0.54486006,0.5298314
pat_17_image_2031.jpg,17,1,0.763999,0.76661736
pat_17_image_2032.jpg,17,1,0.6063867,0.6328631
pat_17_image_2033.jpg,17,1,0.4780727,0.4084588
pat_17_image_2034.jpg,17,1,0.46310934,0.3827248
pat_17_image_2035.jpg,17,1,0.9230523,0.9085727
pat_17_image_2036.jpg,17,1,0.9429653,0.9387652
pat_17_image_2037.jpg,17,1,0.8041485,0.8173901
pat_17_image_2038.jpg,17,1,0.71966916,0.71579546
pat_17_image_2039.jpg,17,1,0.7982478,0.78483117
pat_17_image_2040.jpg,17,1,0.5788932,0.58188236
pat_17_image_2041.jpg,17,1,0.48949906,0.40086353
pat_17_image_2042.jpg,17,1,0.7962371,0.7753636
pat_17_image_2043.jpg,17,1,0.7950068,0.78407025
pat_17_image_2044.jpg,17,1,0.36894473,0.34265253
pat_17_image_2045.jpg,17,1,0.67066705,0.6763512
pat_17_image_2046.jpg,17,1,0.659839,0.6507529
pat_17_image_2047.jpg,17,1,0.6034784,0.57889366
pat_17_image_2048.jpg,17,1,0.3697199,0.36415052
pat_17_image_2049.jpg,17,1,0.71298176,0.6835473
pat_17_image_2050.jpg,17,1,0.8289479,0.79355055
pat_17_image_2051.jpg,17,1,0.5264143,0.5044756
pat_17_image_2052.jpg,17,1,0.43427435,0.42715725
pat_17_image_2053.jpg,17,1,0.62737334,0.5813459
pat_17_image_2054.jpg,17,1,0.64494616,0.5950791
pat_17_image_2055.jpg,17,1,0.5142793,0.49937025
pat_17_image_2056.jpg,17,1,0.9368038,0.9225001
pat_17_image_2057.jpg,17,1,0.74009365,0.7559055
pat_17_image_2058.jpg,17,1,0.92073584,0.9263712
pat_17_image_2059.jpg,17,1,0.56654,0.5617596
pat_17_image_2060.jpg,17,1,0.39582744,0.33073136
pat_17_image_2061.jpg,17,1,0.22961959,0.2406099
pat_17_image_2062.jpg,17,1,0.37065092,0.36413518
pat_17_image_2063.jpg,17,1,0.403009,0.37582642
pat_17_image_2064.jpg,17,1,0.28674006,0.238794
pat_17_image_2065.jpg,17,1,0.4413259,0.38926825
pat_17_image_2066.jpg,17,1,0.269595,0.2499991
pat_17_image_2067.jpg,17,1,0.6488756,0.64295
pat_17_image_2068.jpg,17,1,0.5633104,0.5612718
pat_17_image_2069.jpg,17,1,0.77376586,0.76788515
pat_17_image_2070.jpg,17,1,0.5323392,0.4948911
pat_17_image_2071.jpg,17,1,0.59288937,0.59111273
pat_17_image_2072.jpg,17,1,0.3452335,0.32362208
pat_17_image_2073.jpg,17,1,0.7470483,0.7431298
pat_17_image_2074.jpg,17,1,0.4456186,0.43882042
pat_17_image_2075.jpg,17,1,0.8490048,0.86185104
pat_17_image_2076.jpg,17,1,0.65688515,0.6416992
pat_17_image_2077.jpg,17,1,0.48114416,0.5143459
pat_17_image_2078.jpg,17,1,0.23720214,0.23650578
pat_17_image_2079.jpg,17,1,0.46275485,0.42419684
pat_17_image_2080.jpg,17,1,0.7105302,0.6586251
pat_17_image_2081.jpg,17,1,0.88380027,0.88287854
pat_17_image_2082.jpg,17,1,0.68923163,0.6818002
pat_17_image_2083.jpg,17,1,0.5135767,0.4483192
pat_17_image_2084.jpg,17,1,0.7022457,0.67950094
pat_17_image_2085.jpg,17,1,0.44774202,0.41791293
pat_17_image_2086.jpg,17,1,0.6499248,0.65298957
pat_17_image_2087.jpg,17,1,0.22439525,0.2549852
pat_17_image_2088.jpg,17,1,0.82018584,0.773331
pat_17_image_2089.jpg,17,1,0.68104035,0.6297642
pat_17_image_2090.jpg,17,1,0.42758974,0.44641387
pat_17_image_2091.jpg,17,1,0.23289421,0.21684341
pat_17_image_2092.jpg,17,1,0.61520714,0.63315725
pat_17_image_2093.jpg,17,1,0.1906808,0.17689206
pat_17_image_2094.jpg,17,1,0.33001336,0.29147565
pat_17_image_2095.jpg,17,1,0.49863687,0.48831642
pat_17_image_2096.jpg,17,1,0.5837209,0.5987395
pat_17_image_2097.jpg,17,1,0.862732,0.8692569
pat_17_image_2098.jpg,17,1,0.7600475,0.7063859
pat_17_image_2099.jpg,17,1,0.32943487,0.31467918
pat_17_image_2100.jpg,17,1,0.58871496,0.59319156
pat_17_image_2101.jpg,17,1,0.61969995,0.58820575
pat_17_image_2102.jpg,17,1,0.5165863,0.462199
pat_17_image_2103.jpg,17,1,0.52435255,0.49992812
pat_17_image_2104.jpg,17,1,0.4851671,0.46909866
pat_17_image_2105.jpg,17,1,0.35904005,0.3319946
pat_17_image_2106.jpg,17,1,0.4975569,0.45777544
pat_17_image_2107.jpg,17,1,0.39698333,0.37402207
pat_17_image_2108.jpg,17,1,0.75253004,0.74644756
pat_17_image_2109.jpg,17,1,0.89574116,0.8853375
pat_17_image_2110.jpg,17,1,0.55250555,0.5407958
pat_17_image_2111.jpg,17,1,0.7790204,0.7441492
pat_17_image_2112.jpg,17,1,0.4242611,0.3960044
pat_17_image_2113.jpg,17,1,0.646488,0.5603091
pat_17_image_2114.jpg,17,1,0.53050774,0.50531346
pat_17_image_2115.jpg,17,1,0.3815411,0.39132255
pat_17_image_2116.jpg,17,1,0.6713353,0.67436713
pat_17_image_2117.jpg,17,1,0.8298732,0.8231917
pat_17_image_2118.jpg,17,1,0.8860525,0.8839806
pat_17_image_2119.jpg,17,1,0.48159233,0.44112596
pat_17_image_2120.jpg,17,1,0.72010094,0.7158793
pat_17_image_2121.jpg,17,1,0.78228456,0.76853573
pat_17_image_2122.jpg,17,1,0.62059176,0.604417
pat_17_image_2123.jpg,17,1,0.5888235,0.58672327
pat_17_image_2124.jpg,17,1,0.4810135,0.48673347
pat_17_image_2125.jpg,17,1,0.28297225,0.2985762
pat_17_image_2126.jpg,17,1,0.25728863,0.19667587
pat_17_image_2127.jpg,17,1,0.789213,0.7392385
pat_17_image_2128.jpg,17,1,0.86855286,0.8532582
pat_17_image_2129.jpg,17,1,0.8053634,0.79577756
pat_17_image_2130.jpg,17,1,0.371747,0.37338248
pat_17_image_2131.jpg,17,1,0.62504023,0.5607877
pat_17_image_2132.jpg,17,1,0.11301731,0.09838175
pat_17_image_2133.jpg,17,1,0.4600652,0.46760565
pat_17_image_2134.jpg,17,1,0.41743815,0.41592258
pat_17_image_2135.jpg,17,1,0.38478783,0.39131257
pat_17_image_2136.jpg,17,1,0.22320332,0.19867434
pat_17_image_2137.jpg,17,1,0.35076576,0.2808146
pat_17_image_2138.jpg,17,1,0.7406955,0.7150923
pat_17_image_2139.jpg,17,1,0.785237,0.78983957
pat_17_image_2140.jpg,17,1,0.61039424,0.52199584
pat_17_image_2141.jpg,17,1,0.6681181,0.59093446
pat_17_image_2142.jpg,17,1,0.4438928,0.37053522
pat_17_image_2143.jpg,17,1,0.1422552,0.13868064
pat_17_image_2144.jpg,17,1,0.37652317,0.40689933
pat_17_image_2145.jpg,17,1,0.36418426,0.38962314
pat_17_image_2146.jpg,17,1,0.37124717,0.39686316
pat_17_image_2147.jpg,17,1,0.9175269,0.8970405
pat_17_image_2148.jpg,17,1,0.1796942,0.18878257
pat_17_image_2149.jpg,17,1,0.5030669,0.47251847
pat_17_image_2150.jpg,17,1,0.1868703,0.1750462
pat_17_image_2151.jpg,17,1,0.8160919,0.80241746
pat_17_image_2152.jpg,17,1,0.36658907,0.33540404
pat_17_image_2153.jpg,17,1,0.6275402,0.581154
pat_17_image_2154.jpg,17,1,0.30864185,0.3004467
pat_17_image_2155.jpg,17,1,0.48246825,0.4731744
pat_17_image_2156.jpg,17,1,0.7812364,0.7335372
pat_17_image_2157.jpg,17,1,0.66555536,0.6111397
pat_17_image_2158.jpg,17,1,0.52480793,0.50501305
pat_17_image_2159.jpg,17,1,0.8416325,0.8062036
pat_17_image_2160.jpg,17,1,0.48308495,0.45501938
pat_17_image_2161.jpg,17,1,0.65228933,0.6404628
pat_17_image_2162.jpg,17,1,0.65257525,0.67462784
pat_17_image_2163.jpg,17,1,0.65481836,0.6593387
pat_17_image_2164.jpg,17,1,0.5061522,0.46603975
pat_17_image_2165.jpg,17,1,0.57654953,0.49143013
pat_17_image_2166.jpg,17,1,0.14127128,0.11163901
pat_17_image_2167.jpg,17,1,0.33872056,0.3360949
pat_17_image_2168.jpg,17,1,0.891854,0.88681966
pat_17_image_2169.jpg,17,1,0.6813109,0.64148176
pat_17_image_2170.jpg,17,1,0.5360463,0.5032663
pat_17_image_2171.jpg,17,1,0.7801524,0.74549633
pat_17_image_2172.jpg,17,1,0.5174641,0.5047229
pat_17_image_2173.jpg,17,1,0.85678774,0.87089384
pat_17_image_2174.jpg,17,1,0.16971041,0.17107084
pat_17_image_2175.jpg,17,1,0.2029895,0.219173
pat_17_image_2176.jpg,17,1,0.56299245,0.59887606
pat_17_image_2177.jpg,17,1,0.26756808,0.25926453
pat_17_image_2178.jpg,17,1,0.7401788,0.76985514
pat_17_image_2179.jpg,17,1,0.57146686,0.54670835
pat_17_image_2180.jpg,17,1,0.38033617,0.31694734
pat_17_image_2181.jpg,17,1,0.6954069,0.69567573
pat_17_image_2182.jpg,17,1,0.7161417,0.6769848
pat_17_image_2183.jpg,17,1,0.7893997,0.7779195
pat_17_image_2184.jpg,17,1,0.93278456,0.9257217
pat_17_image_2185.jpg,17,1,0.5494162,0.5267823
pat_17_image_2186.jpg,17,1,0.93657184,0.93748957
pat_17_image_2187.jpg,17,1,0.70401514,0.6883837
pat_17_image_2188.jpg,17,1,0.88558376,0.8805905
pat_17_image_2189.jpg,17,1,0.8303864,0.8269202
pat_17_image_2190.jpg,17,1,0.62427384,0.57609934
pat_17_image_2191.jpg,17,1,0.8978278,0.89333093
pat_17_image_2192.jpg,17,1,0.63998175,0.6174978
pat_17_image_2193.jpg,17,1,0.7769503,0.76958966
pat_17_image_2194.jpg,17,1,0.7458032,0.69415784
pat_17_image_2195.jpg,17,1,0.3987582,0.36029226
pat_17_image_2196.jpg,17,1,0.4063568,0.37163463
pat_17_image_2197.jpg,17,1,0.93515545,0.9342479
pat_17_image_2198.jpg,17,1,0.8399887,0.82756877
pat_17_image_2199.jpg,17,1,0.71503556,0.7227674
pat_17_image_2200.jpg,17,1,0.4547552,0.45156
pat_17_image_2201.jpg,17,1,0.40832686,0.39315078
pat_17_image_2202.jpg,17,1,0.6848713,0.6457057
pat_17_image_2203.jpg,17,1,0.53375465,0.5644139
pat_17_image_2204.jpg,17,1,0.6438395,0.63526255
pat_17_image_2205.jpg,17,1,0.8235953,0.81522214
pat_17_image_2206.jpg,17,1,0.39892542,0.3696494
pat_17_image_2207.jpg,17,1,0.6080491,0.6136284
pat_17_image_2208.jpg,17,1,0.9003367,0.87696016
pat_17_image_2209.jpg,17,1,0.763581,0.7802932
pat_17_image_2210.jpg,17,1,0.4020784,0.37753266
pat_17_image_2211.jpg,17,1,0.74848926,0.6926663
pat_17_image_2212.jpg,17,1,0.5997979,0.554095
pat_17_image_2213.jpg,17,1,0.2733618,0.2405701
pat_17_image_2214.jpg,17,1,0.2626376,0.19959696
pat_17_image_2215.jpg,17,1,0.79972786,0.8063482
pat_17_image_2216.jpg,17,1,0.1648253,0.16855033
pat_17_image_2217.jpg,17,1,0.6018405,0.5583994
pat_17_image_2218.jpg,17,1,0.24366109,0.22355853
pat_17_image_2219.jpg,17,1,0.17870374,0.18559556
pat_17_image_2220.jpg,17,1,0.48799336,0.48450908
pat_17_image_2221.jpg,17,1,0.3587861,0.3393056
pat_17_image_2222.jpg,17,1,0.7642595,0.81375515
pat_17_image_2223.jpg,17,1,0.44668782,0.4605623
pat_17_image_2224.jpg,17,1,0.7857073,0.7810574
pat_17_image_2225.jpg,17,1,0.37251893,0.40210846
pat_17_image_2226.jpg,17,1,0.35118774,0.2986574
pat_17_image_2227.jpg,17,1,0.8296941,0.82155055
pat_17_image_2228.jpg,17,1,0.91789925,0.9199888
pat_17_image_2229.jpg,17,1,0.5993064,0.5960154
pat_17_image_2230.jpg,17,1,0.8732159,0.8655319
pat_17_image_2231.jpg,17,1,0.9080036,0.9035222
pat_17_image_2232.jpg,17,1,0.5948307,0.63053834
pat_17_image_2233.jpg,17,1,0.69828534,0.7407814
pat_17_image_2234.jpg,17,1,0.89670473,0.8870721
pat_17_image_2235.jpg,17,1,0.33726034,0.36665836
pat_17_image_2236.jpg,17,1,0.8134703,0.8179493
pat_17_image_2237.jpg,17,1,0.732219,0.74098015
pat_17_image_2238.jpg,17,1,0.46231738,0.4317516
pat_17_image_2239.jpg,17,1,0.821773,0.82458806
pat_17_image_2240.jpg,17,1,0.569435,0.5718909
pat_17_image_2241.jpg,17,1,0.34396863,0.41857687
pat_17_image_2242.jpg,17,1,0.68920356,0.6616976
pat_17_image_2243.jpg,17,1,0.12925643,0.12523715
pat_17_image_2244.jpg,17,1,0.76287436,0.7542642
pat_17_image_2245.jpg,17,1,0.3598168,0.35018918
pat_17_image_2246.jpg,17,1,0.90936947,0.91214234
pat_17_image_2247.jpg,17,1,0.5205801,0.4553991
pat_17_image_2248.jpg,17,1,0.22982462,0.24981247
pat_17_image_2249.jpg,17,1,0.913052,0.9086893
pat_17_image_2250.jpg,17,1,0.811762,0.8116576
pat_17_image_2251.jpg,17,1,0.91093767,0.89103293
pat_17_image_2252.jpg,17,1,0.670346,0.64200544
pat_17_image_2253.jpg,17,1,0.47848207,0.4241107
pat_17_image_2254.jpg,17,1,0.53445053,0.5216062
pat_17_image_2255.jpg,17,1,0.6282688,0.62495196
pat_17_image_2256.jpg,17,1,0.4667143,0.4759002
pat_17_image_2257.jpg,17,1,0.49638626,0.48720083
pat_17_image_2258.jpg,17,1,0.70174927,0.6569034
pat_17_image_2259.jpg,17,1,0.95917994,0.9596126
pat_17_image_2260.jpg,17,1,0.8167462,0.8128649
pat_17_image_2261.jpg,17,1,0.8124127,0.7645175
pat_17_image_2262.jpg,17,1,0.6142354,0.64825016
pat_17_image_2263.jpg,17,1,0.6127207,0.5610559
pat_17_image_2264.jpg,17,1,0.1563129,0.18786281
pat_17_image_2265.jpg,17,1,0.16226408,0.15167798
pat_17_image_2266.jpg,17,1,0.2494624,0.26391947
pat_17_image_2267.jpg,17,1,0.40295526,0.36623242
pat_17_image_2268.jpg,17,1,0.22684072,0.18934765
pat_17_image_2269.jpg,17,1,0.62831753,0.62884223
pat_17_image_2270.jpg,17,1,0.24350893,0.24898738
pat_17_image_2271.jpg,17,1,0.7547968,0.7325977
pat_17_image_2272.jpg,17,1,0.65957934,0.62947065
pat_17_image_2273.jpg,17,1,0.82913876,0.8079217
pat_17_image_2274.jpg,17,1,0.33819583,0.35082117
pat_17_image_2275.jpg,17,1,0.4587627,0.37059024
pat_17_image_2276.jpg,17,1,0.083568715,0.08766092
pat_17_image_2277.jpg,17,1,0.82521707,0.83700573
pat_17_image_2278.jpg,17,1,0.5534301,0.45935446
pat_17_image_2279.jpg,17,1,0.9282076,0.930194
pat_17_image_2280.jpg,17,1,0.7818852,0.7470171
pat_17_image_2281.jpg,17,1,0.4109383,0.4268485
pat_17_image_2282.jpg,17,1,0.82085574,0.8369203
pat_17_image_2283.jpg,17,1,0.4623065,0.43625203
pat_17_image_2284.jpg,17,1,0.65645134,0.69555044
pat_17_image_2285.jpg,17,1,0.8946649,0.8996924
pat_17_image_2286.jpg,17,1,0.46184087,0.44348654
pat_17_image_2287.jpg,17,1,0.835441,0.83064383
pat_17_image_2288.jpg,17,1,0.63983643,0.6448923
pat_17_image_2289.jpg,17,1,0.62057936,0.67292935
pat_17_image_2290.jpg,17,1,0.7415907,0.759795
pat_17_image_2291.jpg,17,1,0.9416409,0.9383768
pat_17_image_2292.jpg,17,1,0.5704892,0.6153111
pat_17_image_2293.jpg,17,1,0.45646387,0.51804346
pat_17_image_2294.jpg,17,1,0.6663453,0.68747765
pat_17_image_2295.jpg,17,1,0.582234,0.5753903
pat_17_image_2296.jpg,17,1,0.5291136,0.5885589
pat_17_image_2297.jpg,17,1,0.85631543,0.8733148
pat_17_image_2298.jpg,17,1,0.78304356,0.8166031
pat_17_image_2299.jpg,17,1,0.7694155,0.8165728
pat_17_image_2300.jpg,17,1,0.7495899,0.7685862
pat_17_image_2301.jpg,17,1,0.55966586,0.6260687
pat_17_image_2302.jpg,17,1,0.6345798,0.6822755
pat_17_image_2303.jpg,17,1,0.72537136,0.74317634
pat_17_image_2304.jpg,17,1,0.890343,0.91398895
pat_17_image_2305.jpg,17,1,0.6380893,0.60291517
pat_17_image_2306.jpg,17,1,0.60021317,0.6370315
pat_17_image_2307.jpg,17,1,0.7297561,0.7642962
pat_17_image_2308.jpg,17,1,0.7055901,0.7460708
pat_17_image_2309.jpg,17,1,0.8495519,0.87743616
pat_17_image_2310.jpg,17,1,0.84616846,0.8529259
pat_17_image_2311.jpg,17,1,0.7753587,0.7978668
pat_17_image_2312.jpg,17,1,0.71144485,0.7429493
pat_17_image_2313.jpg,17,1,0.82356983,0.8372422
pat_17_image_2314.jpg,17,1,0.43782085,0.45730564
pat_17_image_2315.jpg,17,1,0.8473723,0.8429
pat_17_image_2316.jpg,17,1,0.70918983,0.7101995
pat_17_image_2317.jpg,17,1,0.8866676,0.9016972
pat_17_image_2318.jpg,17,1,0.85121614,0.8421616
pat_17_image_2319.jpg,17,1,0.6004938,0.6590082
pat_17_image_2320.jpg,17,1,0.8722083,0.8894002
pat_17_image_2321.jpg,17,1,0.90038407,0.9234538
pat_17_image_2322.jpg,17,1,0.71473616,0.7598469
pat_17_image_2323.jpg,17,1,0.5765953,0.6021315
pat_17_image_2324.jpg,17,1,0.8543777,0.87559545
pat_17_image_2325.jpg,17,1,0.6049815,0.6412808
pat_17_image_2326.jpg,17,1,0.46809474,0.5093478
pat_17_image_2327.jpg,17,1,0.82282907,0.84321356
pat_17_image_2328.jpg,17,1,0.76392984,0.7578599
pat_17_image_2329.jpg,17,1,0.4722591,0.47555277
pat_17_image_2330.jpg,17,1,0.1316646,0.12240382
pat_17_image_2331.jpg,17,1,0.54511636,0.5284021
pat_17_image_2332.jpg,17,1,0.78893214,0.8108079
pat_17_image_2333.jpg,17,1,0.5812358,0.52475655
pat_17_image_2334.jpg,17,1,0.6529122,0.63005334
pat_17_image_2335.jpg,17,1,0.44785458,0.45784536
pat_17_image_2336.jpg,17,1,0.8582037,0.83646536
pat_17_image_2337.jpg,17,1,0.5574122,0.46764725
pat_17_image_2338.jpg,17,1,0.5419114,0.5414689
pat_17_image_2339.jpg,17,1,0.86588705,0.87010723
pat_17_image_2340.jpg,17,1,0.6061373,0.5525128
pat_17_image_2341.jpg,17,1,0.38130158,0.37199274
pat_17_image_2342.jpg,17,1,0.4873933,0.43946922
pat_17_image_2343.jpg,17,1,0.8097962,0.7789384
pat_17_image_2344.jpg,17,1,0.36787,0.37818536
pat_17_image_2345.jpg,17,1,0.71913576,0.7491384
pat_17_image_2346.jpg,17,1,0.2924369,0.2494142
pat_17_image_2347.jpg,17,1,0.44436464,0.42129624
pat_17_image_2348.jpg,17,1,0.2787426,0.2499766
pat_17_image_2349.jpg,17,1,0.70051277,0.70547295
pat_17_image_2350.jpg,17,1,0.2288099,0.25335535
pat_17_image_2351.jpg,17,1,0.6028686,0.64467335
pat_17_image_2352.jpg,17,1,0.90896195,0.91275716
pat_17_image_2353.jpg,17,1,0.9266232,0.9363759
pat_17_image_2354.jpg,17,1,0.5398945,0.5552031
pat_17_image_2355.jpg,17,1,0.86746293,0.8601008
pat_17_image_2356.jpg,17,1,0.63763714,0.65708846
pat_17_image_2357.jpg,17,1,0.52214354,0.55351514
pat_17_image_2358.jpg,17,1,0.86423445,0.85132456
pat_17_image_2359.jpg,17,1,0.7642423,0.7476669
pat_17_image_2360.jpg,17,1,0.5897491,0.5342249
pat_17_image_2361.jpg,17,1,0.6136758,0.6070745
pat_17_image_2362.jpg,17,1,0.3273247,0.29054773
pat_17_image_2363.jpg,17,1,0.55231166,0.5679078
pat_17_image_2364.jpg,17,1,0.5272768,0.48866698
pat_17_image_2365.jpg,17,1,0.51331556,0.4733861
pat_17_image_2366.jpg,17,1,0.60997534,0.6192104
pat_17_image_2367.jpg,17,1,0.59939253,0.6413352
pat_17_image_2368.jpg,17,1,0.30979052,0.3038801
pat_17_image_2369.jpg,17,1,0.7006597,0.6626547
pat_17_image_2370.jpg,17,1,0.5968181,0.58734226
pat_17_image_2371.jpg,17,1,0.40908504,0.39534307
pat_17_image_2372.jpg,17,1,0.6543061,0.6378289
pat_17_image_2373.jpg,17,1,0.67504346,0.69332945
pat_17_image_2374.jpg,17,1,0.7438826,0.73492616
pat_17_image_2375.jpg,17,1,0.6578924,0.6259737
pat_17_image_2376.jpg,17,1,0.18621358,0.1789192
pat_17_image_2377.jpg,17,1,0.77244514,0.773311
pat_17_image_2378.jpg,17,1,0.81483793,0.8011188
pat_17_image_2379.jpg,17,1,0.7389371,0.72067773
pat_17_image_2380.jpg,17,1,0.30586302,0.29551077
pat_17_image_2381.jpg,17,1,0.7022951,0.69275695
pat_17_image_2382.jpg,17,1,0.8429468,0.8581922
pat_17_image_2383.jpg,17,1,0.2631643,0.26505905
pat_17_image_2384.jpg,17,1,0.66875124,0.67502594
pat_17_image_2385.jpg,17,1,0.8892023,0.8975514
pat_17_image_2386.jpg,17,1,0.8547881,0.8537347
pat_17_image_2387.jpg,17,1,0.25525555,0.23953477
pat_17_image_2388.jpg,17,1,0.237991,0.2410371
pat_17_image_2389.jpg,17,1,0.29611772,0.3027132
pat_17_image_2390.jpg,17,1,0.7183702,0.72709155
pat_17_image_2391.jpg,17,1,0.30140966,0.3162656
pat_17_image_2392.jpg,17,1,0.7909476,0.8092129
pat_17_image_2393.jpg,17,1,0.50098467,0.5231259
pat_17_image_2394.jpg,17,1,0.89536417,0.8946606
pat_17_image_2395.jpg,17,1,0.9585988,0.9616588
pat_17_image_2396.jpg,17,1,0.6627688,0.65714115
pat_17_image_2397.jpg,17,1,0.7645232,0.8192525
pat_17_image_2398.jpg,17,1,0.9065958,0.90019387
pat_17_image_2399.jpg,17,1,0.9262981,0.93962
pat_17_image_2400.jpg,17,1,0.43767315,0.38219884
pat_17_image_2401.jpg,17,1,0.59338516,0.597568
pat_17_image_2402.jpg,17,1,0.33360958,0.3256339
pat_17_image_2403.jpg,17,1,0.5093378,0.50144726
pat_17_image_2404.jpg,17,1,0.5382573,0.57902104
pat_17_image_2405.jpg,17,1,0.59248346,0.62447435
pat_17_image_2406.jpg,17,1,0.5149569,0.5353296
pat_17_image_2407.jpg,17,1,0.37146923,0.3687454
pat_17_image_2408.jpg,17,1,0.63859576,0.6469212
pat_17_image_2409.jpg,17,1,0.77780414,0.79250824
pat_17_image_2410.jpg,17,1,0.7151211,0.7074527
pat_17_image_2411.jpg,17,1,0.67902416,0.70547855
pat_17_image_2412.jpg,17,1,0.70774525,0.7139618
pat_17_image_2413.jpg,17,1,0.85493606,0.85835403
pat_17_image_2414.jpg,17,1,0.64395523,0.68092877
pat_17_image_2415.jpg,17,1,0.5477409,0.554152
pat_17_image_2416.jpg,17,1,0.73753875,0.7483071
pat_17_image_2417.jpg,17,1,0.45312357,0.4474728
pat_17_image_2418.jpg,17,1,0.42671987,0.4290152
pat_17_image_2419.jpg,17,1,0.8837299,0.9062648
pat_17_image_2420.jpg,17,1,0.41898036,0.41552314
pat_17_image_2421.jpg,17,1,0.8214886,0.8296237
pat_17_image_2422.jpg,17,1,0.63634604,0.65356886
pat_17_image_2423.jpg,17,1,0.8324861,0.85461414
pat_17_image_2424.jpg,17,1,0.7860423,0.81217986
pat_17_image_2425.jpg,17,1,0.49922213,0.5089176
pat_17_image_2426.jpg,17,1,0.31883508,0.36032507
pat_17_image_2427.jpg,17,1,0.7969705,0.8064575
pat_17_image_2428.jpg,17,1,0.80764,0.80471915
pat_17_image_2429.jpg,17,1,0.9333891,0.9306664
pat_17_image_2430.jpg,17,1,0.90103066,0.897646
pat_17_image_2431.jpg,17,1,0.49233902,0.5375355
pat_17_image_2432.jpg,17,1,0.63001424,0.63639104
pat_17_image_2433.jpg,17,1,0.80108887,0.78699565
pat_17_image_2434.jpg,17,1,0.8815764,0.875799
pat_17_image_2435.jpg,17,1,0.6799492,0.71419984
pat_17_image_2436.jpg,17,1,0.8848554,0.89855516
pat_17_image_2437.jpg,17,1,0.6056535,0.6029916
pat_17_image_2438.jpg,17,1,0.38827068,0.397361
pat_17_image_2439.jpg,17,1,0.794063,0.8255954
pat_17_image_2440.jpg,17,1,0.42207852,0.41317648
pat_17_image_2441.jpg,17,1,0.35468006,0.39961055
pat_17_image_2442.jpg,17,1,0.3748547,0.35594073
pat_17_image_2443.jpg,17,1,0.7817918,0.81033593
pat_17_image_2444.jpg,17,1,0.8704504,0.8804082
pat_17_image_2445.jpg,17,1,0.62269694,0.6583834
pat_17_image_2446.jpg,17,1,0.8369392,0.83686703
pat_17_image_2447.jpg,17,1,0.8229687,0.8428898
pat_17_image_2448.jpg,17,1,0.7446608,0.6957915
pat_17_image_2449.jpg,17,1,0.79131913,0.7993164
pat_17_image_2450.jpg,17,1,0.85834223,0.8595467
pat_17_image_2451.jpg,17,1,0.77409697,0.7558745
pat_17_image_2452.jpg,17,1,0.69180167,0.6553074
pat_17_image_2453.jpg,17,1,0.5131485,0.5368569
pat_17_image_2454.jpg,17,1,0.35274643,0.3539039
pat_17_image_2455.jpg,17,1,0.73813295,0.7193725
pat_17_image_2456.jpg,17,1,0.5908779,0.6182552
pat_17_image_2457.jpg,17,1,0.24639021,0.23059477
pat_17_image_2458.jpg,17,1,0.73707473,0.70927274
pat_17_image_2459.jpg,17,1,0.6674628,0.63779056
pat_17_image_2460.jpg,17,1,0.6545137,0.61867255
pat_17_image_2461.jpg,17,1,0.3564198,0.3395817
pat_17_image_2462.jpg,17,1,0.39225695,0.36824495
pat_17_image_2463.jpg,17,1,0.54077154,0.4972374
pat_17_image_2464.jpg,17,1,0.47613686,0.407832
pat_17_image_2465.jpg,17,1,0.76490206,0.7260724
pat_17_image_2466.jpg,17,1,0.40738136,0.46209723
pat_17_image_2467.jpg,17,1,0.70903337,0.76004636
pat_17_image_2468.jpg,17,1,0.64909226,0.6380885
pat_17_image_2469.jpg,17,1,0.37169293,0.33430743
pat_17_image_2470.jpg,17,1,0.19971311,0.18606894
pat_17_image_2471.jpg,17,1,0.4738503,0.4514474
pat_17_image_2472.jpg,17,1,0.49110472,0.43557498
pat_17_image_2473.jpg,17,1,0.59720266,0.62828887
pat_17_image_2474.jpg,17,1,0.5827603,0.5570392
pat_17_image_2475.jpg,17,1,0.48886228,0.45199433
pat_17_image_2476.jpg,17,1,0.20570445,0.22654863
pat_17_image_2477.jpg,17,1,0.82318336,0.83393717
pat_17_image_2478.jpg,17,1,0.5793923,0.64095724
pat_17_image_2479.jpg,17,1,0.58272755,0.6378243
pat_17_image_2480.jpg,17,1,0.37174866,0.4514167
pat_17_image_2481.jpg,17,1,0.79969096,0.78841037
pat_17_image_2482.jpg,17,1,0.74539125,0.7463215
pat_17_image_2483.jpg,17,1,0.58165,0.633453
pat_17_image_2484.jpg,17,1,0.21320473,0.22960244
pat_17_image_2485.jpg,17,1,0.6907283,0.7302792
pat_17_image_2486.jpg,17,1,0.6229188,0.6205674
pat_17_image_2487.jpg,17,1,0.55950594,0.57092065
pat_17_image_2488.jpg,17,1,0.48060486,0.44337717
pat_17_image_2489.jpg,17,1,0.82817185,0.8534276
pat_17_image_2490.jpg,17,1,0.67211694,0.6640983
pat_17_image_2491.jpg,17,1,0.657009,0.6385473
pat_17_image_2492.jpg,17,1,0.7528702,0.74674064
pat_17_image_2493.jpg,17,1,0.4154011,0.43391317
pat_17_image_2494.jpg,17,1,0.4815588,0.49011767
pat_17_image_2495.jpg,17,1,0.48964968,0.4637406
pat_17_image_2496.jpg,17,1,0.93244624,0.94383
pat_17_image_2497.jpg,17,1,0.34911343,0.35870227
pat_17_image_2498.jpg,17,1,0.6381486,0.54762065
pat_17_image_2499.jpg,17,1,0.5118339,0.501909
pat_17_image_2500.jpg,17,1,0.7588631,0.7523228
pat_17_image_2501.jpg,17,1,0.30055147,0.25938535
pat_17_image_2502.jpg,17,1,0.6764048,0.7091271
pat_17_image_2503.jpg,17,1,0.5877421,0.5316621
pat_17_image_2504.jpg,17,1,0.3119603,0.30951703
pat_17_image_2505.jpg,17,1,0.27365407,0.24295111
pat_17_image_2506.jpg,17,1,0.9448464,0.944429
pat_17_image_2507.jpg,17,1,0.59639645,0.59371495
pat_17_image_2508.jpg,17,1,0.66686136,0.64108944
pat_17_image_2509.jpg,17,1,0.74952984,0.7543953
pat_17_image_2510.jpg,17,1,0.60890526,0.57097065
pat_17_image_2511.jpg,17,1,0.3342013,0.29820478
pat_17_image_2512.jpg,17,1,0.6995474,0.67772216
pat_17_image_2513.jpg,17,1,0.65950745,0.6369224
pat_17_image_2514.jpg,17,1,0.8741476,0.88387275
pat_17_image_2515.jpg,17,1,0.18526858,0.17804283
pat_17_image_2516.jpg,17,1,0.5369708,0.55156153
pat_17_image_2517.jpg,17,1,0.62006265,0.5981626
pat_17_image_2518.jpg,17,1,0.89986885,0.9063618
pat_17_image_2519.jpg,17,1,0.8119479,0.8159277
pat_17_image_2520.jpg,17,1,0.65555984,0.65818775
pat_17_image_2521.jpg,17,1,0.42343584,0.3637888
pat_17_image_2522.jpg,17,1,0.30104697,0.29849508
pat_17_image_2523.jpg,17,1,0.23290887,0.25703526
pat_17_image_2524.jpg,17,1,0.8986651,0.8966053
pat_17_image_2525.jpg,17,1,0.47184554,0.46003968
pat_17_image_2526.jpg,17,1,0.3148753,0.36491266
pat_17_image_2527.jpg,17,1,0.5757929,0.5237807
pat_17_image_2528.jpg,17,1,0.36071625,0.38217437
pat_17_image_2529.jpg,17,1,0.41392422,0.38088816
pat_17_image_2530.jpg,17,1,0.38355026,0.2852549
pat_17_image_2531.jpg,17,1,0.73816663,0.78503865
pat_17_image_2532.jpg,17,1,0.5616092,0.530285
pat_17_image_2533.jpg,17,1,0.40401816,0.41772056
pat_17_image_2534.jpg,17,1,0.7617305,0.7617868
pat_17_image_2535.jpg,17,1,0.88401616,0.8841634
pat_17_image_2536.jpg,17,1,0.33474827,0.31995988
pat_17_image_2537.jpg,17,1,0.91609776,0.91851306
pat_17_image_2538.jpg,17,1,0.81189847,0.79146814
pat_17_image_2539.jpg,17,1,0.42625442,0.3804788
pat_17_image_2540.jpg,17,1,0.73429966,0.72084504
pat_17_image_2541.jpg,17,1,0.3610562,0.36780784
pat_17_image_2542.jpg,17,1,0.20800215,0.20581539
pat_17_image_2543.jpg,17,1,0.17093228,0.15232861
pat_17_image_2544.jpg,17,1,0.6519934,0.6006469
pat_17_image_2545.jpg,17,1,0.49842793,0.54068196
pat_17_image_2546.jpg,17,1,0.7185442,0.70136845
pat_17_image_2547.jpg,17,1,0.9586448,0.96441966
pat_17_image_2548.jpg,17,1,0.7472058,0.7748874
pat_17_image_2549.jpg,17,1,0.43390727,0.45540354
pat_17_image_2550.jpg,17,1,0.5997516,0.57373095
pat_17_image_2551.jpg,17,1,0.5739792,0.5446423
pat_17_image_2552.jpg,17,1,0.22324762,0.22209166
pat_17_image_2553.jpg,17,1,0.30019045,0.27972853
pat_17_image_2554.jpg,17,1,0.33710092,0.3544242
pat_17_image_2555.jpg,17,1,0.81179476,0.84657353
pat_17_image_2556.jpg,17,1,0.6706723,0.6296701
pat_17_image_2557.jpg,17,1,0.2769004,0.25653756
pat_17_image_2558.jpg,17,1,0.83706564,0.83447456
pat_17_image_2559.jpg,17,1,0.4411254,0.3924467
pat_17_image_2560.jpg,17,1,0.42830646,0.44590542
pat_17_image_2561.jpg,17,1,0.6799048,0.6554118
pat_17_image_2562.jpg,17,1,0.7270047,0.711456
pat_17_image_2563.jpg,17,1,0.9108381,0.9279341
pat_17_image_2564.jpg,17,1,0.9140989,0.9101779
pat_17_image_2565.jpg,17,1,0.58687335,0.64042276
pat_17_image_2566.jpg,17,1,0.9258397,0.93763566
pat_17_image_2567.jpg,17,1,0.87255985,0.89698774
pat_17_image_2568.jpg,17,1,0.888381,0.89993477
pat_17_image_2569.jpg,17,1,0.79942423,0.81083345
pat_17_image_2570.jpg,17,1,0.86709577,0.8754108
pat_17_image_2571.jpg,17,1,0.85139346,0.8692862
pat_17_image_2572.jpg,17,1,0.8007033,0.8206909
pat_17_image_2573.jpg,17,1,0.8274996,0.8477013
pat_17_image_2574.jpg,17,1,0.9152783,0.91291857
pat_17_image_2575.jpg,17,1,0.89303696,0.9130842
pat_17_image_2576.jpg,17,1,0.9201426,0.9378846
pat_17_image_2577.jpg,17,1,0.7336534,0.7851654
pat_17_image_2578.jpg,17,1,0.70648926,0.70210385
pat_17_image_2579.jpg,17,1,0.74802846,0.8148684
pat_17_image_2580.jpg,17,1,0.39166263,0.32013172
pat_17_image_2581.jpg,17,1,0.44085592,0.4556433
pat_17_image_2582.jpg,17,1,0.7086252,0.6320026
pat_17_image_2583.jpg,17,1,0.39181885,0.41184205
pat_17_image_2584.jpg,17,1,0.89083314,0.8287361
pat_17_image_2585.jpg,17,1,0.4025254,0.41813672
pat_17_image_2586.jpg,17,1,0.4406636,0.47471955
pat_17_image_2587.jpg,17,1,0.7114386,0.7154891
pat_17_image_2588.jpg,17,1,0.4296261,0.39859316
pat_17_image_2589.jpg,17,1,0.1776552,0.1749547
pat_17_image_2590.jpg,17,1,0.62508893,0.60414344
pat_17_image_2591.jpg,17,1,0.81709754,0.79211223
pat_17_image_2592.jpg,17,1,0.9195803,0.91269696
pat_17_image_2593.jpg,17,1,0.72480786,0.73720086
pat_17_image_2594.jpg,17,1,0.1467297,0.15167108
pat_17_image_2595.jpg,17,1,0.22077397,0.21929403
pat_17_image_2596.jpg,17,1,0.73721737,0.6922789
pat_17_image_2597.jpg,17,1,0.7202387,0.7107572
pat_17_image_2598.jpg,17,1,0.5510198,0.51653075
pat_17_image_2599.jpg,17,1,0.53584164,0.59730434
pat_17_image_2600.jpg,17,1,0.81237257,0.85505337
pat_17_image_2601.jpg,17,1,0.57955664,0.6438626
pat_17_image_2602.jpg,17,1,0.60280067,0.5668172
pat_17_image_2603.jpg,17,1,0.64267844,0.64934057
pat_17_image_2604.jpg,17,1,0.8109275,0.8280649
pat_17_image_2605.jpg,17,1,0.60475236,0.6214022
pat_17_image_2606.jpg,17,1,0.4582561,0.4862522
pat_17_image_2607.jpg,17,1,0.95751524,0.9575681
pat_17_image_2608.jpg,17,1,0.7341753,0.72113985
pat_17_image_2609.jpg,17,1,0.7832943,0.80986065
pat_17_image_2610.jpg,17,1,0.3711644,0.41186008
pat_17_image_2611.jpg,17,1,0.784128,0.8143309
pat_17_image_2612.jpg,17,1,0.35061187,0.39932624
pat_17_image_2613.jpg,17,1,0.86630243,0.868237
pat_17_image_2614.jpg,17,1,0.5918511,0.56159306
pat_17_image_2615.jpg,17,1,0.30821085,0.3200912
pat_17_image_2616.jpg,17,1,0.40228865,0.40319952
pat_17_image_2617.jpg,17,1,0.87338257,0.8370819
pat_17_image_2618.jpg,17,1,0.21826899,0.2169664
pat_17_image_2619.jpg,17,1,0.4010613,0.40859395
pat_17_image_2620.jpg,17,1,0.29810175,0.3092402
pat_17_image_2621.jpg,17,1,0.16956128,0.16677424
pat_17_image_2622.jpg,17,1,0.5143042,0.4748771
pat_17_image_2623.jpg,17,1,0.59439206,0.562513
pat_17_image_2624.jpg,17,1,0.41034865,0.3933831
pat_17_image_2625.jpg,17,1,0.5796839,0.6127346
pat_17_image_2626.jpg,17,1,0.50762427,0.46475565
pat_17_image_2627.jpg,17,1,0.6332155,0.5750307
pat_17_image_2628.jpg,17,1,0.5047926,0.45412952
pat_17_image_2629.jpg,17,1,0.28314126,0.287779
pat_17_image_2630.jpg,17,1,0.6718691,0.6437873
pat_17_image_2631.jpg,17,1,0.7734765,0.74443185
pat_17_image_2632.jpg,17,1,0.46913162,0.48472184
pat_17_image_2633.jpg,17,1,0.49927905,0.42204368
pat_17_image_2634.jpg,17,1,0.46218693,0.44091153
pat_17_image_2635.jpg,17,1,0.80469406,0.76879174
pat_17_image_2636.jpg,17,1,0.7574522,0.735366
pat_17_image_2637.jpg,17,1,0.6237702,0.6078068
pat_17_image_2638.jpg,17,1,0.58339787,0.5842598
pat_17_image_2639.jpg,17,1,0.93824977,0.9365483
pat_17_image_2640.jpg,17,1,0.4244788,0.48323032
pat_17_image_2641.jpg,17,1,0.18041421,0.16988245
pat_17_image_2642.jpg,17,1,0.23902246,0.20462024
pat_17_image_2643.jpg,17,1,0.73102254,0.735725
pat_17_image_2644.jpg,17,1,0.6768725,0.6169309
pat_17_image_2645.jpg,17,1,0.5206292,0.47116053
pat_17_image_2646.jpg,17,1,0.7463967,0.72719115
pat_17_image_2647.jpg,17,1,0.5210009,0.49496
pat_17_image_2648.jpg,17,1,0.8454313,0.829523
pat_17_image_2649.jpg,17,1,0.48479974,0.47802314
pat_17_image_2650.jpg,17,1,0.18581381,0.1715944
pat_17_image_2651.jpg,17,1,0.23527499,0.23929836
pat_17_image_2652.jpg,17,1,0.7735501,0.7783812
pat_17_image_2653.jpg,17,1,0.77250177,0.7636317
pat_17_image_2654.jpg,17,1,0.61039954,0.6142731
pat_17_image_2655.jpg,17,1,0.942302,0.94491017
pat_17_image_2656.jpg,17,1,0.6863561,0.61882937
pat_17_image_2657.jpg,17,1,0.63438463,0.5735524
pat_17_image_2658.jpg,17,1,0.45627248,0.45442593
pat_17_image_2659.jpg,17,1,0.40153795,0.3286027
pat_17_image_2660.jpg,17,1,0.86771744,0.86500007
pat_17_image_2661.jpg,17,1,0.7127285,0.66348517
pat_17_image_2662.jpg,17,1,0.49590248,0.5197439
pat_17_image_2663.jpg,17,1,0.8071317,0.84528905
pat_17_image_2664.jpg,17,1,0.69488484,0.7165789
pat_17_image_2665.jpg,17,1,0.40597343,0.34389648
pat_17_image_2666.jpg,17,1,0.56296474,0.6008962
pat_17_image_2667.jpg,17,1,0.92262053,0.92284924
pat_17_image_2668.jpg,17,1,0.6696701,0.68953645
pat_17_image_2669.jpg,17,1,0.91804844,0.9033736
pat_17_image_2670.jpg,17,1,0.8888486,0.877668
pat_17_image_2671.jpg,17,1,0.8118237,0.8237428
pat_17_image_2672.jpg,17,1,0.5590143,0.5621311
pat_17_image_2673.jpg,17,1,0.5598916,0.5634565
pat_17_image_2674.jpg,17,1,0.74380964,0.75892466
pat_17_image_2675.jpg,17,1,0.7451917,0.7677338
pat_17_image_2676.jpg,17,1,0.23865302,0.22938104
pat_17_image_2677.jpg,17,1,0.17885967,0.15980436
pat_17_image_2678.jpg,17,1,0.20018718,0.19937018
pat_17_image_2679.jpg,17,1,0.82675576,0.8089982
pat_17_image_2680.jpg,17,1,0.8952502,0.90509844
pat_17_image_2681.jpg,17,1,0.16655028,0.17395195
pat_17_image_2682.jpg,17,1,0.5061841,0.46507087
pat_17_image_2683.jpg,17,1,0.9038414,0.8880783
pat_17_image_2684.jpg,17,1,0.31077266,0.23215389
pat_17_image_2685.jpg,17,1,0.7735334,0.77338374
pat_17_image_2686.jpg,17,1,0.2917048,0.2794508
pat_17_image_2687.jpg,17,1,0.73073614,0.7428942
pat_17_image_2688.jpg,17,1,0.62498367,0.6113451
pat_17_image_2689.jpg,17,1,0.6899546,0.66165286
pat_17_image_2690.jpg,17,1,0.6985416,0.6914294
pat_17_image_2691.jpg,17,1,0.48009816,0.4573981
pat_17_image_2692.jpg,17,1,0.83748764,0.82841676
pat_17_image_2693.jpg,17,1,0.19792508,0.17941727
pat_17_image_2694.jpg,17,1,0.24907923,0.21505329
pat_17_image_2695.jpg,17,1,0.8317231,0.7867721
pat_17_image_2696.jpg,17,1,0.4488329,0.4422691
pat_17_image_2697.jpg,17,1,0.354741,0.3551366
pat_17_image_2698.jpg,17,1,0.95449,0.9525907
pat_17_image_2699.jpg,17,1,0.56472474,0.5489296
pat_17_image_2700.jpg,17,1,0.61302066,0.6014153
pat_17_image_2701.jpg,17,1,0.47119102,0.43009028
pat_17_image_2702.jpg,17,1,0.9010898,0.89306724
pat_17_image_2703.jpg,17,1,0.9449111,0.9448304
pat_17_image_2704.jpg,17,1,0.40144822,0.41267335
pat_17_image_2705.jpg,17,1,0.7511298,0.7000836
pat_17_image_2706.jpg,17,1,0.50010276,0.40359116
pat_17_image_2707.jpg,17,1,0.58855927,0.5184613
pat_17_image_2708.jpg,17,1,0.39347702,0.3537797
pat_17_image_2709.jpg,17,1,0.2595094,0.22651255
pat_17_image_2710.jpg,17,1,0.58345234,0.5691678
pat_17_image_2711.jpg,17,1,0.79030097,0.78925365
pat_17_image_2712.jpg,17,1,0.84500825,0.84583294
pat_17_image_2713.jpg,17,1,0.4006354,0.38262793
pat_17_image_2714.jpg,17,1,0.6159946,0.6111987
pat_17_image_2715.jpg,17,1,0.58380115,0.60637295
pat_17_image_2716.jpg,17,1,0.8670201,0.85617864
pat_17_image_2717.jpg,17,1,0.6302357,0.65534586
pat_17_image_2718.jpg,17,1,0.6639733,0.61451656
pat_17_image_2719.jpg,17,1,0.73696,0.7585518
pat_17_image_2720.jpg,17,1,0.36339906,0.4008229
pat_17_image_2721.jpg,17,1,0.71327394,0.75279284
pat_17_image_2722.jpg,17,1,0.87682927,0.90082145
pat_17_image_2723.jpg,17,1,0.39624664,0.40566245
pat_17_image_2724.jpg,17,1,0.823779,0.8045467
pat_17_image_2725.jpg,17,1,0.3016024,0.33261347
pat_17_image_2726.jpg,17,1,0.4543388,0.47605646
pat_17_image_2727.jpg,17,1,0.8746817,0.87080413
pat_17_image_2728.jpg,17,1,0.8898038,0.8922485
pat_17_image_2729.jpg,17,1,0.7280693,0.71019197
pat_17_image_2730.jpg,17,1,0.8339983,0.8581635
pat_17_image_2731.jpg,17,1,0.9563311,0.9506132
pat_17_image_2732.jpg,17,1,0.8771497,0.8756731
pat_17_image_2733.jpg,17,1,0.70423776,0.690469
pat_17_image_2734.jpg,17,1,0.7001674,0.664547
pat_17_image_2735.jpg,17,1,0.8028125,0.8240603
pat_17_image_2736.jpg,17,1,0.9031354,0.89758503
pat_17_image_2737.jpg,17,1,0.9249139,0.93143064
pat_17_image_2738.jpg,17,1,0.8870995,0.8958449
pat_17_image_2739.jpg,17,1,0.938199,0.942548
pat_17_image_2740.jpg,17,1,0.86005116,0.87317973
pat_17_image_2741.jpg,17,1,0.73970044,0.76000196
pat_17_image_2742.jpg,17,1,0.71379274,0.71754843
pat_17_image_2743.jpg,17,1,0.4890264,0.49805105
pat_17_image_2744.jpg,17,1,0.8992511,0.90928036
pat_17_image_2745.jpg,17,1,0.57618666,0.6147247
pat_17_image_2746.jpg,17,1,0.49460608,0.5322515
pat_17_image_2747.jpg,17,1,0.8386146,0.82478243
pat_17_image_2748.jpg,17,1,0.5211081,0.5750159
pat_17_image_2749.jpg,17,1,0.42911747,0.46710187
pat_17_image_2750.jpg,17,1,0.29509854,0.350261
pat_17_image_2751.jpg,17,1,0.56976926,0.6150693
pat_17_image_2752.jpg,17,1,0.81276697,0.84432596
pat_17_image_2753.jpg,17,1,0.55670017,0.50646466
pat_17_image_2754.jpg,17,1,0.5167245,0.465254
pat_17_image_2755.jpg,17,1,0.40780765,0.3576559
pat_17_image_2756.jpg,17,1,0.67934126,0.6507179
pat_17_image_2757.jpg,17,1,0.23632398,0.2333563
pat_17_image_2758.jpg,17,1,0.4926253,0.4369856
pat_17_image_2759.jpg,17,1,0.7332528,0.72792906
pat_17_image_2760.jpg,17,1,0.28208938,0.22712159
pat_17_image_2761.jpg,17,1,0.5148663,0.56952053
pat_17_image_2762.jpg,17,1,0.63809323,0.57674265
pat_17_image_2763.jpg,17,1,0.065345265,0.060403693
pat_17_image_2764.jpg,17,1,0.58957005,0.5494039
pat_17_image_2765.jpg,17,1,0.69966155,0.7151181
pat_17_image_2766.jpg,17,1,0.40090308,0.44936085
pat_17_image_2767.jpg,17,1,0.82647926,0.8572889
pat_17_image_2768.jpg,17,1,0.8811411,0.8643398
pat_17_image_2769.jpg,17,1,0.25417876,0.28014463
pat_17_image_2770.jpg,17,1,0.79343563,0.7752182
pat_17_image_2771.jpg,17,1,0.41637856,0.42031878
pat_17_image_2772.jpg,17,1,0.45354065,0.3908332
pat_17_image_2773.jpg,17,1,0.41292763,0.4053657
pat_17_image_2774.jpg,17,1,0.7702117,0.7321042
pat_17_image_2775.jpg,17,1,0.25960532,0.24862696
pat_17_image_2776.jpg,17,1,0.3117003,0.30345008
pat_17_image_2777.jpg,17,1,0.81518584,0.84174293
pat_17_image_2778.jpg,17,1,0.69215024,0.68197954
pat_17_image_2779.jpg,17,1,0.62612975,0.62017685
pat_17_image_2780.jpg,17,1,0.87828875,0.85174775
pat_17_image_2781.jpg,17,1,0.30056036,0.3038009
pat_17_image_2782.jpg,17,1,0.45667598,0.43603098
pat_17_image_2783.jpg,17,1,0.6019935,0.6597223
pat_17_image_2784.jpg,17,1,0.70037466,0.70178974
pat_17_image_2785.jpg,17,1,0.5696457,0.4899693
pat_17_image_2786.jpg,17,1,0.45882463,0.4966237
pat_17_image_2787.jpg,17,1,0.83381283,0.8385114
pat_17_image_2788.jpg,17,1,0.7808785,0.7495316
pat_17_image_2789.jpg,17,1,0.62522864,0.5813474
pat_17_image_2790.jpg,17,1,0.9174409,0.9000839
pat_17_image_2791.jpg,17,1,0.8381634,0.8234926
pat_17_image_2792.jpg,17,1,0.7275672,0.68857944
pat_17_image_2793.jpg,17,1,0.74782974,0.75320774
pat_17_image_2794.jpg,17,1,0.84965414,0.86113775
pat_17_image_2795.jpg,17,1,0.80498785,0.786346
pat_17_image_2796.jpg,17,1,0.18702598,0.16824625
pat_17_image_2797.jpg,17,1,0.46841583,0.43506318
pat_17_image_2798.jpg,17,1,0.42499855,0.47349823
pat_17_image_2799.jpg,17,1,0.82052636,0.8177185
pat_17_image_2800.jpg,17,1,0.48256463,0.5234416
pat_17_image_2801.jpg,17,1,0.72682095,0.7015478
pat_17_image_2802.jpg,17,1,0.3273876,0.29232103
pat_17_image_2803.jpg,17,1,0.7206308,0.6926315
pat_17_image_2804.jpg,17,1,0.87621546,0.85571826
pat_17_image_2805.jpg,17,1,0.9439829,0.9401378
pat_17_image_2806.jpg,17,1,0.24969263,0.24710244
pat_17_image_2807.jpg,17,1,0.14572239,0.13495852
pat_17_image_2808.jpg,17,1,0.95770437,0.96185523
pat_17_image_2809.jpg,17,1,0.61603564,0.6021921
pat_17_image_2810.jpg,17,1,0.9180505,0.9103512
pat_17_image_2811.jpg,17,1,0.30259627,0.3068193
pat_17_image_2812.jpg,17,1,0.66705793,0.694737
pat_17_image_2813.jpg,17,1,0.7628378,0.7763875
pat_17_image_2814.jpg,17,1,0.6504701,0.6499356
pat_17_image_2815.jpg,17,1,0.5852274,0.62472236
pat_17_image_2816.jpg,17,1,0.9042118,0.91354275
pat_17_image_2817.jpg,17,1,0.9176109,0.9249171
pat_17_image_2818.jpg,17,1,0.4758041,0.41476446
pat_17_image_2819.jpg,17,1,0.7145597,0.72336054
pat_17_image_2820.jpg,17,1,0.82629955,0.8543366
pat_17_image_2821.jpg,17,1,0.488195,0.46011588
pat_17_image_2822.jpg,17,1,0.8049455,0.8152034
pat_17_image_2823.jpg,17,1,0.61485434,0.62085545
pat_17_image_2824.jpg,17,1,0.5170118,0.5462561
pat_17_image_2825.jpg,17,1,0.3374119,0.30968097
pat_17_image_2826.jpg,17,1,0.9140504,0.8919708
pat_17_image_2827.jpg,17,1,0.3031915,0.31793097
pat_17_image_2828.jpg,17,1,0.62692493,0.63065904
pat_17_image_2829.jpg,17,1,0.84247774,0.8244204
pat_17_image_2830.jpg,17,1,0.7680687,0.7814088
pat_17_image_2831.jpg,17,1,0.23757543,0.20827956
pat_17_image_2832.jpg,17,1,0.5405386,0.6091487
pat_17_image_2833.jpg,17,1,0.42644274,0.40077004
pat_17_image_2834.jpg,17,1,0.47025552,0.5074209
pat_17_image_2835.jpg,17,1,0.50166255,0.54536
pat_17_image_2836.jpg,17,1,0.20942226,0.2355801
pat_17_image_2837.jpg,17,1,0.46116197,0.48375815
pat_17_image_2838.jpg,17,1,0.68730676,0.6674119
pat_17_image_2839.jpg,17,1,0.7563624,0.73432416
pat_17_image_2840.jpg,17,1,0.6532703,0.66295856
pat_17_image_2841.jpg,17,1,0.53620297,0.5375855
pat_17_image_2842.jpg,17,1,0.56550145,0.5971477
pat_17_image_2843.jpg,17,1,0.51545316,0.54030573
pat_17_image_2844.jpg,17,1,0.78996587,0.7604085
pat_17_image_2845.jpg,17,1,0.60026115,0.67331254
pat_17_image_2846.jpg,17,1,0.35633433,0.3881249
pat_17_image_2847.jpg,17,1,0.6608928,0.67197
pat_17_image_2848.jpg,17,1,0.29982743,0.28489283
pat_17_image_2849.jpg,17,1,0.46193448,0.43364012
pat_17_image_2850.jpg,17,1,0.3324198,0.31219065
pat_17_image_2851.jpg,17,1,0.33670846,0.28440177
pat_17_image_2852.jpg,17,1,0.39561313,0.37307873
pat_17_image_2853.jpg,17,1,0.66801083,0.7000418
pat_17_image_2854.jpg,17,1,0.20281087,0.1766616
pat_17_image_2855.jpg,17,1,0.27909502,0.259476
pat_17_image_2856.jpg,17,1,0.914688,0.9029512
pat_17_image_2857.jpg,17,1,0.8346472,0.83413756
pat_17_image_2858.jpg,17,1,0.8848775,0.8788784
pat_17_image_2859.jpg,17,1,0.66515535,0.6764374
pat_17_image_2860.jpg,17,1,0.7342054,0.7287952
pat_17_image_2861.jpg,17,1,0.45393902,0.49862817
pat_17_image_2862.jpg,17,1,0.46328804,0.47196862
pat_17_image_2863.jpg,17,1,0.6985231,0.7044589
pat_17_image_2864.jpg,17,1,0.8497164,0.8156846
pat_17_image_2865.jpg,17,1,0.321051,0.33285907
pat_17_image_2866.jpg,17,1,0.43196926,0.39846054
pat_17_image_2867.jpg,17,1,0.14659908,0.15828645
pat_17_image_2868.jpg,17,1,0.30497935,0.3218212
pat_17_image_2869.jpg,17,1,0.7994087,0.8143192
pat_17_image_2870.jpg,17,1,0.3624803,0.32576007
pat_17_image_2871.jpg,17,1,0.42754102,0.36756662
pat_17_image_2872.jpg,17,1,0.8833007,0.8771994
pat_17_image_2873.jpg,17,1,0.14109063,0.1317669
pat_17_image_2874.jpg,17,1,0.4123335,0.39932784
pat_17_image_2875.jpg,17,1,0.73928493,0.7535544
pat_17_image_2876.jpg,17,1,0.7820375,0.7849131
pat_17_image_2877.jpg,17,1,0.28609142,0.28678957
pat_17_image_2878.jpg,17,1,0.39833584,0.40359795
pat_17_image_2879.jpg,17,1,0.7832947,0.7690285
pat_17_image_2880.jpg,17,1,0.7398115,0.7238733
pat_17_image_2881.jpg,17,1,0.46617922,0.51775783
pat_17_image_2882.jpg,17,1,0.9767121,0.97598547
pat_17_image_2883.jpg,17,1,0.8143522,0.80255324
pat_17_image_2884.jpg,17,1,0.78373975,0.8147984
pat_17_image_2885.jpg,17,1,0.64488107,0.63569254
pat_17_image_2886.jpg,17,1,0.76618487,0.72880876
pat_17_image_2887.jpg,17,1,0.91821855,0.92214924
pat_17_image_2888.jpg,17,1,0.67799187,0.68213075
pat_17_image_2889.jpg,17,1,0.8420639,0.8448786
pat_17_image_2890.jpg,17,1,0.2188809,0.18051398
pat_17_image_2891.jpg,17,1,0.5966206,0.61089134
pat_17_image_2892.jpg,17,1,0.5827925,0.6100833
pat_17_image_2893.jpg,17,1,0.778163,0.76111454
pat_17_image_2894.jpg,17,1,0.76848567,0.75589913
pat_17_image_2895.jpg,17,1,0.471387,0.450294
pat_17_image_2896.jpg,17,1,0.5168345,0.4900895
pat_17_image_2897.jpg,17,1,0.5222976,0.5187875
pat_17_image_2898.jpg,17,1,0.41002515,0.417036
pat_17_image_2899.jpg,17,1,0.2824746,0.26761165
pat_17_image_2900.jpg,17,1,0.11473962,0.10276488
pat_17_image_2901.jpg,17,1,0.25988618,0.26277038
pat_17_image_2902.jpg,17,1,0.24738888,0.24656796
pat_17_image_2903.jpg,17,1,0.42932418,0.40558565
pat_17_image_2904.jpg,17,1,0.20186733,0.20314153
pat_17_image_2905.jpg,17,1,0.3109496,0.3312878
pat_17_image_2906.jpg,17,1,0.7241725,0.7371348
pat_17_image_2907.jpg,17,1,0.5440976,0.52563757
pat_17_image_2908.jpg,17,1,0.40629098,0.32211164
pat_17_image_2909.jpg,17,1,0.95722896,0.9632974
pat_17_image_2910.jpg,17,1,0.3061046,0.2662475
pat_17_image_2911.jpg,17,1,0.5975049,0.57338345
pat_17_image_2912.jpg,17,1,0.40240744,0.36577022
pat_17_image_2913.jpg,17,1,0.3010846,0.31168598
pat_17_image_2914.jpg,17,1,0.33956113,0.3263898
pat_17_image_2915.jpg,17,1,0.25299606,0.21609601
pat_17_image_2916.jpg,17,1,0.58893996,0.6078972
pat_17_image_2917.jpg,17,1,0.4036538,0.35886616
pat_17_image_2918.jpg,17,1,0.65925074,0.65418786
pat_17_image_2919.jpg,17,1,0.23361775,0.25192806
pat_17_image_2920.jpg,17,1,0.4451928,0.48742843
pat_17_image_2921.jpg,17,1,0.43494236,0.43634224
pat_17_image_2922.jpg,17,1,0.40404505,0.47225654
pat_17_image_2923.jpg,17,1,0.7735725,0.78433925
pat_17_image_2924.jpg,17,1,0.3581839,0.40847367
pat_17_image_2925.jpg,17,1,0.691105,0.7157934
pat_17_image_2926.jpg,17,1,0.32628867,0.3674114
pat_17_image_2927.jpg,17,1,0.7894636,0.77363515
pat_17_image_2928.jpg,17,1,0.5910864,0.6494798
pat_17_image_2929.jpg,17,1,0.58678395,0.6121699
pat_17_image_2930.jpg,17,1,0.70684993,0.70266265
pat_17_image_2931.jpg,17,1,0.6461785,0.6916372
pat_17_image_2932.jpg,17,1,0.8900707,0.911493
pat_17_image_2933.jpg,17,1,0.22676155,0.23960014
pat_17_image_2934.jpg,17,1,0.46857497,0.5013498
pat_17_image_2935.jpg,17,1,0.3109779,0.27615595
pat_17_image_2936.jpg,17,1,0.32959077,0.31926858
pat_17_image_2937.jpg,17,1,0.2384302,0.2637426
pat_17_image_2938.jpg,17,1,0.653837,0.6894967
pat_17_image_2939.jpg,17,1,0.493318,0.5199683
pat_17_image_2940.jpg,17,1,0.4916152,0.4387608
pat_17_image_2941.jpg,17,1,0.3811577,0.36512735
pat_17_image_2942.jpg,17,1,0.6853426,0.687004
pat_17_image_2943.jpg,17,1,0.60969955,0.6394366
pat_17_image_2944.jpg,17,1,0.20973869,0.21680121
pat_17_image_2945.jpg,17,1,0.2500718,0.20737584
pat_17_image_2946.jpg,17,1,0.62362856,0.6490685
pat_17_image_2947.jpg,17,1,0.6093668,0.6616818
pat_17_image_2948.jpg,17,1,0.7697925,0.75890696
pat_17_image_2949.jpg,17,1,0.46554908,0.3771146
pat_17_image_2950.jpg,17,1,0.6446964,0.63866013
pat_17_image_2951.jpg,17,1,0.63559717,0.62187284
pat_17_image_2952.jpg,17,1,0.5635107,0.5475866
pat_17_image_2953.jpg,17,1,0.57910806,0.55151635
pat_17_image_2954.jpg,17,1,0.19510508,0.16605501
pat_17_image_2955.jpg,17,1,0.27421805,0.26463276
pat_17_image_2956.jpg,17,1,0.57773525,0.5349481
pat_17_image_2957.jpg,17,1,0.38843632,0.3653668
pat_17_image_2958.jpg,17,1,0.41210166,0.43306953
pat_17_image_2959.jpg,17,1,0.74898875,0.75263953
pat_17_image_2960.jpg,17,1,0.84983575,0.8572031
pat_17_image_2961.jpg,17,1,0.8643181,0.87736565
pat_17_image_2962.jpg,17,1,0.702101,0.6277318
pat_17_image_2963.jpg,17,1,0.5521499,0.5086428
pat_17_image_2964.jpg,17,1,0.6707442,0.63395876
pat_17_image_2965.jpg,17,1,0.3672597,0.3353468
pat_17_image_2966.jpg,17,1,0.6942855,0.673609
pat_17_image_2967.jpg,17,1,0.5059675,0.44941413
pat_17_image_2968.jpg,17,1,0.84345824,0.8460309
pat_17_image_2969.jpg,17,1,0.6558021,0.6466111
pat_17_image_2970.jpg,17,1,0.5292136,0.46717456
pat_17_image_2971.jpg,17,1,0.72472775,0.69390124
pat_17_image_2972.jpg,17,1,0.306026,0.28511384
pat_17_image_2973.jpg,17,1,0.7993587,0.8110154
pat_17_image_2974.jpg,17,1,0.6198585,0.59482497
pat_17_image_2975.jpg,17,1,0.5267378,0.49200404
pat_17_image_2976.jpg,17,1,0.63255894,0.59308726
pat_17_image_2977.jpg,17,1,0.4844744,0.49363855
pat_17_image_2978.jpg,17,1,0.71029764,0.70022017
pat_17_image_2979.jpg,17,1,0.7898834,0.77654505
pat_17_image_2980.jpg,17,1,0.5487775,0.5697677
pat_17_image_2981.jpg,17,1,0.32060638,0.32243055
pat_17_image_2982.jpg,17,1,0.72222984,0.7040842
pat_17_image_2983.jpg,17,1,0.61986345,0.63479936
pat_17_image_2984.jpg,17,1,0.27268943,0.24264656
pat_17_image_2985.jpg,17,1,0.61630183,0.63746613
pat_17_image_2986.jpg,17,1,0.46140033,0.44042993
pat_17_image_2987.jpg,17,1,0.081534125,0.083725184
pat_17_image_2988.jpg,17,1,0.36565658,0.409807
pat_17_image_2989.jpg,17,1,0.3019753,0.28279698
pat_17_image_2990.jpg,17,1,0.7191207,0.73703504
pat_17_image_2991.jpg,17,1,0.72128415,0.7513483
pat_17_image_2992.jpg,17,1,0.5607097,0.6079805
pat_17_image_2993.jpg,17,1,0.5789274,0.58477956
pat_17_image_2994.jpg,17,1,0.6845193,0.6889519
pat_17_image_2995.jpg,17,1,0.7847777,0.7817165
pat_17_image_2996.jpg,17,1,0.52201194,0.48178735
pat_17_image_2997.jpg,17,1,0.3768213,0.38366318
pat_17_image_2998.jpg,17,1,0.76663893,0.7666692
pat_17_image_2999.jpg,17,1,0.6664679,0.62504286
pat_17_image_3000.jpg,17,1,0.82492584,0.79780334
pat_17_image_3001.jpg,17,1,0.7791574,0.77636755
pat_17_image_3002.jpg,17,1,0.62388074,0.63540167
pat_17_image_3003.jpg,17,1,0.3627049,0.37246826
pat_17_image_3004.jpg,17,1,0.48689693,0.45404094
pat_17_image_3005.jpg,17,1,0.5161972,0.5128644
pat_17_image_3006.jpg,17,1,0.47935823,0.4440353
pat_17_image_3007.jpg,17,1,0.458142,0.40606454
pat_17_image_3008.jpg,17,1,0.8566913,0.83985025
pat_17_image_3009.jpg,17,1,0.44272846,0.51624805
pat_17_image_3010.jpg,17,1,0.8947698,0.87894106
pat_17_image_3011.jpg,17,1,0.8914736,0.8772727
pat_17_image_3012.jpg,17,1,0.6685413,0.6692604
pat_17_image_3013.jpg,17,1,0.8984066,0.90138644
pat_17_image_3014.jpg,17,1,0.8377398,0.84197474
pat_17_image_3015.jpg,17,1,0.8453036,0.8730686
pat_17_image_3016.jpg,17,1,0.8364502,0.85272026
pat_17_image_3017.jpg,17,1,0.81556493,0.8140024
pat_17_image_3018.jpg,17,1,0.8010902,0.8052064
pat_17_image_3019.jpg,17,1,0.91263217,0.9091036
pat_17_image_3020.jpg,17,1,0.6708745,0.69527024
pat_17_image_3021.jpg,17,1,0.5109663,0.53660905
pat_17_image_3022.jpg,17,1,0.3782904,0.4544612
pat_17_image_3023.jpg,17,1,0.82619154,0.8343729
pat_17_image_3024.jpg,17,1,0.7493624,0.7649451
pat_17_image_3025.jpg,17,1,0.8676424,0.86757565
pat_17_image_3026.jpg,17,1,0.29380164,0.315782
pat_17_image_3027.jpg,17,1,0.28942788,0.3137677
pat_17_image_3028.jpg,17,1,0.64500016,0.62352645
pat_17_image_3029.jpg,17,1,0.9385868,0.9399423
pat_17_image_3030.jpg,17,1,0.4893705,0.5212501
pat_17_image_3031.jpg,17,1,0.90322495,0.8988475
pat_17_image_3032.jpg,17,1,0.7274771,0.7439858
pat_17_image_3033.jpg,17,1,0.6094463,0.6413517
pat_17_image_3034.jpg,17,1,0.61232144,0.6093627
pat_17_image_3035.jpg,17,1,0.41679204,0.435179
pat_17_image_3036.jpg,17,1,0.3242514,0.3301866
pat_17_image_3037.jpg,17,1,0.783982,0.80330616
pat_17_image_3038.jpg,17,1,0.26680702,0.24747708
pat_17_image_3039.jpg,17,1,0.38768643,0.39712283
pat_17_image_3040.jpg,17,1,0.75158745,0.77661735
pat_17_image_3041.jpg,17,1,0.5031541,0.49209917
pat_17_image_3042.jpg,17,1,0.57548624,0.60922927
pat_17_image_3043.jpg,17,1,0.46861768,0.45623952
pat_17_image_3044.jpg,17,1,0.83289933,0.8571163
pat_17_image_3045.jpg,17,1,0.32431075,0.31117517
pat_17_image_3046.jpg,17,1,0.63582456,0.69467974
pat_17_image_3047.jpg,17,1,0.35676566,0.35199612
pat_17_image_3048.jpg,17,1,0.5287333,0.54620403
pat_17_image_3049.jpg,17,1,0.42384115,0.3898708
pat_17_image_3050.jpg,17,1,0.8942054,0.9035905
pat_17_image_3051.jpg,17,1,0.4697274,0.44717956
pat_17_image_3052.jpg,17,1,0.2152044,0.20910227
pat_17_image_3053.jpg,17,1,0.33956504,0.38648003
pat_17_image_3054.jpg,17,1,0.37830055,0.4008187
pat_17_image_3055.jpg,17,1,0.25500864,0.23889038
pat_17_image_3056.jpg,17,1,0.30397275,0.27804017
pat_17_image_3057.jpg,17,1,0.22848646,0.20723829
pat_17_image_3058.jpg,17,1,0.8187854,0.74341357
pat_17_image_3059.jpg,17,1,0.7420534,0.77031577
pat_17_image_3060.jpg,17,1,0.6909801,0.669498
pat_17_image_3061.jpg,17,1,0.663729,0.6137603
pat_17_image_3062.jpg,17,1,0.7165471,0.71564806
pat_17_image_3063.jpg,17,1,0.23123898,0.28653306
pat_17_image_3064.jpg,17,1,0.80957395,0.82453597
pat_17_image_3065.jpg,17,1,0.8626868,0.8501894
pat_17_image_3066.jpg,17,1,0.9084204,0.89779156
pat_17_image_3067.jpg,17,1,0.72536194,0.7112279
pat_17_image_3068.jpg,17,1,0.599142,0.59872174
pat_17_image_3069.jpg,17,1,0.9085777,0.9154257
pat_17_image_3070.jpg,17,1,0.8710236,0.8551279
pat_17_image_3071.jpg,17,1,0.34287134,0.37539533
pat_17_image_3072.jpg,17,1,0.65356994,0.6794669
pat_17_image_3073.jpg,17,1,0.7248406,0.7464349
pat_17_image_3074.jpg,17,1,0.8996098,0.8887563
pat_17_image_3075.jpg,17,1,0.31786993,0.29350325
pat_17_image_3076.jpg,17,1,0.6839124,0.64895266
pat_17_image_3077.jpg,17,1,0.381899,0.42158702
pat_17_image_3078.jpg,17,1,0.7391529,0.7792752
pat_17_image_3079.jpg,17,1,0.829043,0.8084233
pat_17_image_3080.jpg,17,1,0.87709093,0.87189364
pat_17_image_3081.jpg,17,1,0.6963767,0.6896888
pat_17_image_3082.jpg,17,1,0.54483664,0.55782753
pat_17_image_3083.jpg,17,1,0.1919722,0.19554102
pat_17_image_3084.jpg,17,1,0.58951986,0.49354884
pat_17_image_3085.jpg,17,1,0.51529497,0.5209479
pat_17_image_3086.jpg,17,1,0.7529874,0.71550316
pat_17_image_3087.jpg,17,1,0.21341887,0.20071532
pat_17_image_3088.jpg,17,1,0.8106993,0.7686127
pat_17_image_3089.jpg,17,1,0.891316,0.8762417
pat_17_image_3090.jpg,17,1,0.46857458,0.51357865
pat_17_image_3091.jpg,17,1,0.18981302,0.20319863
pat_17_image_3092.jpg,17,1,0.31945705,0.3272913
pat_17_image_3093.jpg,17,1,0.29726228,0.26484525
pat_17_image_3094.jpg,17,1,0.3295201,0.3067514
pat_17_image_3095.jpg,17,1,0.35349122,0.29668248
pat_17_image_3096.jpg,17,1,0.3424472,0.29627997
pat_17_image_3097.jpg,17,1,0.35011166,0.3466324
pat_17_image_3098.jpg,17,1,0.34614423,0.32228202
pat_17_image_3099.jpg,17,1,0.35215795,0.29300672
pat_17_image_3100.jpg,17,1,0.2975203,0.26962575
pat_17_image_3101.jpg,17,1,0.5410506,0.53299695
pat_17_image_3102.jpg,17,1,0.7848044,0.7464383
pat_17_image_3103.jpg,17,1,0.8266836,0.81815994
pat_17_image_3104.jpg,17,1,0.37907428,0.34693184
pat_17_image_3105.jpg,17,1,0.7322937,0.68625456
pat_17_image_3106.jpg,17,1,0.62052315,0.54607373
pat_17_image_3107.jpg,17,1,0.26205957,0.23116268
pat_17_image_3108.jpg,17,1,0.54724735,0.4858408
pat_17_image_3109.jpg,17,1,0.72446,0.7271212
pat_17_image_3110.jpg,17,1,0.42034173,0.43116125
pat_17_image_3111.jpg,17,1,0.5040154,0.49554643
pat_17_image_3112.jpg,17,1,0.687192,0.72284067
pat_17_image_3113.jpg,17,1,0.5222615,0.5105633
pat_17_image_3114.jpg,17,1,0.47532457,0.4521918
pat_17_image_3115.jpg,17,1,0.37236685,0.3740411
pat_17_image_3116.jpg,17,1,0.15064795,0.15695159
pat_17_image_3117.jpg,17,1,0.94497263,0.93894017
pat_17_image_3118.jpg,17,1,0.46336684,0.48914713
pat_17_image_3119.jpg,17,1,0.33722633,0.32194838
pat_17_image_3120.jpg,17,1,0.69481117,0.72854733
pat_17_image_3121.jpg,17,1,0.69281864,0.73592913
pat_17_image_3122.jpg,17,1,0.47879517,0.532825
pat_17_image_3123.jpg,17,1,0.23996323,0.27127078
pat_17_image_3124.jpg,17,1,0.5915661,0.6110852
pat_17_image_3125.jpg,17,1,0.73640907,0.7615553
pat_17_image_3126.jpg,17,1,0.59890443,0.65787405
pat_17_image_3127.jpg,17,1,0.6406045,0.654128
pat_17_image_3128.jpg,17,1,0.8676321,0.8805769
pat_17_image_3129.jpg,17,1,0.6178387,0.62848294
pat_17_image_3130.jpg,17,1,0.3831824,0.39853498
pat_17_image_3131.jpg,17,1,0.25987813,0.26474515
pat_17_image_3132.jpg,17,1,0.58441585,0.65969634
pat_17_image_3133.jpg,17,1,0.6708494,0.66642904
pat_17_image_3134.jpg,17,1,0.41347602,0.38212132
pat_17_image_3135.jpg,17,1,0.14493415,0.14783671
pat_17_image_3136.jpg,17,1,0.30079263,0.2668322
pat_17_image_3137.jpg,17,1,0.5002669,0.42030194
pat_17_image_3138.jpg,17,1,0.20322895,0.18615596
pat_17_image_3139.jpg,17,1,0.45942348,0.43645293
pat_17_image_3140.jpg,17,1,0.9125633,0.8970261
pat_17_image_3141.jpg,17,1,0.38984963,0.34286723
pat_17_image_3142.jpg,17,1,0.65472305,0.5926759
pat_17_image_3143.jpg,17,1,0.733022,0.701591
pat_17_image_3144.jpg,17,1,0.26108602,0.21390186
pat_17_image_3145.jpg,17,1,0.6942916,0.7001956
pat_17_image_3146.jpg,17,1,0.6943152,0.65972316
pat_17_image_3147.jpg,17,1,0.6217311,0.5941228
pat_17_image_3148.jpg,17,1,0.93631345,0.92658424
pat_17_image_3149.jpg,17,1,0.13491827,0.14013755
pat_17_image_3150.jpg,17,1,0.62207896,0.6907914
pat_17_image_3151.jpg,17,1,0.78738457,0.7957268
pat_17_image_3152.jpg,17,1,0.48762432,0.4585263
pat_17_image_3153.jpg,17,1,0.8016422,0.83381027
pat_17_image_3154.jpg,17,1,0.76483923,0.7289592
pat_17_image_3155.jpg,17,1,0.8936809,0.855228
pat_17_image_3156.jpg,17,1,0.9099269,0.88642335
pat_17_image_3157.jpg,17,1,0.5650409,0.53917384
pat_17_image_3158.jpg,17,1,0.30864948,0.29147235
pat_17_image_3159.jpg,17,1,0.36780024,0.33006996
pat_17_image_3160.jpg,17,1,0.59100723,0.5514195
pat_17_image_3161.jpg,17,1,0.48985013,0.47090334
pat_17_image_3162.jpg,17,1,0.84117967,0.8185379
pat_17_image_3163.jpg,17,1,0.770267,0.7913492
pat_17_image_3164.jpg,17,1,0.70386106,0.71040505
pat_17_image_3165.jpg,17,1,0.68420357,0.7032687
pat_17_image_3166.jpg,17,1,0.88236445,0.8541659
pat_17_image_3167.jpg,17,1,0.8805927,0.8746867
pat_17_image_3168.jpg,17,1,0.25458115,0.29404813
pat_17_image_3169.jpg,17,1,0.7730195,0.79172796
pat_17_image_3170.jpg,17,1,0.8820866,0.8856341
pat_17_image_3171.jpg,17,1,0.86456525,0.8742748
pat_17_image_3172.jpg,17,1,0.52174866,0.54972917
pat_17_image_3173.jpg,17,1,0.5011759,0.45255497
pat_17_image_3174.jpg,17,1,0.8832991,0.8917312
pat_17_image_3175.jpg,17,1,0.67781246,0.6925195
pat_17_image_3176.jpg,17,1,0.3571959,0.3511572
pat_17_image_3177.jpg,17,1,0.64316595,0.6726973
pat_17_image_3178.jpg,17,1,0.86066,0.8646349
pat_17_image_3179.jpg,17,1,0.56491256,0.58678335
pat_17_image_3180.jpg,17,1,0.6417381,0.6785276
pat_17_image_3181.jpg,17,1,0.65199906,0.62988186
pat_17_image_3182.jpg,17,1,0.84105,0.84380573
pat_17_image_3183.jpg,17,1,0.3822186,0.49700525
pat_17_image_3184.jpg,17,1,0.78223276,0.8089568
pat_17_image_3185.jpg,17,1,0.48842424,0.49049458
pat_17_image_3186.jpg,17,1,0.5598029,0.5895831
pat_17_image_3187.jpg,17,1,0.2698954,0.27971333
pat_17_image_3188.jpg,17,1,0.43101168,0.4728287
pat_17_image_3189.jpg,17,1,0.50110006,0.54018503
pat_17_image_3190.jpg,17,1,0.5838176,0.56271636
pat_17_image_3191.jpg,17,1,0.4105133,0.42543662
pat_17_image_3192.jpg,17,1,0.90811235,0.9009709
pat_17_image_3193.jpg,17,1,0.2896823,0.2890807
pat_17_image_3194.jpg,17,1,0.72576123,0.66005015
pat_17_image_3195.jpg,17,1,0.627686,0.61597186
pat_17_image_3196.jpg,17,1,0.88533515,0.88933885
pat_17_image_3197.jpg,17,1,0.25208062,0.24010721
pat_17_image_3198.jpg,17,1,0.5686836,0.60295105
pat_17_image_3199.jpg,17,1,0.6856123,0.62147045
pat_17_image_3200.jpg,17,1,0.6791963,0.67785096
pat_17_image_3201.jpg,17,1,0.41352323,0.4382832
pat_17_image_3202.jpg,17,1,0.6009936,0.5873576
pat_17_image_3203.jpg,17,1,0.54696864,0.5311776
pat_17_image_3204.jpg,17,1,0.34471747,0.35760128
pat_17_image_3205.jpg,17,1,0.6097356,0.5912244
pat_17_image_3206.jpg,17,1,0.47533455,0.50688434
pat_17_image_3207.jpg,17,1,0.5453326,0.55062705
pat_17_image_3208.jpg,17,1,0.42664322,0.44726706
pat_17_image_3209.jpg,17,1,0.8479336,0.83403194
pat_17_image_3210.jpg,17,1,0.67780674,0.6311521
pat_17_image_3211.jpg,17,1,0.5995264,0.62585515
pat_17_image_3212.jpg,17,1,0.4104961,0.3496869
pat_17_image_3213.jpg,17,1,0.1805704,0.17699389
pat_17_image_3214.jpg,17,1,0.87470555,0.8508826
pat_17_image_3215.jpg,17,1,0.7962357,0.7775832
pat_17_image_3216.jpg,17,1,0.45830262,0.41492736
pat_17_image_3217.jpg,17,1,0.6364808,0.5733815
pat_17_image_3218.jpg,17,1,0.8095512,0.7805416
pat_17_image_3219.jpg,17,1,0.41600436,0.35805804
pat_17_image_3220.jpg,17,1,0.49061984,0.5087724
pat_17_image_3221.jpg,17,1,0.7700774,0.7372534
pat_17_image_3222.jpg,17,1,0.77289414,0.7659189
pat_17_image_3223.jpg,17,1,0.7264522,0.756697
pat_17_image_3224.jpg,17,1,0.5082728,0.45549074
pat_17_image_3225.jpg,17,1,0.54365677,0.5290428
pat_17_image_3226.jpg,17,1,0.52619135,0.52108175
pat_17_image_3227.jpg,17,1,0.40942848,0.38759083
pat_17_image_3228.jpg,17,1,0.66767234,0.67172736
pat_17_image_3229.jpg,17,1,0.4026019,0.38765344
pat_17_image_3230.jpg,17,1,0.7616918,0.7462386
pat_17_image_3231.jpg,17,1,0.25714263,0.24506815
pat_17_image_3232.jpg,17,1,0.30885717,0.31154588
pat_17_image_3233.jpg,17,1,0.5781945,0.55935305
pat_17_image_3234.jpg,17,1,0.3259734,0.32598814
pat_17_image_3235.jpg,17,1,0.33668917,0.31767967
pat_17_image_3236.jpg,17,1,0.55714387,0.4899096
pat_17_image_3237.jpg,17,1,0.6514673,0.65767634
pat_17_image_3238.jpg,17,1,0.7102634,0.7263752
pat_17_image_3239.jpg,17,1,0.38881668,0.43661785
pat_17_image_3240.jpg,17,1,0.7837086,0.7762466
pat_17_image_3241.jpg,17,1,0.5062255,0.4757069
pat_17_image_3242.jpg,17,1,0.13278902,0.13629286
pat_17_image_3243.jpg,17,1,0.20872422,0.21849371
pat_17_image_3244.jpg,17,1,0.48982805,0.41520882
pat_17_image_3245.jpg,17,1,0.3524187,0.3422794
pat_17_image_3246.jpg,17,1,0.54723114,0.49536657
pat_17_image_3247.jpg,17,1,0.21551104,0.2130832
pat_17_image_3248.jpg,17,1,0.33246496,0.36160678
pat_17_image_3249.jpg,17,1,0.37692684,0.3410684
pat_17_image_3250.jpg,17,1,0.6078633,0.61234814
pat_17_image_3251.jpg,17,1,0.57131606,0.5505939
pat_17_image_3252.jpg,17,1,0.88946676,0.89477533
pat_17_image_3253.jpg,17,1,0.5683725,0.5730434
pat_17_image_3254.jpg,17,1,0.7197681,0.69178784
pat_17_image_3255.jpg,17,1,0.38310128,0.40826628
pat_17_image_3256.jpg,17,1,0.7404251,0.7363424
pat_17_image_3257.jpg,17,1,0.1706005,0.1696028
pat_17_image_3258.jpg,17,1,0.6801467,0.67387706
pat_17_image_3259.jpg,17,1,0.68490076,0.6403564
pat_17_image_3260.jpg,17,1,0.6566313,0.67307657
pat_17_image_3261.jpg,17,1,0.7008431,0.6766725
pat_17_image_3262.jpg,17,1,0.66663766,0.6822289
pat_17_image_3263.jpg,17,1,0.40581986,0.39827245
pat_17_image_3264.jpg,17,1,0.58902574,0.5219582
pat_17_image_3265.jpg,17,1,0.29832563,0.28209898
pat_17_image_3266.jpg,17,1,0.8493178,0.8667827
pat_17_image_3267.jpg,17,1,0.37049052,0.32605562
pat_17_image_3268.jpg,17,1,0.6577002,0.6401024
pat_17_image_3269.jpg,17,1,0.41223675,0.41526815
pat_17_image_3270.jpg,17,1,0.71708316,0.6951511
pat_17_image_3271.jpg,17,1,0.9302553,0.9271374
pat_17_image_3272.jpg,17,1,0.47587594,0.45059925
pat_17_image_3273.jpg,17,1,0.18941574,0.19165972
pat_17_image_3274.jpg,17,1,0.26722646,0.22105324
pat_17_image_3275.jpg,17,1,0.50938123,0.4627347
pat_17_image_3276.jpg,17,1,0.5992319,0.5871648
pat_17_image_3277.jpg,17,1,0.7220602,0.7323773
pat_17_image_3278.jpg,17,1,0.42063692,0.38292292
pat_17_image_3279.jpg,17,1,0.3036772,0.31601855
pat_17_image_3280.jpg,17,1,0.65777856,0.6732469
pat_17_image_3281.jpg,17,1,0.85802925,0.87119484
pat_17_image_3282.jpg,17,1,0.41443178,0.3861126
pat_17_image_3283.jpg,17,1,0.72864294,0.74247754
pat_17_image_3284.jpg,17,1,0.86075205,0.8441027
pat_17_image_3285.jpg,17,1,0.25864026,0.27031913
pat_17_image_3286.jpg,17,1,0.614478,0.6471384
pat_17_image_3287.jpg,17,1,0.5624149,0.5540725
pat_17_image_3288.jpg,17,1,0.68727744,0.6260641
pat_17_image_3289.jpg,17,1,0.4630549,0.4704045
pat_17_image_3290.jpg,17,1,0.62758094,0.6311345
pat_17_image_3291.jpg,17,1,0.23418339,0.22055303
pat_17_image_3292.jpg,17,1,0.2938728,0.29692563
pat_17_image_3293.jpg,17,1,0.6285247,0.61008865
pat_17_image_3294.jpg,17,1,0.30479535,0.35770753
pat_17_image_3295.jpg,17,1,0.7186271,0.76506
pat_17_image_3296.jpg,17,1,0.22664621,0.20036581
pat_17_image_3297.jpg,17,1,0.36448634,0.31971338
pat_17_image_3298.jpg,17,1,0.2172756,0.19573632
pat_17_image_3299.jpg,17,1,0.75621116,0.78443843
pat_17_image_3300.jpg,17,1,0.5242745,0.5488936
pat_17_image_3301.jpg,17,1,0.32915527,0.3140355
pat_17_image_3302.jpg,17,1,0.6215122,0.70111895
pat_17_image_3303.jpg,17,1,0.41269967,0.48798135
pat_17_image_3304.jpg,17,1,0.9234929,0.9260519
pat_17_image_3305.jpg,17,1,0.8065998,0.83450496
pat_17_image_3306.jpg,17,1,0.9376847,0.947559
pat_17_image_3307.jpg,17,1,0.780514,0.7919556
pat_17_image_3308.jpg,17,1,0.85578465,0.8779155
pat_17_image_3309.jpg,17,1,0.29075775,0.25248885
pat_17_image_3310.jpg,17,1,0.41308835,0.43954992
pat_17_image_3311.jpg,17,1,0.22502732,0.22708812
pat_17_image_3312.jpg,17,1,0.4978734,0.51317656
pat_17_image_3313.jpg,17,1,0.8290782,0.8368026
pat_17_image_3314.jpg,17,1,0.5913227,0.5967665
pat_17_image_3315.jpg,17,1,0.28686938,0.30728438
pat_17_image_3316.jpg,17,1,0.40735444,0.41800308
pat_17_image_3317.jpg,17,1,0.5736643,0.6035834
pat_17_image_3318.jpg,17,1,0.2546504,0.25506437
pat_17_image_3319.jpg,17,1,0.3340775,0.3540427
pat_17_image_3320.jpg,17,1,0.81376344,0.7825184
pat_17_image_3321.jpg,17,1,0.81250554,0.7807775
pat_17_image_3322.jpg,17,1,0.14567122,0.1313502
pat_17_image_3323.jpg,17,1,0.69043976,0.6782297
pat_17_image_3324.jpg,17,1,0.60819054,0.6498816
pat_17_image_3325.jpg,17,1,0.40618157,0.44119182
pat_17_image_3326.jpg,17,1,0.8978382,0.89751965
pat_17_image_3327.jpg,17,1,0.66867334,0.65467244
pat_17_image_3328.jpg,17,1,0.3072556,0.34961465
pat_17_image_3329.jpg,17,1,0.30553064,0.3081161
pat_17_image_3330.jpg,17,1,0.30127686,0.30418116
pat_17_image_3331.jpg,17,1,0.8902828,0.8971361
pat_17_image_3332.jpg,17,1,0.464017,0.4961233
pat_17_image_3333.jpg,17,1,0.27307764,0.3441595
pat_17_image_3334.jpg,17,1,0.32667607,0.3288723
pat_17_image_3335.jpg,17,1,0.5787039,0.6438177
pat_17_image_3336.jpg,17,1,0.51163894,0.4784031
pat_17_image_3337.jpg,17,1,0.6828097,0.6794108
pat_17_image_3338.jpg,17,1,0.24849086,0.26042852
pat_17_image_3339.jpg,17,1,0.26884368,0.23857906
pat_17_image_3340.jpg,17,1,0.5571077,0.5216832
pat_17_image_3341.jpg,17,1,0.4103269,0.47366023
pat_17_image_3342.jpg,17,1,0.4850872,0.4998782
pat_17_image_3343.jpg,17,1,0.75321215,0.7491586
pat_17_image_3344.jpg,17,1,0.61478555,0.569434
pat_17_image_3345.jpg,17,1,0.5354819,0.489724
pat_17_image_3346.jpg,17,1,0.6550078,0.62620586
pat_17_image_3347.jpg,17,1,0.77275527,0.7561252
pat_17_image_3348.jpg,17,1,0.70626384,0.69368887
pat_17_image_3349.jpg,17,1,0.88656014,0.90542847
pat_17_image_3350.jpg,17,1,0.5724908,0.53424907
pat_17_image_3351.jpg,17,1,0.67751974,0.61644727
pat_17_image_3352.jpg,17,1,0.5673305,0.5714484
pat_17_image_3353.jpg,17,1,0.35375673,0.3317731
pat_17_image_3354.jpg,17,1,0.58713585,0.5867048
pat_17_image_3355.jpg,17,1,0.8131618,0.7885144
pat_17_image_3356.jpg,17,1,0.4691951,0.49842864
pat_17_image_3357.jpg,17,1,0.7404815,0.71625876
pat_17_image_3358.jpg,17,1,0.5221643,0.5100441
pat_17_image_3359.jpg,17,1,0.81053674,0.77707565
pat_17_image_3360.jpg,17,1,0.6839708,0.63765955
pat_17_image_3361.jpg,17,1,0.5754716,0.50147474
pat_17_image_3362.jpg,17,1,0.4108246,0.35724154
pat_17_image_3363.jpg,17,1,0.3308428,0.30565733
pat_17_image_3364.jpg,17,1,0.8126059,0.8037712
pat_17_image_3365.jpg,17,1,0.8209362,0.8239518
pat_17_image_3366.jpg,17,1,0.43060327,0.43433294
pat_17_image_3367.jpg,17,1,0.95012254,0.94931686
pat_17_image_3368.jpg,17,1,0.49144083,0.4920787
pat_17_image_3369.jpg,17,1,0.37730354,0.33171824
pat_17_image_3370.jpg,17,1,0.730598,0.7153178
pat_17_image_3371.jpg,17,1,0.5965753,0.60708135
pat_17_image_3372.jpg,17,1,0.17443371,0.17310639
pat_17_image_3373.jpg,17,1,0.89730984,0.8996868
pat_17_image_3374.jpg,17,1,0.6617407,0.6293816
pat_17_image_3375.jpg,17,1,0.7672209,0.7589483
pat_17_image_3376.jpg,17,1,0.8753539,0.86361283
pat_17_image_3377.jpg,17,1,0.6154296,0.6219921
pat_17_image_3378.jpg,17,1,0.19740044,0.21366708
pat_17_image_3379.jpg,17,1,0.30468616,0.31259447
pat_17_image_3380.jpg,17,1,0.8831565,0.8867276
pat_17_image_3381.jpg,17,1,0.7987426,0.78698975
pat_17_image_3382.jpg,17,1,0.95669067,0.95260185
pat_17_image_3383.jpg,17,1,0.45956257,0.48281714
pat_17_image_3384.jpg,17,1,0.5854593,0.61777234
pat_17_image_3385.jpg,17,1,0.8644388,0.8652687
pat_17_image_3386.jpg,17,1,0.93252355,0.93710124
pat_17_image_3387.jpg,17,1,0.8613684,0.84696466
pat_17_image_3388.jpg,17,1,0.9626758,0.96071345
pat_17_image_3389.jpg,17,1,0.7797183,0.76577693
pat_17_image_3390.jpg,17,1,0.63715345,0.6625531
pat_17_image_3391.jpg,17,1,0.836446,0.84047365
pat_17_image_3392.jpg,17,1,0.39206302,0.396123
pat_17_image_3393.jpg,17,1,0.33770183,0.32857162
pat_17_image_3394.jpg,17,1,0.32762983,0.33391333
pat_17_image_3395.jpg,17,1,0.47843084,0.43948433
pat_17_image_3396.jpg,17,1,0.7602671,0.7438162
pat_17_image_3397.jpg,17,1,0.80688435,0.8110367
pat_17_image_3398.jpg,17,1,0.85698825,0.8470444
pat_17_image_3399.jpg,17,1,0.58238417,0.58930856
pat_17_image_3400.jpg,17,1,0.61900944,0.66290164
pat_17_image_3401.jpg,17,1,0.34081128,0.34178382
pat_17_image_3402.jpg,17,1,0.43959376,0.40308684
pat_17_image_3403.jpg,17,1,0.29242763,0.28498244
pat_17_image_3404.jpg,17,1,0.8096085,0.815524
pat_17_image_3405.jpg,17,1,0.82124174,0.8127661
pat_17_image_3406.jpg,17,1,0.85740876,0.85963666
pat_17_image_3407.jpg,17,1,0.5462387,0.5508194
pat_17_image_3408.jpg,17,1,0.95727366,0.95599437
pat_17_image_3409.jpg,17,1,0.74924785,0.73760545
pat_17_image_3410.jpg,17,1,0.63327855,0.59558225
pat_17_image_3411.jpg,17,1,0.8489267,0.85195875
pat_17_image_3412.jpg,17,1,0.9340342,0.927123
pat_17_image_3413.jpg,17,1,0.905148,0.9097243
pat_17_image_3414.jpg,17,1,0.915734,0.9045584
pat_17_image_3415.jpg,17,1,0.8226661,0.8203627
pat_17_image_3416.jpg,17,1,0.42668733,0.40683898
pat_17_image_3417.jpg,17,1,0.90321136,0.9019932
pat_17_image_3418.jpg,17,1,0.15740992,0.14952442
pat_17_image_3419.jpg,17,1,0.93734324,0.93086684
pat_17_image_3420.jpg,17,1,0.9032112,0.903356
pat_17_image_3421.jpg,17,1,0.82105243,0.79766715
pat_17_image_3422.jpg,17,1,0.5878649,0.6021443
pat_17_image_3423.jpg,17,1,0.55083764,0.49264932
pat_17_image_3424.jpg,17,1,0.61004996,0.6107988
pat_17_image_3425.jpg,17,1,0.46243143,0.444461
pat_17_image_3426.jpg,17,1,0.7921465,0.76305604
pat_17_image_3427.jpg,17,1,0.8229387,0.83273494
pat_17_image_3428.jpg,17,1,0.40130687,0.40998536
pat_17_image_3429.jpg,17,1,0.62186724,0.5666395
pat_17_image_3430.jpg,17,1,0.76604223,0.75863034
pat_17_image_3431.jpg,17,1,0.86920124,0.8668593
pat_17_image_3432.jpg,17,1,0.18478656,0.1997563
pat_17_image_3433.jpg,17,1,0.839943,0.83905905
pat_17_image_3434.jpg,17,1,0.5874088,0.5569144
pat_17_image_3435.jpg,17,1,0.48486966,0.45465085
pat_17_image_3436.jpg,17,1,0.24154362,0.19590235
pat_17_image_3437.jpg,17,1,0.21371359,0.19341409
pat_17_image_3438.jpg,17,1,0.43237904,0.3741942
pat_17_image_3439.jpg,17,1,0.35867012,0.34894738
pat_17_image_3440.jpg,17,1,0.2850782,0.31666636
pat_17_image_3441.jpg,17,1,0.4712965,0.47252342
pat_17_image_3442.jpg,17,1,0.35108826,0.3242368
pat_17_image_3443.jpg,17,1,0.75008,0.74124795
pat_17_image_3444.jpg,17,1,0.9117159,0.9154476
pat_17_image_3445.jpg,17,1,0.48350763,0.41540414
pat_17_image_3446.jpg,17,1,0.271332,0.2702045
pat_17_image_3447.jpg,17,1,0.18494886,0.16430059
pat_17_image_3448.jpg,17,1,0.8100672,0.79658294
pat_17_image_3449.jpg,17,1,0.7682397,0.7873629
pat_17_image_3450.jpg,17,1,0.792698,0.80147725
pat_17_image_3451.jpg,17,1,0.60083914,0.65414023
pat_17_image_3452.jpg,17,1,0.22383995,0.2261647
pat_17_image_3453.jpg,17,1,0.7375389,0.78606004
pat_17_image_3454.jpg,17,1,0.7510198,0.8250688
pat_17_image_3455.jpg,17,1,0.94461775,0.94539607
pat_17_image_3456.jpg,17,1,0.5283049,0.5221275
pat_17_image_3457.jpg,17,1,0.88626754,0.8853179
pat_17_image_3458.jpg,17,1,0.8775139,0.8879932
pat_17_image_3459.jpg,17,1,0.88497406,0.88469744
pat_17_image_3460.jpg,17,1,0.77883476,0.7870859
pat_17_image_3461.jpg,17,1,0.5900815,0.6398466
pat_17_image_3462.jpg,17,1,0.77675253,0.8102164
pat_17_image_3463.jpg,17,1,0.43381092,0.46843544
pat_17_image_3464.jpg,17,1,0.77430636,0.7927426
pat_17_image_3465.jpg,17,1,0.9021067,0.9141558
pat_17_image_3466.jpg,17,1,0.7165713,0.72891504
pat_17_image_3467.jpg,17,1,0.787138,0.77491957
pat_17_image_3468.jpg,17,1,0.43396187,0.4232779
pat_17_image_3469.jpg,17,1,0.35741016,0.40357748
pat_17_image_3470.jpg,17,1,0.7706384,0.7608617
pat_17_image_3471.jpg,17,1,0.80450356,0.82524335
pat_17_image_3472.jpg,17,1,0.32494912,0.3198921
pat_17_image_3473.jpg,17,1,0.44569474,0.41393095
pat_17_image_3474.jpg,17,1,0.88194656,0.8871041
pat_17_image_3475.jpg,17,1,0.50154835,0.56044763
pat_17_image_3476.jpg,17,1,0.17614876,0.16250907
pat_17_image_3477.jpg,17,1,0.3331538,0.31749392
pat_17_image_3478.jpg,17,1,0.6837823,0.7142037
pat_17_image_3479.jpg,17,1,0.86388284,0.8523333
pat_17_image_3480.jpg,17,1,0.81948704,0.8284828
pat_17_image_3481.jpg,17,1,0.6696218,0.6993732
pat_17_image_3482.jpg,17,1,0.64949626,0.6596039
pat_17_image_3483.jpg,17,1,0.6315099,0.5960653
pat_17_image_3484.jpg,17,1,0.7100419,0.6901217
pat_17_image_3485.jpg,17,1,0.66720295,0.65568435
pat_17_image_3486.jpg,17,1,0.6362865,0.5642593
pat_17_image_3487.jpg,17,1,0.1781723,0.18276592
pat_17_image_3488.jpg,17,1,0.17489798,0.15480477
pat_17_image_3489.jpg,17,1,0.863475,0.86879975
pat_17_image_3490.jpg,17,1,0.7347808,0.7418264
pat_17_image_3491.jpg,17,1,0.68871975,0.6196685
pat_17_image_3492.jpg,17,1,0.47745895,0.4939659
pat_17_image_3493.jpg,17,1,0.83293283,0.8612908
pat_17_image_3494.jpg,17,1,0.5081233,0.43534425
pat_17_image_3495.jpg,17,1,0.5450566,0.5121475
pat_17_image_3496.jpg,17,1,0.6033005,0.5559659
pat_17_image_3497.jpg,17,1,0.59416586,0.58571625
pat_17_image_3498.jpg,17,1,0.17490597,0.13901773
pat_17_image_3499.jpg,17,1,0.918344,0.90528405
pat_17_image_3500.jpg,17,1,0.8288465,0.822954
pat_17_image_3501.jpg,17,1,0.945881,0.95472366
pat_17_image_3502.jpg,17,1,0.51691574,0.5392451
pat_17_image_3503.jpg,17,1,0.32236132,0.29262376
pat_17_image_3504.jpg,17,1,0.70710564,0.66738516
pat_17_image_3505.jpg,17,1,0.28195882,0.30425495
pat_17_image_3506.jpg,17,1,0.7033888,0.72922754
pat_17_image_3507.jpg,17,1,0.7536876,0.7464129
pat_17_image_3508.jpg,17,1,0.27883196,0.31259692
pat_17_image_3509.jpg,17,1,0.8025239,0.8081658
pat_17_image_3510.jpg,17,1,0.38965765,0.4297346
pat_17_image_3511.jpg,17,1,0.48086858,0.4664175
pat_17_image_3512.jpg,17,1,0.27790073,0.26781744
pat_17_image_3513.jpg,17,1,0.3158372,0.30311784
pat_17_image_3514.jpg,17,1,0.20990041,0.16741367
pat_17_image_3515.jpg,17,1,0.676361,0.66598344
pat_17_image_3516.jpg,17,1,0.6020977,0.58360016
pat_17_image_3517.jpg,17,1,0.9685329,0.97070026
pat_17_image_3518.jpg,17,1,0.73551893,0.73016554
pat_17_image_3519.jpg,17,1,0.25818163,0.265466
pat_17_image_3520.jpg,17,1,0.7380475,0.74738157
pat_17_image_3521.jpg,17,1,0.13545915,0.12065795
pat_17_image_3522.jpg,17,1,0.76951957,0.7729742
pat_17_image_3523.jpg,17,1,0.52164125,0.5702111
pat_17_image_3524.jpg,17,1,0.43269545,0.42263877
pat_17_image_3525.jpg,17,1,0.70750034,0.71239036
pat_17_image_3526.jpg,17,1,0.5069645,0.53219146
pat_17_image_3527.jpg,17,1,0.70355654,0.7066152
pat_17_image_3528.jpg,17,1,0.4712665,0.47552118
pat_17_image_3529.jpg,17,1,0.30128682,0.29804894
pat_17_image_3530.jpg,17,1,0.34384292,0.27324378
pat_17_image_3531.jpg,17,1,0.66824013,0.5826483
pat_17_image_3532.jpg,17,1,0.37986144,0.33930862
pat_17_image_3533.jpg,17,1,0.6844146,0.6349897
pat_17_image_3534.jpg,17,1,0.7898084,0.7765686
pat_17_image_3535.jpg,17,1,0.8805451,0.8712072
pat_17_image_3536.jpg,17,1,0.63074154,0.680317
pat_17_image_3537.jpg,17,1,0.5741654,0.5815808
pat_17_image_3538.jpg,17,1,0.72980356,0.6931712
pat_17_image_3539.jpg,17,1,0.97050965,0.9701441
pat_17_image_3540.jpg,17,1,0.39948907,0.35263434
pat_17_image_3541.jpg,17,1,0.7319244,0.71179485
pat_17_image_3542.jpg,17,1,0.7945297,0.7969535
pat_17_image_3543.jpg,17,1,0.41711512,0.34318843
pat_17_image_3544.jpg,17,1,0.77061427,0.75283456
pat_17_image_3545.jpg,17,1,0.91042316,0.9015471
pat_17_image_3546.jpg,17,1,0.56470305,0.5490006
pat_17_image_3547.jpg,17,1,0.739212,0.677019
pat_17_image_3548.jpg,17,1,0.18923034,0.18149893
pat_17_image_3549.jpg,17,1,0.47141698,0.5019229
pat_17_image_3550.jpg,17,1,0.79229575,0.7572711
pat_17_image_3551.jpg,17,1,0.5136088,0.43067184
pat_17_image_3552.jpg,17,1,0.7793023,0.7555409
pat_17_image_3553.jpg,17,1,0.47680333,0.5397276
pat_17_image_3554.jpg,17,1,0.6673262,0.6374795
pat_17_image_3555.jpg,17,1,0.2739731,0.25238064
pat_17_image_3556.jpg,17,1,0.60904056,0.606215
pat_17_image_3557.jpg,17,1,0.25575477,0.24697259
pat_17_image_3558.jpg,17,1,0.28178677,0.31392974
pat_17_image_3559.jpg,17,1,0.8010232,0.76593596
pat_17_image_3560.jpg,17,1,0.3184484,0.29473528
pat_17_image_3561.jpg,17,1,0.7095652,0.702483
pat_17_image_3562.jpg,17,1,0.67821395,0.7014713
pat_17_image_3563.jpg,17,1,0.66639894,0.62182814
pat_17_image_3564.jpg,17,1,0.6895856,0.7511621
pat_17_image_3565.jpg,17,1,0.6625769,0.72177106
pat_17_image_3566.jpg,17,1,0.8454175,0.87018204
pat_17_image_3567.jpg,17,1,0.58753115,0.61909425
pat_17_image_3568.jpg,17,1,0.27969274,0.2294024
pat_17_image_3569.jpg,17,1,0.47565308,0.4519484
pat_17_image_3570.jpg,17,1,0.2680778,0.2524408
pat_17_image_3571.jpg,17,1,0.38019317,0.42777622
pat_17_image_3572.jpg,17,1,0.43093365,0.45269677
pat_17_image_3573.jpg,17,1,0.20509021,0.2045379
pat_17_image_3574.jpg,17,1,0.2773359,0.25738016
pat_17_image_3575.jpg,17,1,0.6653784,0.6243372
pat_17_image_3576.jpg,17,1,0.34657693,0.30079007
pat_17_image_3577.jpg,17,1,0.46731764,0.46334723
pat_17_image_3578.jpg,17,1,0.4785009,0.54214084
pat_17_image_3579.jpg,17,1,0.10412778,0.10037988
pat_17_image_3580.jpg,17,1,0.6519865,0.6549164
pat_17_image_3581.jpg,17,1,0.31994924,0.32268468
pat_17_image_3582.jpg,17,1,0.34295416,0.37123895
pat_17_image_3583.jpg,17,1,0.6403974,0.64875114
pat_17_image_3584.jpg,17,1,0.4571229,0.41614914
pat_17_image_3585.jpg,17,1,0.4337856,0.48987696
pat_17_image_3586.jpg,17,1,0.21939564,0.20561533
pat_17_image_3587.jpg,17,1,0.43572426,0.52998775
pat_17_image_3588.jpg,17,1,0.26955557,0.3038649
pat_17_image_3589.jpg,17,1,0.47995964,0.5161268
pat_17_image_3590.jpg,17,1,0.57048947,0.5757253
pat_17_image_3591.jpg,17,1,0.51342416,0.5629006
pat_17_image_3592.jpg,17,1,0.34973416,0.3221406
pat_17_image_3593.jpg,17,1,0.6741528,0.7073357
pat_17_image_3594.jpg,17,1,0.33482915,0.3513719
pat_17_image_3595.jpg,17,1,0.5907854,0.654114
pat_17_image_3596.jpg,17,1,0.49554035,0.51422876
pat_17_image_3597.jpg,17,1,0.69556934,0.7258214
pat_17_image_3598.jpg,17,1,0.6758533,0.6656001
pat_17_image_3599.jpg,17,1,0.25856754,0.31030688
pat_17_image_3600.jpg,17,1,0.80102456,0.84287465
pat_17_image_3601.jpg,17,1,0.45462725,0.5149389
pat_17_image_3602.jpg,17,1,0.55358285,0.6356705
pat_17_image_3603.jpg,17,1,0.6143201,0.6645444
pat_17_image_3604.jpg,17,1,0.35424152,0.3808756
pat_17_image_3605.jpg,17,1,0.5927597,0.6497749
pat_17_image_3606.jpg,17,1,0.47893927,0.54194355
pat_17_image_3607.jpg,17,1,0.7839714,0.7836238
pat_17_image_3608.jpg,17,1,0.5669622,0.5546633
pat_17_image_3609.jpg,17,1,0.4972765,0.5437037
pat_17_image_3610.jpg,17,1,0.13468195,0.1357693
pat_17_image_3611.jpg,17,1,0.83950573,0.84072727
pat_17_image_3612.jpg,17,1,0.77644074,0.78755933
pat_17_image_3613.jpg,17,1,0.6379217,0.6612084
pat_17_image_3614.jpg,17,1,0.49554127,0.45018566
pat_17_image_3615.jpg,17,1,0.9232885,0.9201398
pat_17_image_3616.jpg,17,1,0.7493262,0.7791598
pat_17_image_3617.jpg,17,1,0.39519563,0.43645447
pat_17_image_3618.jpg,17,1,0.4885871,0.50518787
pat_17_image_3619.jpg,17,1,0.23370476,0.22955298
pat_17_image_3620.jpg,17,1,0.56102675,0.5123397
pat_17_image_3621.jpg,17,1,0.6174443,0.5352075
pat_17_image_3622.jpg,17,1,0.80907613,0.7820154
pat_17_image_3623.jpg,17,1,0.90192455,0.88362956
pat_17_image_3624.jpg,17,1,0.27787155,0.2610523
pat_17_image_3625.jpg,17,1,0.6000247,0.54927206
pat_17_image_3626.jpg,17,1,0.6135466,0.5627921
pat_17_image_3627.jpg,17,1,0.82672775,0.81135976
pat_17_image_3628.jpg,17,1,0.8451411,0.847004
pat_17_image_3629.jpg,17,1,0.6428405,0.6350493
pat_17_image_3630.jpg,17,1,0.82683784,0.8327909
pat_17_image_3631.jpg,17,1,0.6999634,0.6843335
pat_17_image_3632.jpg,17,1,0.68247217,0.6848466
pat_17_image_3633.jpg,17,1,0.13835675,0.1212504
pat_17_image_3634.jpg,17,1,0.68982404,0.64348036
pat_17_image_3635.jpg,17,1,0.8755444,0.84802806
pat_17_image_3636.jpg,17,1,0.9310504,0.92176366
pat_17_image_3637.jpg,17,1,0.36065042,0.36858732
pat_17_image_3638.jpg,17,1,0.36165664,0.349385
pat_17_image_3639.jpg,17,1,0.49061304,0.4767272
pat_17_image_3640.jpg,17,1,0.5882639,0.5732795
pat_17_image_3641.jpg,17,1,0.3441879,0.33593556
pat_17_image_3642.jpg,17,1,0.20127186,0.21387903
pat_17_image_3643.jpg,17,1,0.15387164,0.15089235
pat_17_image_3644.jpg,17,1,0.25395858,0.25629553
pat_17_image_3645.jpg,17,1,0.4215953,0.39933175
pat_17_image_3646.jpg,17,1,0.31350848,0.2934913
pat_17_image_3647.jpg,17,1,0.1344383,0.13372703
pat_17_image_3648.jpg,17,1,0.24727802,0.21865505
pat_17_image_3649.jpg,17,1,0.4392776,0.43591523
pat_17_image_3650.jpg,17,1,0.37478882,0.4073069
pat_17_image_3651.jpg,17,1,0.72499293,0.69578785
pat_17_image_3652.jpg,17,1,0.67625463,0.6803042
pat_17_image_3653.jpg,17,1,0.82383126,0.79840124
pat_17_image_3654.jpg,17,1,0.70396435,0.6999573
pat_17_image_3655.jpg,17,1,0.75410604,0.74223995
pat_17_image_3656.jpg,17,1,0.6400555,0.5803848
pat_17_image_3657.jpg,17,1,0.2509334,0.23357724
pat_17_image_3658.jpg,17,1,0.7930657,0.7614228
pat_17_image_3659.jpg,17,1,0.93195844,0.9328752
pat_17_image_3660.jpg,17,1,0.9346977,0.931086
pat_17_image_3661.jpg,17,1,0.17088339,0.18086739
pat_17_image_3662.jpg,17,1,0.4878635,0.4456507
pat_17_image_3663.jpg,17,1,0.31693304,0.31004137
pat_17_image_3664.jpg,17,1,0.085586734,0.085222326
pat_17_image_3665.jpg,17,1,0.45362556,0.43898582
pat_17_image_3666.jpg,17,1,0.29090026,0.32740623
pat_17_image_3667.jpg,17,1,0.24707942,0.25826725
pat_17_image_3668.jpg,17,1,0.5989592,0.5805148
pat_17_image_3669.jpg,17,1,0.6553655,0.59897965
pat_17_image_3670.jpg,17,1,0.46998426,0.49719203
pat_17_image_3671.jpg,17,1,0.87524664,0.8521236
pat_17_image_3672.jpg,17,1,0.07948305,0.07444819
pat_17_image_3673.jpg,17,1,0.7586571,0.77637196
pat_17_image_3674.jpg,17,1,0.6174366,0.64623106
pat_17_image_3675.jpg,17,1,0.48496005,0.5273308
pat_17_image_3676.jpg,17,1,0.14834706,0.138847
pat_17_image_3677.jpg,17,1,0.5992344,0.5122191
pat_17_image_3678.jpg,17,1,0.6345529,0.571868
pat_17_image_3679.jpg,17,1,0.87483233,0.87692183
pat_17_image_3680.jpg,17,1,0.8789601,0.8715835
pat_17_image_3681.jpg,17,1,0.45110568,0.48609403
pat_17_image_3682.jpg,17,1,0.6314761,0.6386266
pat_17_image_3683.jpg,17,1,0.45086256,0.3974696
pat_17_image_3684.jpg,17,1,0.573755,0.5417864
pat_17_image_3685.jpg,17,1,0.5830872,0.5323757
pat_17_image_3686.jpg,17,1,0.8584279,0.84880316
pat_17_image_3687.jpg,17,1,0.9286757,0.93260777
pat_17_image_3688.jpg,17,1,0.44503617,0.44887397
pat_17_image_3689.jpg,17,1,0.6607047,0.618326
pat_17_image_3690.jpg,17,1,0.2331699,0.23012541
pat_17_image_3691.jpg,17,1,0.57983875,0.6065876
pat_17_image_3692.jpg,17,1,0.78357965,0.78942335
pat_17_image_3693.jpg,17,1,0.94894606,0.95003647
pat_17_image_3694.jpg,17,1,0.7522226,0.71781564
pat_17_image_3695.jpg,17,1,0.67574847,0.64288837
pat_17_image_3696.jpg,17,1,0.58968145,0.56965697
pat_17_image_3697.jpg,17,1,0.78306395,0.7908628
pat_17_image_3698.jpg,17,1,0.60068154,0.53947586
pat_17_image_3699.jpg,17,1,0.6265068,0.63437027
pat_17_image_3700.jpg,17,1,0.68627334,0.66039634
pat_17_image_3701.jpg,17,1,0.27866894,0.23284794
pat_17_image_3702.jpg,17,1,0.6358369,0.57850134
pat_17_image_3703.jpg,17,1,0.9441811,0.9477099
pat_17_image_3704.jpg,17,1,0.66340333,0.650206
pat_17_image_3705.jpg,17,1,0.85090053,0.8392656
pat_17_image_3706.jpg,17,1,0.8947155,0.90853214
pat_17_image_3707.jpg,17,1,0.337095,0.32638812
pat_17_image_3708.jpg,17,1,0.72051823,0.6817042
pat_17_image_3709.jpg,17,1,0.58174026,0.60493255
pat_17_image_3710.jpg,17,1,0.3642969,0.3325729
pat_17_image_3711.jpg,17,1,0.46779937,0.42707974
pat_17_image_3712.jpg,17,1,0.62761456,0.6585576
pat_17_image_3713.jpg,17,1,0.84422237,0.8278054
pat_17_image_3714.jpg,17,1,0.30401093,0.36688003
pat_17_image_3715.jpg,17,1,0.25128695,0.27765596
pat_17_image_3716.jpg,17,1,0.76006633,0.77805525
pat_17_image_3717.jpg,17,1,0.4833554,0.44932762
pat_17_image_3718.jpg,17,1,0.19586197,0.17719054
pat_17_image_3719.jpg,17,1,0.8288108,0.83471155
pat_17_image_3720.jpg,17,1,0.29291877,0.24590707
pat_17_image_3721.jpg,17,1,0.6052218,0.58920574
pat_17_image_3722.jpg,17,1,0.9383016,0.93606746
pat_17_image_3723.jpg,17,1,0.88442475,0.87078744
pat_17_image_3724.jpg,17,1,0.33803084,0.32411173
pat_17_image_3725.jpg,17,1,0.8225396,0.84343815
pat_17_image_3726.jpg,17,1,0.88868266,0.8838082
pat_17_image_3727.jpg,17,1,0.2718004,0.26733702
pat_17_image_3728.jpg,17,1,0.7449866,0.715389
pat_17_image_3729.jpg,17,1,0.27836397,0.25664485
pat_17_image_3730.jpg,17,1,0.53729177,0.60696805
pat_17_image_3731.jpg,17,1,0.2737836,0.25759226
pat_17_image_3732.jpg,17,1,0.47472823,0.46307582
pat_17_image_3733.jpg,17,1,0.22579642,0.21817048
pat_17_image_3734.jpg,17,1,0.7814321,0.78524256
pat_17_image_3735.jpg,17,1,0.8125771,0.8285162
pat_17_image_3736.jpg,17,1,0.8948503,0.8917577
pat_17_image_3737.jpg,17,1,0.71630645,0.73764825
pat_17_image_3738.jpg,17,1,0.92811346,0.9218146
pat_17_image_3739.jpg,17,1,0.81869024,0.80275357
pat_17_image_3740.jpg,17,1,0.68512064,0.70841753
pat_17_image_3741.jpg,17,1,0.7234344,0.72022516
pat_17_image_3742.jpg,17,1,0.8944984,0.88891345
pat_17_image_3743.jpg,17,1,0.30325547,0.2662998
pat_17_image_3744.jpg,17,1,0.7145065,0.6623751
pat_17_image_3745.jpg,17,1,0.8843685,0.8554305
pat_17_image_3746.jpg,17,1,0.7075224,0.68524265
pat_17_image_3747.jpg,17,1,0.5773486,0.5274657
pat_17_image_3748.jpg,17,1,0.3386774,0.32792497
pat_17_image_3749.jpg,17,1,0.39380303,0.366945
pat_17_image_3750.jpg,17,1,0.3441666,0.3476248
pat_17_image_3751.jpg,17,1,0.2621066,0.25394845
pat_17_image_3752.jpg,17,1,0.76208514,0.7298193
pat_17_image_3753.jpg,17,1,0.7446667,0.7633552
pat_17_image_3754.jpg,17,1,0.8085687,0.78811574
pat_17_image_3755.jpg,17,1,0.47190374,0.48076022
pat_17_image_3756.jpg,17,1,0.58144546,0.5719439
pat_17_image_3757.jpg,17,1,0.38325456,0.3166876
pat_17_image_3758.jpg,17,1,0.58023506,0.54258627
pat_17_image_3759.jpg,17,1,0.8053205,0.79625875
pat_17_image_3760.jpg,17,1,0.6976277,0.7143882
pat_17_image_3761.jpg,17,1,0.5309707,0.5074616
pat_17_image_3762.jpg,17,1,0.7334447,0.7492076
pat_17_image_3763.jpg,17,1,0.33746648,0.33206326
pat_17_image_3764.jpg,17,1,0.37377465,0.37135494
pat_17_image_3765.jpg,17,1,0.39549774,0.39567947
pat_17_image_3766.jpg,17,1,0.5494262,0.5683946
pat_17_image_3767.jpg,17,1,0.5388522,0.5254727
pat_17_image_3768.jpg,17,1,0.82276714,0.84015673
pat_17_image_3769.jpg,17,1,0.31103927,0.28657717
pat_17_image_3770.jpg,17,1,0.6548558,0.60958034
pat_17_image_3771.jpg,17,1,0.7571187,0.7317159
pat_17_image_3772.jpg,17,1,0.5420322,0.5536695
pat_17_image_3773.jpg,17,1,0.95633245,0.9566342
pat_17_image_3774.jpg,17,1,0.82075197,0.81488186
pat_17_image_3775.jpg,17,1,0.7748651,0.73973787
pat_17_image_3776.jpg,17,1,0.4673209,0.44973806
pat_17_image_3777.jpg,17,1,0.61838144,0.6386229
pat_17_image_3778.jpg,17,1,0.69430476,0.6662118
pat_17_image_3779.jpg,17,1,0.7346054,0.7187085
pat_17_image_3780.jpg,17,1,0.7975363,0.83259904
pat_17_image_3781.jpg,17,1,0.54870266,0.47809395
pat_17_image_3782.jpg,17,1,0.8922803,0.8841116
pat_17_image_3783.jpg,17,1,0.68699986,0.6334874
pat_17_image_3784.jpg,17,1,0.70767736,0.7270914
pat_17_image_3785.jpg,17,1,0.628656,0.6056617
pat_17_image_3786.jpg,17,1,0.5159604,0.50497013
pat_17_image_3787.jpg,17,1,0.29439974,0.2923304
pat_17_image_3788.jpg,17,1,0.73241585,0.6967758
pat_17_image_3789.jpg,17,1,0.7902709,0.8023327
pat_17_image_3790.jpg,17,1,0.47860876,0.47257835
pat_17_image_3791.jpg,17,1,0.895675,0.8830018
pat_17_image_3792.jpg,17,1,0.46589908,0.41678423
pat_17_image_3793.jpg,17,1,0.90348256,0.8940212
pat_17_image_3794.jpg,17,1,0.8348578,0.85495716
pat_17_image_3795.jpg,17,1,0.9677656,0.96896374
pat_17_image_3796.jpg,17,1,0.73343635,0.7843633
pat_17_image_3797.jpg,17,1,0.9073767,0.8927609
pat_17_image_3798.jpg,17,1,0.24982777,0.26176953
pat_17_image_3799.jpg,17,1,0.4875147,0.5299067
pat_17_image_3800.jpg,17,1,0.62285155,0.6748067
pat_17_image_3801.jpg,17,1,0.56743693,0.6031139
pat_17_image_3802.jpg,17,1,0.6179234,0.6479642
pat_17_image_3803.jpg,17,1,0.6371715,0.66423345
pat_17_image_3804.jpg,17,1,0.52314657,0.5990716
pat_17_image_3805.jpg,17,1,0.70614284,0.72238487
pat_17_image_3806.jpg,17,1,0.35244983,0.3774083
pat_17_image_3807.jpg,17,1,0.7972375,0.80525446
pat_17_image_3808.jpg,17,1,0.6947435,0.7232915
pat_17_image_3809.jpg,17,1,0.77535576,0.8036098
pat_17_image_3810.jpg,17,1,0.62333095,0.6954959
pat_17_image_3811.jpg,17,1,0.720871,0.76727295
pat_17_image_3812.jpg,17,1,0.26129287,0.27332756
pat_17_image_3813.jpg,17,1,0.111417554,0.09185604
pat_17_image_3814.jpg,17,1,0.50930744,0.505526
pat_17_image_3815.jpg,17,1,0.34738344,0.34137055
pat_17_image_3816.jpg,17,1,0.34367672,0.3566252
pat_17_image_3817.jpg,17,1,0.35672647,0.35834134
pat_17_image_3818.jpg,17,1,0.47458678,0.47360215
pat_17_image_3819.jpg,17,1,0.69963866,0.66396326
pat_17_image_3820.jpg,17,1,0.78539,0.7942635
pat_17_image_3821.jpg,17,1,0.5266669,0.5360071
pat_17_image_3822.jpg,17,1,0.17065251,0.16502818
pat_17_image_3823.jpg,17,1,0.40116313,0.34965196
pat_17_image_3824.jpg,17,1,0.6218376,0.6142679
pat_17_image_3825.jpg,17,1,0.26358917,0.24121155
pat_17_image_3826.jpg,17,1,0.4185477,0.4230094
pat_17_image_3827.jpg,17,1,0.785586,0.78307545
pat_17_image_3828.jpg,17,1,0.21976922,0.22070245
pat_17_image_3829.jpg,17,1,0.5027176,0.4939759
pat_17_image_3830.jpg,17,1,0.33197552,0.2999162
pat_17_image_3831.jpg,17,1,0.7816416,0.6868391
pat_17_image_3832.jpg,17,1,0.7262463,0.6780532
pat_17_image_3833.jpg,17,1,0.7363049,0.7071334
pat_17_image_3834.jpg,17,1,0.42466068,0.3301208
pat_17_image_3835.jpg,17,1,0.6669214,0.64489406
pat_17_image_3836.jpg,17,1,0.41151732,0.409889
pat_17_image_3837.jpg,17,1,0.59292066,0.5715797
pat_17_image_3838.jpg,17,1,0.6031014,0.598183
pat_17_image_3839.jpg,17,1,0.8006672,0.78683865
pat_17_image_3840.jpg,17,1,0.20048517,0.19285813
pat_17_image_3841.jpg,17,1,0.20206514,0.18843938
pat_17_image_3842.jpg,17,1,0.20529383,0.20465234
pat_17_image_3843.jpg,17,1,0.44271982,0.46417126
pat_17_image_3844.jpg,17,1,0.20482014,0.1920012
pat_17_image_3845.jpg,17,1,0.64344263,0.6570102
pat_17_image_3846.jpg,17,1,0.20503743,0.24822833
pat_17_image_3847.jpg,17,1,0.5391413,0.52071714
pat_17_image_3848.jpg,17,1,0.763632,0.7732404
pat_17_image_3849.jpg,17,1,0.24249421,0.25665665
pat_17_image_3850.jpg,17,1,0.45407236,0.4450641
pat_17_image_3851.jpg,17,1,0.85575616,0.84542716
pat_17_image_3852.jpg,17,1,0.40749654,0.354476
pat_17_image_3853.jpg,17,1,0.36213887,0.31460357
pat_17_image_3854.jpg,17,1,0.49806878,0.43719804
pat_17_image_3855.jpg,17,1,0.42302352,0.3509769
pat_17_image_3856.jpg,17,1,0.7917589,0.79666823
pat_17_image_3857.jpg,17,1,0.4584982,0.39975372
pat_17_image_3858.jpg,17,1,0.16922529,0.13660158
pat_17_image_3859.jpg,17,1,0.62824154,0.6771071
pat_17_image_3860.jpg,17,1,0.40082285,0.38570684
pat_17_image_3861.jpg,17,1,0.34785292,0.33112368
pat_17_image_3862.jpg,17,1,0.49529845,0.46666762
pat_17_image_3863.jpg,17,1,0.88440955,0.8627077
pat_17_image_3864.jpg,17,1,0.9567887,0.95864797
pat_17_image_3865.jpg,17,1,0.77528024,0.7779325
pat_17_image_3866.jpg,17,1,0.17516236,0.15924582
pat_17_image_3867.jpg,17,1,0.29257488,0.25963056
pat_17_image_3868.jpg,17,1,0.43643886,0.416798
pat_17_image_3869.jpg,17,1,0.73522407,0.74183995
pat_17_image_3870.jpg,17,1,0.66623515,0.70114696
pat_17_image_3871.jpg,17,1,0.8292048,0.8337862
pat_17_image_3872.jpg,17,1,0.27392223,0.3358061
pat_17_image_3873.jpg,17,1,0.8729423,0.8650836
pat_17_image_3874.jpg,17,1,0.88434196,0.88229233
pat_17_image_3875.jpg,17,1,0.534585,0.53218806
pat_17_image_3876.jpg,17,1,0.84638387,0.86604136
pat_17_image_3877.jpg,17,1,0.6581811,0.617605
pat_17_image_3878.jpg,17,1,0.5342203,0.4433636
pat_17_image_3879.jpg,17,1,0.58371454,0.6146634
pat_17_image_3880.jpg,17,1,0.4770142,0.511355
pat_17_image_3881.jpg,17,1,0.75921416,0.75850785
pat_17_image_3882.jpg,17,1,0.22173229,0.1889994
pat_17_image_3883.jpg,17,1,0.7139505,0.68999106
pat_17_image_3884.jpg,17,1,0.20195496,0.17517214
pat_17_image_3885.jpg,17,1,0.49899873,0.49783656
pat_17_image_3886.jpg,17,1,0.40528584,0.39837041
pat_17_image_3887.jpg,17,1,0.89786583,0.8983008
pat_17_image_3888.jpg,17,1,0.67164296,0.66885865
pat_17_image_3889.jpg,17,1,0.68223906,0.67911744
pat_17_image_3890.jpg,17,1,0.63843024,0.62004334
pat_17_image_3891.jpg,17,1,0.8331016,0.8417164
pat_17_image_3892.jpg,17,1,0.5523965,0.5791216
pat_17_image_3893.jpg,17,1,0.5999067,0.6279673
pat_17_image_3894.jpg,17,1,0.6637531,0.6923319
pat_17_image_3895.jpg,17,1,0.5363426,0.56164086
pat_17_image_3896.jpg,17,1,0.7175475,0.7421114
pat_17_image_3897.jpg,17,1,0.7025667,0.73835474
pat_17_image_3898.jpg,17,1,0.2645001,0.2726004
pat_17_image_3899.jpg,17,1,0.5276658,0.5380698
pat_17_image_3900.jpg,17,1,0.6144232,0.6603539
pat_17_image_3901.jpg,17,1,0.58618796,0.5386245
pat_17_image_3902.jpg,17,1,0.13980727,0.10909305
pat_17_image_3903.jpg,17,1,0.49635184,0.47440246
pat_17_image_3904.jpg,17,1,0.29804885,0.30437472
pat_17_image_3905.jpg,17,1,0.5849233,0.601907
pat_17_image_3906.jpg,17,1,0.3929918,0.4438647
pat_17_image_3907.jpg,17,1,0.51031905,0.5948408
pat_17_image_3908.jpg,17,1,0.7725909,0.81901747
pat_17_image_3909.jpg,17,1,0.31748623,0.30811548
pat_17_image_3910.jpg,17,1,0.90410995,0.8947847
pat_17_image_3911.jpg,17,1,0.90175164,0.9048577
pat_17_image_3912.jpg,17,1,0.31097773,0.2789242
pat_17_image_3913.jpg,17,1,0.20493864,0.18956232
pat_17_image_3914.jpg,17,1,0.45970657,0.45493641
pat_17_image_3915.jpg,17,1,0.5337563,0.5301574
pat_17_image_3916.jpg,17,1,0.83184767,0.83030623
pat_17_image_3917.jpg,17,1,0.4061036,0.31294233
pat_17_image_3918.jpg,17,1,0.49992347,0.4655469
pat_17_image_3919.jpg,17,1,0.6542095,0.6012688
pat_17_image_3920.jpg,17,1,0.8057471,0.80319667
pat_17_image_3921.jpg,17,1,0.50926846,0.4524146
pat_17_image_3922.jpg,17,1,0.77990645,0.76537806
pat_17_image_3923.jpg,17,1,0.6506514,0.6493935
pat_17_image_3924.jpg,17,1,0.7042294,0.6734762
pat_17_image_3925.jpg,17,1,0.46002856,0.46032068
pat_17_image_3926.jpg,17,1,0.28807408,0.27121547
pat_17_image_3927.jpg,17,1,0.45998436,0.44345605
pat_17_image_3928.jpg,17,1,0.8038226,0.7614025
pat_17_image_3929.jpg,17,1,0.72692746,0.7001147
pat_17_image_3930.jpg,17,1,0.5618513,0.56168514
pat_17_image_3931.jpg,17,1,0.9505312,0.9428375
pat_17_image_3932.jpg,17,1,0.42503744,0.406977
pat_17_image_3933.jpg,17,1,0.80644774,0.8084914
pat_17_image_3934.jpg,17,1,0.641502,0.681175
pat_17_image_3935.jpg,17,1,0.8707416,0.86478245
pat_17_image_3936.jpg,17,1,0.39373118,0.37107512
pat_17_image_3937.jpg,17,1,0.22469431,0.22304347
pat_17_image_3938.jpg,17,1,0.46074146,0.4595928
pat_17_image_3939.jpg,17,1,0.8253419,0.84987843
pat_17_image_3940.jpg,17,1,0.7196861,0.7341916
pat_17_image_3941.jpg,17,1,0.7521652,0.74949056
pat_17_image_3942.jpg,17,1,0.4062431,0.4066486
pat_17_image_3943.jpg,17,1,0.726102,0.7638943
pat_17_image_3944.jpg,17,1,0.627495,0.5876288
pat_17_image_3945.jpg,17,1,0.56544274,0.5778814
pat_17_image_3946.jpg,17,1,0.46913308,0.469074
pat_17_image_3947.jpg,17,1,0.37144998,0.3560308
pat_17_image_3948.jpg,17,1,0.44951934,0.44540358
pat_17_image_3949.jpg,17,1,0.275916,0.2982813
pat_17_image_3950.jpg,17,1,0.3748576,0.33137557
pat_17_image_3951.jpg,17,1,0.77633417,0.7770637
pat_17_image_3952.jpg,17,1,0.3223694,0.32727778
pat_17_image_3953.jpg,17,1,0.44722185,0.46386433
pat_17_image_3954.jpg,17,1,0.3154861,0.3490541
pat_17_image_3955.jpg,17,1,0.6294904,0.63269746
pat_17_image_3956.jpg,17,1,0.30958366,0.29319033
pat_17_image_3957.jpg,17,1,0.3115373,0.20499279
pat_17_image_3958.jpg,17,1,0.3243533,0.35001826
pat_17_image_3959.jpg,17,1,0.9453497,0.9363354
pat_17_image_3960.jpg,17,1,0.5355258,0.44635266
pat_17_image_3961.jpg,17,1,0.8755103,0.84849
pat_17_image_3962.jpg,17,1,0.6158078,0.578706
pat_17_image_3963.jpg,17,1,0.60073006,0.58830976
pat_17_image_3964.jpg,17,1,0.22729972,0.22903128
pat_17_image_3965.jpg,17,1,0.3878813,0.4051572
pat_17_image_3966.jpg,17,1,0.6955949,0.71963274
pat_17_image_3967.jpg,17,1,0.5290159,0.5238446
pat_17_image_3968.jpg,17,1,0.8095043,0.7894517
pat_17_image_3969.jpg,17,1,0.46824113,0.49154773
pat_17_image_3970.jpg,17,1,0.8816927,0.8645937
pat_17_image_3971.jpg,17,1,0.9184892,0.9126131
pat_17_image_3972.jpg,17,1,0.5147562,0.48027083
pat_17_image_3973.jpg,17,1,0.86441267,0.8461141
pat_17_image_3974.jpg,17,1,0.6805502,0.66173536
pat_17_image_3975.jpg,17,1,0.6522265,0.6016862
pat_17_image_3976.jpg,17,1,0.7217412,0.67844725
pat_17_image_3977.jpg,17,1,0.9605146,0.96047235
pat_17_image_3978.jpg,17,1,0.47097865,0.5120864
pat_17_image_3979.jpg,17,1,0.46722707,0.47668427
pat_17_image_3980.jpg,17,1,0.46824127,0.42794356
pat_17_image_3981.jpg,17,1,0.3310585,0.32325086
pat_17_image_3982.jpg,17,1,0.9032277,0.89660484
pat_17_image_3983.jpg,17,1,0.33290133,0.3034026
pat_17_image_3984.jpg,17,1,0.33786243,0.3105217
pat_17_image_3985.jpg,17,1,0.47394058,0.45606738
pat_17_image_3986.jpg,17,1,0.48084706,0.48047432
pat_17_image_3987.jpg,17,1,0.52701396,0.57173514
pat_17_image_3988.jpg,17,1,0.52524745,0.57395875
pat_17_image_3989.jpg,17,1,0.61282086,0.6278525
pat_17_image_3990.jpg,17,1,0.88147676,0.8816006
pat_17_image_3991.jpg,17,1,0.7035965,0.73328847
pat_17_image_3992.jpg,17,1,0.3478727,0.43550813
pat_17_image_3993.jpg,17,1,0.6962404,0.75699097
pat_17_image_3994.jpg,17,1,0.7862923,0.82466066
pat_17_image_3995.jpg,17,1,0.80450135,0.8546175
pat_17_image_3996.jpg,17,1,0.5750438,0.5188119
pat_17_image_3997.jpg,17,1,0.7544041,0.73044544
pat_17_image_3998.jpg,17,1,0.94985247,0.9547516
pat_17_image_3999.jpg,17,1,0.38110763,0.35442263
pat_17_image_4000.jpg,17,1,0.8649262,0.86464536
pat_17_image_4001.jpg,17,1,0.3001314,0.26626801
pat_17_image_4002.jpg,17,1,0.34289056,0.32651606
pat_17_image_4003.jpg,17,1,0.65134436,0.6824515
pat_17_image_4004.jpg,17,1,0.31610772,0.3134819
pat_17_image_4005.jpg,17,1,0.90263844,0.90147936
pat_17_image_4006.jpg,17,1,0.40941164,0.35761365
pat_17_image_4007.jpg,17,1,0.9082852,0.90150136
pat_17_image_4008.jpg,17,1,0.37628618,0.40223354
pat_17_image_4009.jpg,17,1,0.6002541,0.6453634
pat_17_image_4010.jpg,17,1,0.4128841,0.44728452
pat_17_image_4011.jpg,17,1,0.36406022,0.36081263
pat_17_image_4012.jpg,17,1,0.44776118,0.4565386
pat_17_image_4013.jpg,17,1,0.63192487,0.567
pat_17_image_4014.jpg,17,1,0.8296444,0.8224206
pat_17_image_4015.jpg,17,1,0.49301693,0.5189094
pat_17_image_4016.jpg,17,1,0.5597141,0.5685061
pat_17_image_4017.jpg,17,1,0.4005722,0.35339364
pat_17_image_4018.jpg,17,1,0.645398,0.6761416
pat_17_image_4019.jpg,17,1,0.7446701,0.6985867
pat_17_image_4020.jpg,17,1,0.10648905,0.0919855
pat_17_image_4021.jpg,17,1,0.57856005,0.49016228
pat_17_image_4022.jpg,17,1,0.41265795,0.373177
pat_17_image_4023.jpg,17,1,0.6182234,0.5223945
pat_17_image_4024.jpg,17,1,0.44341296,0.43085578
pat_17_image_4025.jpg,17,1,0.6900624,0.68737304
pat_17_image_4026.jpg,17,1,0.37978017,0.40945747
pat_17_image_4027.jpg,17,1,0.8439715,0.832391
pat_17_image_4028.jpg,17,1,0.73427427,0.71246564
pat_17_image_4029.jpg,17,1,0.6170557,0.5652841
pat_17_image_4030.jpg,17,1,0.32211325,0.25263128
pat_17_image_4031.jpg,17,1,0.794965,0.75313413
pat_17_image_4032.jpg,17,1,0.9415796,0.9344428
pat_17_image_4033.jpg,17,1,0.652921,0.6186731
pat_17_image_4034.jpg,17,1,0.34919667,0.30017707
pat_17_image_4035.jpg,17,1,0.36532027,0.39707515
pat_17_image_4036.jpg,17,1,0.567441,0.6159088
pat_17_image_4037.jpg,17,1,0.6868003,0.6910119
pat_17_image_4038.jpg,17,1,0.75877017,0.7228773
pat_17_image_4039.jpg,17,1,0.89391327,0.88426965
pat_17_image_4040.jpg,17,1,0.51431626,0.5346964
pat_17_image_4041.jpg,17,1,0.97192186,0.97286576
pat_17_image_4042.jpg,17,1,0.3066567,0.31960925
pat_17_image_4043.jpg,17,1,0.6221216,0.65274394
pat_17_image_4044.jpg,17,1,0.83708704,0.846442
pat_17_image_4045.jpg,17,1,0.7265317,0.6608568
pat_17_image_4046.jpg,17,1,0.5828534,0.5999238
pat_17_image_4047.jpg,17,1,0.4409451,0.42487887
pat_17_image_4048.jpg,17,1,0.5834408,0.6148686
pat_17_image_4049.jpg,17,1,0.5853976,0.5891525
pat_17_image_4050.jpg,17,1,0.10895324,0.09086794
pat_17_image_4051.jpg,17,1,0.20731102,0.23526207
pat_17_image_4052.jpg,17,1,0.47972602,0.5461765
pat_17_image_4053.jpg,17,1,0.9642802,0.9613044
pat_17_image_4054.jpg,17,1,0.3011429,0.3308907
pat_17_image_4055.jpg,17,1,0.52038914,0.5366115
pat_17_image_4056.jpg,17,1,0.71539414,0.70520955
pat_17_image_4057.jpg,17,1,0.63886726,0.62157583
pat_17_image_4058.jpg,17,1,0.6771423,0.7180324
pat_17_image_4059.jpg,17,1,0.72665405,0.7379327
pat_17_image_4060.jpg,17,1,0.7462414,0.7243462
pat_17_image_4061.jpg,17,1,0.6214647,0.5755216
pat_17_image_4062.jpg,17,1,0.37720197,0.3363828
pat_17_image_4063.jpg,17,1,0.25808161,0.2489171
pat_17_image_4064.jpg,17,1,0.48894948,0.47269595
pat_17_image_4065.jpg,17,1,0.33267707,0.35914332
pat_17_image_4066.jpg,17,1,0.7651588,0.7439839
pat_17_image_4067.jpg,17,1,0.7616053,0.75419617
pat_17_image_4068.jpg,17,1,0.69808275,0.7574027
pat_17_image_4069.jpg,17,1,0.5006657,0.47846997
pat_17_image_4070.jpg,17,1,0.83932287,0.8388639
pat_17_image_4071.jpg,17,1,0.6167823,0.6168897
pat_17_image_4072.jpg,17,1,0.8732024,0.8714895
pat_17_image_4073.jpg,17,1,0.52203846,0.5507731
pat_17_image_4074.jpg,17,1,0.5857121,0.5664301
pat_17_image_4075.jpg,17,1,0.5768281,0.5629225
pat_17_image_4076.jpg,17,1,0.712858,0.7585619
pat_17_image_4077.jpg,17,1,0.72889525,0.7088143
pat_17_image_4078.jpg,17,1,0.47292033,0.47844896
pat_17_image_4079.jpg,17,1,0.2905757,0.28533354
pat_17_image_4080.jpg,17,1,0.5667842,0.53062516
pat_17_image_4081.jpg,17,1,0.5408977,0.5229375
pat_17_image_4082.jpg,17,1,0.6589835,0.5866024
pat_17_image_4083.jpg,17,1,0.70899105,0.698462
pat_17_image_4084.jpg,17,1,0.39595068,0.42496747
pat_17_image_4085.jpg,17,1,0.36987388,0.39658096
pat_17_image_4086.jpg,17,1,0.47181997,0.48094985
pat_17_image_4087.jpg,17,1,0.8617787,0.85429406
pat_17_image_4088.jpg,17,1,0.3038653,0.29182374
pat_17_image_4089.jpg,17,1,0.71034944,0.77819955
pat_17_image_4090.jpg,17,1,0.86764634,0.867325
pat_17_image_4091.jpg,17,1,0.86216325,0.8501067
pat_17_image_4092.jpg,17,1,0.8094328,0.8161468
pat_17_image_4093.jpg,17,1,0.6031889,0.58566964
pat_17_image_4094.jpg,17,1,0.9187572,0.9185628
pat_17_image_4095.jpg,17,1,0.8592907,0.87445414
pat_17_image_4096.jpg,17,1,0.80081207,0.78507376
pat_17_image_4097.jpg,17,1,0.42090195,0.4139551
pat_17_image_4098.jpg,17,1,0.5842115,0.6247954
pat_17_image_4099.jpg,17,1,0.7007565,0.72759557
pat_17_image_4100.jpg,17,1,0.77214545,0.71025723
pat_17_image_4101.jpg,17,1,0.9105415,0.8917919
pat_17_image_4102.jpg,17,1,0.73373127,0.78196955
pat_17_image_4103.jpg,17,1,0.51795506,0.5043241
pat_17_image_4104.jpg,17,1,0.95054054,0.9557055
pat_17_image_4105.jpg,17,1,0.92671084,0.93634653
pat_17_image_4106.jpg,17,1,0.43102258,0.38123205
pat_17_image_4107.jpg,17,1,0.6119197,0.6736598
pat_17_image_4108.jpg,17,1,0.8283172,0.8409729
pat_17_image_4109.jpg,17,1,0.79772925,0.73811
pat_17_image_4110.jpg,17,1,0.94932973,0.94452226
pat_17_image_4111.jpg,17,1,0.6961096,0.6792155
pat_17_image_4112.jpg,17,1,0.8692543,0.8689855
pat_17_image_4113.jpg,17,1,0.4486373,0.40705332
pat_17_image_4114.jpg,17,1,0.6236934,0.65317523
pat_17_image_4115.jpg,17,1,0.537885,0.53465015
pat_17_image_4116.jpg,17,1,0.41136038,0.42511594
pat_17_image_4117.jpg,17,1,0.7532159,0.76859444
pat_17_image_4118.jpg,17,1,0.39517653,0.4347264
pat_17_image_4119.jpg,17,1,0.3782964,0.33895004
pat_17_image_4120.jpg,17,1,0.32013017,0.3002454
pat_17_image_4121.jpg,17,1,0.48995548,0.40841624
pat_17_image_4122.jpg,17,1,0.58667517,0.5916713
pat_17_image_4123.jpg,17,1,0.60797536,0.63252765
pat_17_image_4124.jpg,17,1,0.85470575,0.8664437
pat_17_image_4125.jpg,17,1,0.32400018,0.326875
pat_17_image_4126.jpg,17,1,0.78706264,0.7696147
pat_17_image_4127.jpg,17,1,0.737249,0.73089397
pat_17_image_4128.jpg,17,1,0.26260355,0.24446368
pat_17_image_4129.jpg,17,1,0.5447947,0.5431507
pat_17_image_4130.jpg,17,1,0.30714515,0.3136059
pat_17_image_4131.jpg,17,1,0.38055304,0.38191825
pat_17_image_4132.jpg,17,1,0.80677223,0.81906384
pat_17_image_4133.jpg,17,1,0.57003015,0.58538127
pat_17_image_4134.jpg,17,1,0.35531294,0.3348635
pat_17_image_4135.jpg,17,1,0.5086998,0.49398726
pat_17_image_4136.jpg,17,1,0.38952336,0.36426607
pat_17_image_4137.jpg,17,1,0.88212276,0.8774017
pat_17_image_4138.jpg,17,1,0.65862566,0.59273535
pat_17_image_4139.jpg,17,1,0.33678827,0.3255252
pat_17_image_4140.jpg,17,1,0.34582415,0.37120807
pat_17_image_4141.jpg,17,1,0.8773828,0.8587119
pat_17_image_4142.jpg,17,1,0.6847114,0.56079435
pat_17_image_4143.jpg,17,1,0.15254669,0.15289527
pat_17_image_4144.jpg,17,1,0.3644519,0.32637313
pat_17_image_4145.jpg,17,1,0.4304106,0.39244828
pat_17_image_4146.jpg,17,1,0.8813585,0.86641604
pat_17_image_4147.jpg,17,1,0.8030658,0.78789496
pat_17_image_4148.jpg,17,1,0.6313165,0.6459961
pat_17_image_4149.jpg,17,1,0.8207829,0.8045946
pat_17_image_4150.jpg,17,1,0.6589873,0.57245946
pat_17_image_4151.jpg,17,1,0.70557916,0.7128544
pat_17_image_4152.jpg,17,1,0.88632536,0.89123785
pat_17_image_4153.jpg,17,1,0.4650037,0.46250477
pat_17_image_4154.jpg,17,1,0.22150257,0.20214492
pat_17_image_4155.jpg,17,1,0.40271035,0.35540545
pat_17_image_4156.jpg,17,1,0.48191324,0.42946154
pat_17_image_4157.jpg,17,1,0.25901252,0.26231885
pat_17_image_4158.jpg,17,1,0.81750333,0.79045576
pat_17_image_4159.jpg,17,1,0.3746138,0.34889734
pat_17_image_4160.jpg,17,1,0.7515293,0.7666028
pat_17_image_4161.jpg,17,1,0.22909686,0.220624
pat_17_image_4162.jpg,17,1,0.88293654,0.8702184
pat_17_image_4163.jpg,17,1,0.5888919,0.58333457
pat_17_image_4164.jpg,17,1,0.85934305,0.8602227
pat_17_image_4165.jpg,17,1,0.73987997,0.7496574
pat_17_image_4166.jpg,17,1,0.3632888,0.3089702
pat_17_image_4167.jpg,17,1,0.65825933,0.6306493
pat_17_image_4168.jpg,17,1,0.18922871,0.15925914
pat_17_image_4169.jpg,17,1,0.72578317,0.68395025
pat_17_image_4170.jpg,17,1,0.4561045,0.43891212
pat_17_image_4171.jpg,17,1,0.5888603,0.58321875
pat_17_image_4172.jpg,17,1,0.2394049,0.21017069
pat_17_image_4173.jpg,17,1,0.2226858,0.20063102
pat_17_image_4174.jpg,17,1,0.48990387,0.4800406
pat_17_image_4175.jpg,17,1,0.48016503,0.46847045
pat_17_image_4176.jpg,17,1,0.3456135,0.3211604
pat_17_image_4177.jpg,17,1,0.5051504,0.45683187
pat_17_image_4178.jpg,17,1,0.63809234,0.63938683
pat_17_image_4179.jpg,17,1,0.474668,0.4595007
pat_17_image_4180.jpg,17,1,0.3875777,0.33436558
pat_17_image_4181.jpg,17,1,0.71217483,0.6937362
pat_17_image_4182.jpg,17,1,0.5926129,0.53530675
pat_17_image_4183.jpg,17,1,0.5588268,0.50165355
pat_17_image_4184.jpg,17,1,0.46548584,0.43506458
pat_17_image_4185.jpg,17,1,0.2920658,0.26144668
pat_17_image_4186.jpg,17,1,0.60119176,0.49844185
pat_17_image_4187.jpg,17,1,0.7294677,0.7185104
pat_17_image_4188.jpg,17,1,0.5551234,0.55861896
pat_17_image_4189.jpg,17,1,0.7670369,0.77191436
pat_17_image_4190.jpg,17,1,0.9310597,0.9311995
pat_17_image_4191.jpg,17,1,0.71930015,0.68354756
pat_17_image_4192.jpg,17,1,0.76974595,0.8008492
pat_17_image_4193.jpg,17,1,0.5961133,0.5776398
pat_17_image_4194.jpg,17,1,0.902875,0.9226224
pat_17_image_4195.jpg,17,1,0.49824393,0.48177773
pat_17_image_4196.jpg,17,1,0.34498194,0.29013503
pat_17_image_4197.jpg,17,1,0.90579563,0.88015187
pat_17_image_4198.jpg,17,1,0.28623545,0.28463206
pat_17_image_4199.jpg,17,1,0.62698305,0.56295055
pat_17_image_4200.jpg,17,1,0.71967816,0.7236846
pat_17_image_4201.jpg,17,1,0.7738654,0.80491567
pat_17_image_4202.jpg,17,1,0.68643254,0.6907288
pat_17_image_4203.jpg,17,1,0.36268035,0.3495139
pat_17_image_4204.jpg,17,1,0.7520017,0.68427163
pat_17_image_4205.jpg,17,1,0.39269686,0.35543147
pat_17_image_4206.jpg,17,1,0.4523389,0.4248734
pat_17_image_4207.jpg,17,1,0.20557518,0.17372821
pat_17_image_4208.jpg,17,1,0.4815054,0.44000822
pat_17_image_4209.jpg,17,1,0.86332023,0.8475421
pat_17_image_4210.jpg,17,1,0.97095054,0.9672037
pat_17_image_4211.jpg,17,1,0.8645515,0.86086893
pat_17_image_4212.jpg,17,1,0.7263488,0.7447864
pat_17_image_4213.jpg,17,1,0.92661005,0.927235
pat_17_image_4214.jpg,17,1,0.55760336,0.5795909
pat_17_image_4215.jpg,17,1,0.79654557,0.8215477
pat_17_image_4216.jpg,17,1,0.67422944,0.6789213
pat_17_image_4217.jpg,17,1,0.7585193,0.7738189
pat_17_image_4218.jpg,17,1,0.81796634,0.8266545
pat_17_image_4219.jpg,17,1,0.7770538,0.7992295
pat_17_image_4220.jpg,17,1,0.82780355,0.8375404
pat_17_image_4221.jpg,17,1,0.7401316,0.7858482
pat_17_image_4222.jpg,17,1,0.8293147,0.8136928
pat_17_image_4223.jpg,17,1,0.68202716,0.6895587
pat_17_image_4224.jpg,17,1,0.7440977,0.712387
pat_17_image_4225.jpg,17,1,0.8187604,0.8201624
pat_17_image_4226.jpg,17,1,0.8765463,0.90042174
pat_17_image_4227.jpg,17,1,0.5380327,0.5608655
pat_17_image_4228.jpg,17,1,0.69805,0.70775336
pat_17_image_4229.jpg,17,1,0.7035527,0.71047646
pat_17_image_4230.jpg,17,1,0.7752596,0.7279303
pat_17_image_4231.jpg,17,1,0.48143962,0.48071977
pat_17_image_4232.jpg,17,1,0.9137517,0.9087563
pat_17_image_4233.jpg,17,1,0.52392167,0.51660335
pat_17_image_4234.jpg,17,1,0.6906697,0.6869236
pat_17_image_4235.jpg,17,1,0.732388,0.74135554
pat_17_image_4236.jpg,17,1,0.6338585,0.6243738
pat_17_image_4237.jpg,17,1,0.71814764,0.6991798
pat_17_image_4238.jpg,17,1,0.5364683,0.5294163
pat_17_image_4239.jpg,17,1,0.7347622,0.7361816
pat_17_image_4240.jpg,17,1,0.30844954,0.3087347
pat_17_image_4241.jpg,17,1,0.46759254,0.42490965
pat_17_image_4242.jpg,17,1,0.7802381,0.7891944
pat_17_image_4243.jpg,17,1,0.53585434,0.5194512
pat_17_image_4244.jpg,17,1,0.8126866,0.7960538
pat_17_image_4245.jpg,17,1,0.12513107,0.11032646
pat_17_image_4246.jpg,17,1,0.39698133,0.40776926
pat_17_image_4247.jpg,17,1,0.5293118,0.48792592
pat_17_image_4248.jpg,17,1,0.8321859,0.80123574
pat_17_image_4249.jpg,17,1,0.7215401,0.71496
pat_17_image_4250.jpg,17,1,0.5177685,0.3912681
pat_17_image_4251.jpg,17,1,0.55739343,0.5714449
pat_17_image_4252.jpg,17,1,0.2834396,0.26539028
pat_17_image_4253.jpg,17,1,0.9729285,0.9700276
pat_17_image_4254.jpg,17,1,0.5739908,0.54831207
pat_17_image_4255.jpg,17,1,0.7633295,0.80334455
pat_17_image_4256.jpg,17,1,0.9752847,0.9721594
pat_17_image_4257.jpg,17,1,0.518402,0.48073024
pat_17_image_4258.jpg,17,1,0.44150957,0.40996987
pat_17_image_4259.jpg,17,1,0.4888783,0.4804311
pat_17_image_4260.jpg,17,1,0.686284,0.6862969
pat_17_image_4261.jpg,17,1,0.9572018,0.9475287
pat_17_image_4262.jpg,17,1,0.806997,0.78246385
pat_17_image_4263.jpg,17,1,0.68823737,0.7014231
pat_17_image_4264.jpg,17,1,0.68025243,0.60415745
pat_17_image_4265.jpg,17,1,0.84816897,0.8337768
pat_17_image_4266.jpg,17,1,0.4936028,0.4652401
pat_17_image_4267.jpg,17,1,0.6697846,0.68178964
pat_17_image_4268.jpg,17,1,0.8368134,0.8309185
pat_17_image_4269.jpg,17,1,0.74719363,0.722018
pat_17_image_4270.jpg,17,1,0.8187779,0.80423725
pat_17_image_4271.jpg,17,1,0.76643157,0.7825587
pat_17_image_4272.jpg,17,1,0.21167271,0.16035077
pat_17_image_4273.jpg,17,1,0.29810902,0.34226793
pat_17_image_4274.jpg,17,1,0.3041934,0.29311243
pat_17_image_4275.jpg,17,1,0.34385702,0.33226523
pat_17_image_4276.jpg,17,1,0.6104344,0.5976993
pat_17_image_4277.jpg,17,1,0.750278,0.7499341
pat_17_image_4278.jpg,17,1,0.2836571,0.2758307
pat_17_image_4279.jpg,17,1,0.40685838,0.37595147
pat_17_image_4280.jpg,17,1,0.7247274,0.7490308
pat_17_image_4281.jpg,17,1,0.42425126,0.41658908
pat_17_image_4282.jpg,17,1,0.6528879,0.6612248
pat_17_image_4283.jpg,17,1,0.94021714,0.9412901
pat_17_image_4284.jpg,17,1,0.60309607,0.6107947
pat_17_image_4285.jpg,17,1,0.7257755,0.73689556
pat_17_image_4286.jpg,17,1,0.40074372,0.39645496
pat_17_image_4287.jpg,17,1,0.5522499,0.51971424
pat_17_image_4288.jpg,17,1,0.95786923,0.959811
pat_17_image_4289.jpg,17,1,0.8817129,0.8573962
pat_17_image_4290.jpg,17,1,0.69128764,0.63856095
pat_17_image_4291.jpg,17,1,0.52594006,0.5470704
pat_17_image_4292.jpg,17,1,0.7661141,0.72814775
pat_17_image_4293.jpg,17,1,0.39772472,0.40774775
pat_17_image_4294.jpg,17,1,0.62281084,0.6113789
pat_17_image_4295.jpg,17,1,0.77356833,0.7387389
pat_17_image_4296.jpg,17,1,0.7755649,0.8096274
pat_17_image_4297.jpg,17,1,0.4102366,0.4375904
pat_17_image_4298.jpg,17,1,0.8831258,0.8841354
pat_17_image_4299.jpg,17,1,0.4075679,0.3480879
pat_17_image_4300.jpg,17,1,0.6881374,0.66032785
pat_17_image_4301.jpg,17,1,0.26557696,0.22759753
pat_17_image_4302.jpg,17,1,0.31600237,0.30751798
pat_17_image_4303.jpg,17,1,0.6521968,0.59949183
pat_17_image_4304.jpg,17,1,0.22439146,0.20600948
pat_17_image_4305.jpg,17,1,0.82651764,0.83655477
pat_17_image_4306.jpg,17,1,0.80302733,0.7862378
pat_17_image_4307.jpg,17,1,0.60142,0.54079294
pat_17_image_4308.jpg,17,1,0.6703676,0.62912667
pat_17_image_4309.jpg,17,1,0.79004323,0.7967685
pat_17_image_4310.jpg,17,1,0.3246312,0.34140307
pat_17_image_4311.jpg,17,1,0.7271185,0.71885294
pat_17_image_4312.jpg,17,1,0.64971983,0.6506116
pat_17_image_4313.jpg,17,1,0.7775863,0.75125164
pat_17_image_4314.jpg,17,1,0.9412829,0.9223504
pat_17_image_4315.jpg,17,1,0.49417612,0.4189295
pat_17_image_4316.jpg,17,1,0.41662395,0.34960037
pat_17_image_4317.jpg,17,1,0.7156075,0.66883063
pat_17_image_4318.jpg,17,1,0.6649765,0.66376716
pat_17_image_4319.jpg,17,1,0.37957472,0.37877318
pat_17_image_4320.jpg,17,1,0.33882347,0.3161318
pat_17_image_4321.jpg,17,1,0.17386465,0.1945648
pat_17_image_4322.jpg,17,1,0.46337298,0.41982478
pat_17_image_4323.jpg,17,1,0.24958864,0.21915898
pat_17_image_4324.jpg,17,1,0.7574095,0.79329437
pat_17_image_4325.jpg,17,1,0.80949897,0.8017359
pat_17_image_4326.jpg,17,1,0.54261786,0.5701966
pat_17_image_4327.jpg,17,1,0.45783213,0.46461314
pat_17_image_4328.jpg,17,1,0.58064353,0.55212
pat_17_image_4329.jpg,17,1,0.8058552,0.81021464
pat_17_image_4330.jpg,17,1,0.735525,0.70167446
pat_17_image_4331.jpg,17,1,0.28797445,0.2757454
pat_17_image_4332.jpg,17,1,0.33429128,0.30539176
pat_17_image_4333.jpg,17,1,0.8563417,0.8298225
pat_17_image_4334.jpg,17,1,0.3272189,0.3466818
pat_17_image_4335.jpg,17,1,0.63450134,0.64401203
pat_17_image_4336.jpg,17,1,0.8822161,0.88718957
pat_17_image_4337.jpg,17,1,0.7058871,0.66627294
pat_17_image_4338.jpg,17,1,0.35491976,0.38360938
pat_17_image_4339.jpg,17,1,0.45548946,0.39316708
pat_17_image_4340.jpg,17,1,0.91305393,0.9080575
pat_17_image_4341.jpg,17,1,0.20171183,0.18781574
pat_17_image_4342.jpg,17,1,0.34258994,0.30386275
pat_17_image_4343.jpg,17,1,0.4492422,0.44391212
pat_17_image_4344.jpg,17,1,0.13101545,0.12392473
pat_17_image_4345.jpg,17,1,0.24483697,0.22765915
pat_17_image_4346.jpg,17,1,0.6867121,0.6836015
pat_17_image_4347.jpg,17,1,0.65613186,0.65869474
pat_17_image_4348.jpg,17,1,0.76069814,0.75375867
pat_17_image_4349.jpg,17,1,0.48500675,0.4536975
pat_17_image_4350.jpg,17,1,0.94430256,0.9443442
pat_17_image_4351.jpg,17,1,0.5809852,0.57098633
pat_17_image_4352.jpg,17,1,0.57402456,0.5937365
pat_17_image_4353.jpg,17,1,0.58152485,0.54901093
pat_17_image_4354.jpg,17,1,0.89951473,0.8993829
pat_17_image_4355.jpg,17,1,0.72624844,0.6886759
pat_17_image_4356.jpg,17,1,0.30794722,0.27196598
pat_17_image_4357.jpg,17,1,0.8224125,0.7916681
pat_17_image_4358.jpg,17,1,0.8729105,0.83980155
pat_17_image_4359.jpg,17,1,0.17663766,0.15111922
pat_17_image_4360.jpg,17,1,0.34003088,0.29515427
pat_17_image_4361.jpg,17,1,0.83502245,0.80898815
pat_17_image_4362.jpg,17,1,0.95122856,0.9442283
pat_17_image_4363.jpg,17,1,0.16548671,0.15797624
pat_17_image_4364.jpg,17,1,0.696618,0.69073755
pat_17_image_4365.jpg,17,1,0.92366916,0.9115485
pat_17_image_4366.jpg,17,1,0.33295754,0.2856608
pat_17_image_4367.jpg,17,1,0.51415455,0.47994626
pat_17_image_4368.jpg,17,1,0.4739319,0.41473058
pat_17_image_4369.jpg,17,1,0.88245374,0.87029153
pat_17_image_4370.jpg,17,1,0.66495734,0.64135003
pat_17_image_4371.jpg,17,1,0.50146455,0.4793626
pat_17_image_4372.jpg,17,1,0.85580814,0.85838026
pat_17_image_4373.jpg,17,1,0.5086326,0.5398839
pat_17_image_4374.jpg,17,1,0.7498001,0.6966835
pat_17_image_4375.jpg,17,1,0.89364004,0.8860012
pat_17_image_4376.jpg,17,1,0.6594648,0.622296
pat_17_image_4377.jpg,17,1,0.23725988,0.21207978
pat_17_image_4378.jpg,17,1,0.61439747,0.66504693
pat_17_image_4379.jpg,17,1,0.9509084,0.9522325
pat_17_image_4380.jpg,17,1,0.32821074,0.32381484
pat_17_image_4381.jpg,17,1,0.46046814,0.45350435
pat_17_image_4382.jpg,17,1,0.9252828,0.91692644
pat_17_image_4383.jpg,17,1,0.4126387,0.3558124
pat_17_image_4384.jpg,17,1,0.765807,0.7521908
pat_17_image_4385.jpg,17,1,0.8286125,0.81646335
pat_17_image_4386.jpg,17,1,0.7030012,0.6638457
pat_17_image_4387.jpg,17,1,0.16298607,0.14208117
pat_17_image_4388.jpg,17,1,0.42502347,0.41899762
pat_17_image_4389.jpg,17,1,0.46428004,0.46395075
pat_17_image_4390.jpg,17,1,0.80028284,0.7645852
pat_17_image_4391.jpg,17,1,0.2295308,0.22007792
pat_17_image_4392.jpg,17,1,0.37961423,0.31822684
pat_17_image_4393.jpg,17,1,0.3736557,0.38484725
pat_17_image_4394.jpg,17,1,0.81963336,0.825517
pat_17_image_4395.jpg,17,1,0.54448116,0.47822905
pat_17_image_4396.jpg,17,1,0.64273065,0.5838351
pat_17_image_4397.jpg,17,1,0.3334706,0.30806547
pat_17_image_4398.jpg,17,1,0.3850599,0.36592326
pat_17_image_4399.jpg,17,1,0.49081996,0.43758976
pat_17_image_4400.jpg,17,1,0.35436907,0.3246772
pat_17_image_4401.jpg,17,1,0.9261178,0.92478234
pat_17_image_4402.jpg,17,1,0.74477196,0.72867674
pat_17_image_4403.jpg,17,1,0.5775357,0.5350818
pat_17_image_4404.jpg,17,1,0.6635952,0.664611
pat_17_image_4405.jpg,17,1,0.44219458,0.46517923
pat_17_image_4406.jpg,17,1,0.5072913,0.47458497
pat_17_image_4407.jpg,17,1,0.5651692,0.5642885
pat_17_image_4408.jpg,17,1,0.7250305,0.7085546
pat_17_image_4409.jpg,17,1,0.59847397,0.58919126
pat_17_image_4410.jpg,17,1,0.7385651,0.66993284
pat_17_image_4411.jpg,17,1,0.2604179,0.23821957
pat_17_image_4412.jpg,17,1,0.47322166,0.4187032
pat_17_image_4413.jpg,17,1,0.69117033,0.69185966
pat_17_image_4414.jpg,17,1,0.34756684,0.26483536
pat_17_image_4415.jpg,17,1,0.77617395,0.7610625
pat_17_image_4416.jpg,17,1,0.6533033,0.6906181
pat_17_image_4417.jpg,17,1,0.44585678,0.48920104
pat_17_image_4418.jpg,17,1,0.69428366,0.67071
pat_17_image_4419.jpg,17,1,0.5524717,0.4753884
pat_17_image_4420.jpg,17,1,0.5871466,0.57882047
pat_17_image_4421.jpg,17,1,0.7504421,0.7253823
pat_17_image_4422.jpg,17,1,0.94868624,0.94198835
pat_17_image_4423.jpg,17,1,0.9139333,0.90755314
pat_17_image_4424.jpg,17,1,0.56929284,0.53202754
pat_17_image_4425.jpg,17,1,0.61804205,0.54972297
pat_17_image_4426.jpg,17,1,0.36733148,0.3352288
pat_17_image_4427.jpg,17,1,0.9215828,0.90794
pat_17_image_4428.jpg,17,1,0.7714219,0.7558116
pat_17_image_4429.jpg,17,1,0.47608164,0.4698017
pat_17_image_4430.jpg,17,1,0.44729033,0.44378167
pat_17_image_4431.jpg,17,1,0.7732648,0.73654246
pat_17_image_4432.jpg,17,1,0.7996494,0.77936125
pat_17_image_4433.jpg,17,1,0.71172726,0.7395878
pat_17_image_4434.jpg,17,1,0.60859704,0.6301156
pat_17_image_4435.jpg,17,1,0.4523536,0.39084858
pat_17_image_4436.jpg,17,1,0.8966981,0.8905606
pat_17_image_4437.jpg,17,1,0.72182655,0.7700599
pat_17_image_4438.jpg,17,1,0.37786424,0.36955607
pat_17_image_4439.jpg,17,1,0.35701457,0.3161958
pat_17_image_4440.jpg,17,1,0.38786933,0.3119108
pat_17_image_4441.jpg,17,1,0.19531299,0.17350344
pat_17_image_4442.jpg,17,1,0.38790894,0.3476417
pat_17_image_4443.jpg,17,1,0.45313138,0.45774612
pat_17_image_4444.jpg,17,1,0.33700585,0.31702766
pat_17_image_4445.jpg,17,1,0.6900318,0.6671275
pat_17_image_4446.jpg,17,1,0.623679,0.66671485
pat_17_image_4447.jpg,17,1,0.69823396,0.66110545
pat_17_image_4448.jpg,17,1,0.58652866,0.58358204
pat_17_image_4449.jpg,17,1,0.25072291,0.25661018
pat_17_image_4450.jpg,17,1,0.3317132,0.3006909
pat_17_image_4451.jpg,17,1,0.2858829,0.26343992
pat_17_image_4452.jpg,17,1,0.9216521,0.89785165
pat_17_image_4453.jpg,17,1,0.6281984,0.6045566
pat_17_image_4454.jpg,17,1,0.9056701,0.90506935
pat_17_image_4455.jpg,17,1,0.7161234,0.7277505
pat_17_image_4456.jpg,17,1,0.7045096,0.7095508
pat_17_image_4457.jpg,17,1,0.8877812,0.87783664
pat_17_image_4458.jpg,17,1,0.5769793,0.5274906
pat_17_image_4459.jpg,17,1,0.6493783,0.6275875
pat_17_image_4460.jpg,17,1,0.44874647,0.43801305
pat_17_image_4461.jpg,17,1,0.3303278,0.3439543
pat_17_image_4462.jpg,17,1,0.6363656,0.6754498
pat_17_image_4463.jpg,17,1,0.6591076,0.63181245
pat_17_image_4464.jpg,17,1,0.80281526,0.7834187
pat_17_image_4465.jpg,17,1,0.70242727,0.6643076
pat_17_image_4466.jpg,17,1,0.68097514,0.6151444
pat_17_image_4467.jpg,17,1,0.77173704,0.7196053
pat_17_image_4468.jpg,17,1,0.78759307,0.7633423
pat_17_image_4469.jpg,17,1,0.18561816,0.17655165
pat_17_image_4470.jpg,17,1,0.7190959,0.71771294
pat_17_image_4471.jpg,17,1,0.31032512,0.26676854
pat_17_image_4472.jpg,17,1,0.9038523,0.91653866
pat_17_image_4473.jpg,17,1,0.65607613,0.62471473
pat_17_image_4474.jpg,17,1,0.6953158,0.68523186
pat_17_image_4475.jpg,17,1,0.6919749,0.6383283
pat_17_image_4476.jpg,17,1,0.94889647,0.9506958
pat_17_image_4477.jpg,17,1,0.12625535,0.13094063
pat_17_image_4478.jpg,17,1,0.66462266,0.61773384
pat_17_image_4479.jpg,17,1,0.43837327,0.40152502
pat_17_image_4480.jpg,17,1,0.8121311,0.8044982
pat_17_image_4481.jpg,17,1,0.277027,0.236085
pat_17_image_4482.jpg,17,1,0.5132416,0.54017055
pat_17_image_4483.jpg,17,1,0.5214891,0.50889254
pat_17_image_4484.jpg,17,1,0.6772633,0.6833667
pat_17_image_4485.jpg,17,1,0.69901294,0.6990902
pat_17_image_4486.jpg,17,1,0.5234514,0.56396955
pat_17_image_4487.jpg,17,1,0.7750353,0.72983974
pat_17_image_4488.jpg,17,1,0.2896289,0.2910657
pat_17_image_4489.jpg,17,1,0.6728656,0.68725336
pat_17_image_4490.jpg,17,1,0.80075175,0.7971554
pat_17_image_4491.jpg,17,1,0.49531433,0.5355486
pat_17_image_4492.jpg,17,1,0.27475584,0.29635748
pat_17_image_4493.jpg,17,1,0.39163354,0.38715506
pat_17_image_4494.jpg,17,1,0.77558,0.72990817
pat_17_image_4495.jpg,17,1,0.7437216,0.72240764
pat_17_image_4496.jpg,17,1,0.262581,0.275008
pat_17_image_4497.jpg,17,1,0.6674917,0.6727533
pat_17_image_4498.jpg,17,1,0.4791255,0.45675865
pat_17_image_4499.jpg,17,1,0.4456507,0.4063583
pat_17_image_4500.jpg,17,1,0.360608,0.38339695
pat_17_image_4501.jpg,17,1,0.17285395,0.18131815
pat_17_image_4502.jpg,17,1,0.646099,0.63159406
pat_17_image_4503.jpg,17,1,0.888911,0.8881831
pat_17_image_4504.jpg,17,1,0.34412453,0.2942476
pat_17_image_4505.jpg,17,1,0.74029416,0.75526375
pat_17_image_4506.jpg,17,1,0.81337017,0.8409237
pat_17_image_4507.jpg,17,1,0.82669693,0.82810616
pat_17_image_4508.jpg,17,1,0.65556777,0.6851397
pat_17_image_4509.jpg,17,1,0.9492018,0.94724536
pat_17_image_4510.jpg,17,1,0.4276175,0.34001407
pat_17_image_4511.jpg,17,1,0.4719466,0.4213218
pat_17_image_4512.jpg,17,1,0.6056113,0.5730575
pat_17_image_4513.jpg,17,1,0.23154896,0.20557839
pat_17_image_4514.jpg,17,1,0.4588518,0.43963736
pat_17_image_4515.jpg,17,1,0.32975817,0.3242081
pat_17_image_4516.jpg,17,1,0.9646054,0.9631083
pat_17_image_4517.jpg,17,1,0.80066663,0.84087276
pat_17_image_4518.jpg,17,1,0.3553815,0.32059258
pat_17_image_4519.jpg,17,1,0.5062566,0.49101797
pat_17_image_4520.jpg,17,1,0.7477196,0.78681016
pat_17_image_4521.jpg,17,1,0.5547026,0.48008227
pat_17_image_4522.jpg,17,1,0.7296157,0.732257
pat_17_image_4523.jpg,17,1,0.29096085,0.2777471
pat_17_image_4524.jpg,17,1,0.65820426,0.6449571
pat_17_image_4525.jpg,17,1,0.43297628,0.4626911
pat_17_image_4526.jpg,17,1,0.75406545,0.72091085
pat_17_image_4527.jpg,17,1,0.51982,0.4959213
pat_17_image_4528.jpg,17,1,0.8069302,0.78299415
pat_17_image_4529.jpg,17,1,0.5500205,0.55427843
pat_17_image_4530.jpg,17,1,0.52815294,0.4633114
pat_17_image_4531.jpg,17,1,0.7303887,0.72118986
pat_17_image_4532.jpg,17,1,0.30964687,0.31562522
pat_17_image_4533.jpg,17,1,0.5218963,0.48356795
pat_17_image_4534.jpg,17,1,0.34973115,0.37189102
pat_17_image_4535.jpg,17,1,0.29868674,0.32016253
pat_17_image_4536.jpg,17,1,0.91749096,0.925224
pat_17_image_4537.jpg,17,1,0.4845926,0.4870121
pat_17_image_4538.jpg,17,1,0.39947274,0.40731996
pat_17_image_4539.jpg,17,1,0.6879203,0.6706919
pat_17_image_4540.jpg,17,1,0.76830244,0.75648236
pat_17_image_4541.jpg,17,1,0.47374237,0.46918514
pat_17_image_4542.jpg,17,1,0.7735816,0.80243266
pat_17_image_4543.jpg,17,1,0.5292305,0.5294839
pat_17_image_4544.jpg,17,1,0.88349587,0.87166244
pat_17_image_4545.jpg,17,1,0.54746926,0.54844916
pat_17_image_4546.jpg,17,1,0.5129773,0.5112802
pat_17_image_4547.jpg,17,1,0.60119843,0.62266695
pat_17_image_4548.jpg,17,1,0.8751904,0.86719507
pat_17_image_4549.jpg,17,1,0.46905008,0.44666082
pat_17_image_4550.jpg,17,1,0.39723444,0.33609456
pat_17_image_4551.jpg,17,1,0.30230013,0.27550164
pat_17_image_4552.jpg,17,1,0.8294859,0.8555909
pat_17_image_4553.jpg,17,1,0.5719274,0.60500383
pat_17_image_4554.jpg,17,1,0.39118886,0.39707437
pat_17_image_4555.jpg,17,1,0.71056646,0.70932645
pat_17_image_4556.jpg,17,1,0.56897986,0.5247059
pat_17_image_4557.jpg,17,1,0.34263065,0.3731884
pat_17_image_4558.jpg,17,1,0.50599533,0.5167963
pat_17_image_4559.jpg,17,1,0.6763334,0.6432346
pat_17_image_4560.jpg,17,1,0.30207288,0.34923863
pat_17_image_4561.jpg,17,1,0.2724682,0.26337466
pat_17_image_4562.jpg,17,1,0.18164212,0.17015907
pat_17_image_4563.jpg,17,1,0.32740903,0.30553147
pat_17_image_4564.jpg,17,1,0.6167432,0.5987888
pat_17_image_4565.jpg,17,1,0.9053741,0.8948049
pat_17_image_4566.jpg,17,1,0.7175171,0.7083939
pat_17_image_4567.jpg,17,1,0.542501,0.5104832
pat_17_image_4568.jpg,17,1,0.27067122,0.25258163
pat_17_image_4569.jpg,17,1,0.43513164,0.427181
pat_17_image_4570.jpg,17,1,0.5170448,0.45344895
pat_17_image_4571.jpg,17,1,0.8350844,0.8162227
pat_17_image_4572.jpg,17,1,0.5360623,0.49875498
pat_17_image_4573.jpg,17,1,0.46206307,0.4594856
pat_17_image_4574.jpg,17,1,0.52046585,0.50009114
pat_17_image_4575.jpg,17,1,0.41094095,0.37192285
pat_17_image_4576.jpg,17,1,0.47359574,0.4035167
pat_17_image_4577.jpg,17,1,0.5179952,0.5017046
pat_17_image_4578.jpg,17,1,0.725903,0.7252635
pat_17_image_4579.jpg,17,1,0.7702381,0.7695675
pat_17_image_4580.jpg,17,1,0.41707468,0.48636988
pat_17_image_4581.jpg,17,1,0.890067,0.8831257
pat_17_image_4582.jpg,17,1,0.41421002,0.41845468
pat_17_image_4583.jpg,17,1,0.98017555,0.9799684
pat_17_image_4584.jpg,17,1,0.5242867,0.5594492
pat_17_image_4585.jpg,17,1,0.8683404,0.8483042
pat_17_image_4586.jpg,17,1,0.59060943,0.63896835
pat_17_image_4587.jpg,17,1,0.56867385,0.5229528
pat_17_image_4588.jpg,17,1,0.6934934,0.68647254
pat_17_image_4589.jpg,17,1,0.81469744,0.8274046
pat_17_image_4590.jpg,17,1,0.5945539,0.6713073
pat_17_image_4591.jpg,17,1,0.34920216,0.42519003
pat_17_image_4592.jpg,17,1,0.5556192,0.58554703
pat_17_image_4593.jpg,17,1,0.48043975,0.4458228
pat_17_image_4594.jpg,17,1,0.74220806,0.6482421
pat_17_image_4595.jpg,17,1,0.7346828,0.74146557
pat_17_image_4596.jpg,17,1,0.7706117,0.7027463
pat_17_image_4597.jpg,17,1,0.36840233,0.3653979
pat_17_image_4598.jpg,17,1,0.40380242,0.3775012
pat_17_image_4599.jpg,17,1,0.5372998,0.54370266
pat_17_image_4600.jpg,17,1,0.37496904,0.3630213
pat_17_image_4601.jpg,17,1,0.70811224,0.6761492
pat_17_image_4602.jpg,17,1,0.48180884,0.51885104
pat_17_image_4603.jpg,17,1,0.39084035,0.38953406
pat_17_image_4604.jpg,17,1,0.45654207,0.4342681
pat_17_image_4605.jpg,17,1,0.5102808,0.4779276
pat_17_image_4606.jpg,17,1,0.9580405,0.96165293
pat_17_image_4607.jpg,17,1,0.7542601,0.7274135
pat_17_image_4608.jpg,17,1,0.19704765,0.17887127
pat_17_image_4609.jpg,17,1,0.3010594,0.2631721
pat_17_image_4610.jpg,17,1,0.606074,0.5897658
pat_17_image_4611.jpg,17,1,0.4691975,0.4489163
pat_17_image_4612.jpg,17,1,0.27145776,0.23610508
pat_17_image_4613.jpg,17,1,0.52907014,0.47638953
pat_17_image_4614.jpg,17,1,0.5730018,0.57021374
pat_17_image_4615.jpg,17,1,0.2571726,0.2578566
pat_17_image_4616.jpg,17,1,0.62959945,0.67909837
pat_17_image_4617.jpg,17,1,0.64660954,0.6715523
pat_17_image_4618.jpg,17,1,0.72383136,0.7644439
pat_17_image_4619.jpg,17,1,0.7518323,0.7654057
pat_17_image_4620.jpg,17,1,0.4950821,0.531422
pat_17_image_4621.jpg,17,1,0.70080245,0.7397567
pat_17_image_4622.jpg,17,1,0.93188006,0.9370351
pat_17_image_4623.jpg,17,1,0.87517554,0.89202046
pat_17_image_4624.jpg,17,1,0.5716467,0.5877213
pat_17_image_4625.jpg,17,1,0.5524702,0.53490853
pat_17_image_4626.jpg,17,1,0.747901,0.73341256
pat_17_image_4627.jpg,17,1,0.3669727,0.32066208
pat_17_image_4628.jpg,17,1,0.33563054,0.33656302
pat_17_image_4629.jpg,17,1,0.5469916,0.59238505
pat_17_image_4630.jpg,17,1,0.307264,0.32374275
pat_17_image_4631.jpg,17,1,0.39085448,0.37277275
pat_17_image_4632.jpg,17,1,0.7262379,0.73408383
pat_17_image_4633.jpg,17,1,0.49235415,0.5009202
pat_17_image_4634.jpg,17,1,0.51424223,0.49640822
pat_17_image_4635.jpg,17,1,0.8091808,0.83929294
pat_17_image_4636.jpg,17,1,0.67292655,0.72169894
pat_17_image_4637.jpg,17,1,0.5773597,0.59269065
pat_17_image_4638.jpg,17,1,0.7271347,0.78310645
pat_17_image_4639.jpg,17,1,0.70696634,0.7349603
pat_17_image_4640.jpg,17,1,0.47428936,0.5016557
pat_17_image_4641.jpg,17,1,0.5007392,0.47007775
pat_17_image_4642.jpg,17,1,0.6072877,0.6305786
pat_17_image_4643.jpg,17,1,0.63973445,0.67085993
pat_17_image_4644.jpg,17,1,0.400027,0.39526442
pat_17_image_4645.jpg,17,1,0.6838727,0.7285668
pat_17_image_4646.jpg,17,1,0.5822594,0.53646874
pat_17_image_4647.jpg,17,1,0.4803199,0.5258761
pat_17_image_4648.jpg,17,1,0.17603536,0.18600374
pat_17_image_4649.jpg,17,1,0.77371967,0.74570507
pat_17_image_4650.jpg,17,1,0.2530287,0.2813196
pat_17_image_4651.jpg,17,1,0.7482947,0.7412138
pat_17_image_4652.jpg,17,1,0.79964453,0.7755077
pat_17_image_4653.jpg,17,1,0.37880412,0.3227654
pat_17_image_4654.jpg,17,1,0.36827704,0.33628613
pat_17_image_4655.jpg,17,1,0.86452,0.8591576
pat_17_image_4656.jpg,17,1,0.91495365,0.91014826
pat_17_image_4657.jpg,17,1,0.50556165,0.477512
pat_17_image_4658.jpg,17,1,0.5426183,0.498621
pat_17_image_4659.jpg,17,1,0.5842572,0.5636298
pat_17_image_4660.jpg,17,1,0.9699405,0.96804506
pat_17_image_4661.jpg,17,1,0.95227116,0.9531113
pat_17_image_4662.jpg,17,1,0.94334453,0.94438124
pat_17_image_4663.jpg,17,1,0.635353,0.5742807
pat_17_image_4664.jpg,17,1,0.9190258,0.90741193
pat_17_image_4665.jpg,17,1,0.50432825,0.49683255
pat_17_image_4666.jpg,17,1,0.65345967,0.6134796
pat_17_image_4667.jpg,17,1,0.55974203,0.5381737
pat_17_image_4668.jpg,17,1,0.91555154,0.91200686
pat_17_image_4669.jpg,17,1,0.68316805,0.7199458
pat_17_image_4670.jpg,17,1,0.72143096,0.6913302
pat_17_image_4671.jpg,17,1,0.60306025,0.52368367
pat_17_image_4672.jpg,17,1,0.2250176,0.2277924
pat_17_image_4673.jpg,17,1,0.6373192,0.5944545
pat_17_image_4674.jpg,17,1,0.31253576,0.2504967
pat_17_image_4675.jpg,17,1,0.7758296,0.74534136
pat_17_image_4676.jpg,17,1,0.68968815,0.67752916
pat_17_image_4677.jpg,17,1,0.70285475,0.6523842
pat_17_image_4678.jpg,17,1,0.13840835,0.12240882
pat_17_image_4679.jpg,17,1,0.59714603,0.53358614
pat_17_image_4680.jpg,17,1,0.42852446,0.38722798
pat_17_image_4681.jpg,17,1,0.30806732,0.30281565
pat_17_image_4682.jpg,17,1,0.5494016,0.56536674
pat_17_image_4683.jpg,17,1,0.5604733,0.5226687
pat_17_image_4684.jpg,17,1,0.61025375,0.60631454
pat_17_image_4685.jpg,17,1,0.30479318,0.27100262
pat_17_image_4686.jpg,17,1,0.7871016,0.7681831
pat_17_image_4687.jpg,17,1,0.8607966,0.8590003
pat_17_image_4688.jpg,17,1,0.44730997,0.3641124
pat_17_image_4689.jpg,17,1,0.7754792,0.7680425
pat_17_image_4690.jpg,17,1,0.6193505,0.64120346
pat_17_image_4691.jpg,17,1,0.8494896,0.8669324
pat_17_image_4692.jpg,17,1,0.6279528,0.65116006
pat_17_image_4693.jpg,17,1,0.97381014,0.973033
pat_17_image_4694.jpg,17,1,0.5640106,0.5961109
pat_17_image_4695.jpg,17,1,0.96980065,0.969826
pat_17_image_4696.jpg,17,1,0.5470329,0.53902566
pat_17_image_4697.jpg,17,1,0.79185325,0.77602553
pat_17_image_4698.jpg,17,1,0.9282853,0.93443906
pat_17_image_4699.jpg,17,1,0.30679497,0.28281695
pat_17_image_4700.jpg,17,1,0.7603402,0.7425889
pat_17_image_4701.jpg,17,1,0.8409798,0.8681525
pat_17_image_4702.jpg,17,1,0.88084763,0.8772564
pat_17_image_4703.jpg,17,1,0.691616,0.7110183
pat_17_image_4704.jpg,17,1,0.6369511,0.62740844
pat_17_image_4705.jpg,17,1,0.8184446,0.8140707
pat_17_image_4706.jpg,17,1,0.49956408,0.5268904
pat_17_image_4707.jpg,17,1,0.19078358,0.19823204
pat_17_image_4708.jpg,17,1,0.75482476,0.73985326
pat_17_image_4709.jpg,17,1,0.6266768,0.62286717
pat_17_image_4710.jpg,17,1,0.38130265,0.3697482
pat_17_image_4711.jpg,17,1,0.8554197,0.8584923
pat_17_image_4712.jpg,17,1,0.85290223,0.8329183
pat_17_image_4713.jpg,17,1,0.61254555,0.5563765
pat_17_image_4714.jpg,17,1,0.31344295,0.3015569
pat_17_image_4715.jpg,17,1,0.8118523,0.82422066
pat_17_image_4716.jpg,17,1,0.8256668,0.8068832
pat_17_image_4717.jpg,17,1,0.20280688,0.17821285
pat_17_image_4718.jpg,17,1,0.67917275,0.61227554
pat_17_image_4719.jpg,17,1,0.6849904,0.62699693
pat_17_image_4720.jpg,17,1,0.50218886,0.50463057
pat_17_image_4721.jpg,17,1,0.86514264,0.8227361
pat_17_image_4722.jpg,17,1,0.7958324,0.8113781
pat_17_image_4723.jpg,17,1,0.7646117,0.7865043
pat_17_image_4724.jpg,17,1,0.55491406,0.5609812
pat_17_image_4725.jpg,17,1,0.47670698,0.37712267
pat_17_image_4726.jpg,17,1,0.6662614,0.6706529
pat_17_image_4727.jpg,17,1,0.4732454,0.5039687
pat_17_image_4728.jpg,17,1,0.84797263,0.8319203
pat_17_image_4729.jpg,17,1,0.62889284,0.5916698
pat_17_image_4730.jpg,17,1,0.643502,0.62204677
pat_17_image_4731.jpg,17,1,0.7913908,0.76976955
pat_17_image_4732.jpg,17,1,0.16492733,0.1426763
pat_17_image_4733.jpg,17,1,0.28235918,0.2551843
pat_17_image_4734.jpg,17,1,0.4063875,0.35741466
pat_17_image_4735.jpg,17,1,0.5291192,0.48117685
pat_17_image_4736.jpg,17,1,0.54618484,0.44375402
pat_17_image_4737.jpg,17,1,0.8042248,0.7941247
pat_17_image_4738.jpg,17,1,0.15698865,0.16446593
pat_17_image_4739.jpg,17,1,0.3471769,0.35623598
pat_17_image_4740.jpg,17,1,0.5041359,0.533654
pat_17_image_4741.jpg,17,1,0.49397266,0.47700256
pat_17_image_4742.jpg,17,1,0.85491115,0.86319584
pat_17_image_4743.jpg,17,1,0.43641943,0.47266793
pat_17_image_4744.jpg,17,1,0.8271869,0.8506071
pat_17_image_4745.jpg,17,1,0.6950144,0.66561973
pat_17_image_4746.jpg,17,1,0.42236882,0.5021753
pat_17_image_4747.jpg,17,1,0.34719592,0.34955853
pat_17_image_4748.jpg,17,1,0.23031941,0.22676
pat_17_image_4749.jpg,17,1,0.33603734,0.35277218
pat_17_image_4750.jpg,17,1,0.58378315,0.60061616
pat_17_image_4751.jpg,17,1,0.9320047,0.936166
pat_17_image_4752.jpg,17,1,0.24942993,0.24695905
pat_17_image_4753.jpg,17,1,0.26292208,0.2543792
pat_17_image_4754.jpg,17,1,0.20985931,0.22809143
pat_17_image_4755.jpg,17,1,0.8417947,0.85892636
pat_17_image_4756.jpg,17,1,0.2926712,0.3165864
pat_17_image_4757.jpg,17,1,0.30750197,0.34798834
pat_17_image_4758.jpg,17,1,0.2956057,0.28779337
pat_17_image_4759.jpg,17,1,0.7527313,0.7633761
pat_17_image_4760.jpg,17,1,0.5742978,0.62399346
pat_17_image_4761.jpg,17,1,0.84259534,0.88044703
pat_17_image_4762.jpg,17,1,0.6583122,0.68546396
pat_17_image_4763.jpg,17,1,0.5751498,0.57512593
pat_17_image_4764.jpg,17,1,0.86445284,0.88461334
pat_17_image_4765.jpg,17,1,0.551302,0.60952586
pat_17_image_4766.jpg,17,1,0.66159326,0.62293
pat_17_image_4767.jpg,17,1,0.44029307,0.44846338
pat_17_image_4768.jpg,17,1,0.6280764,0.60026693
pat_17_image_4769.jpg,17,1,0.477532,0.49887785
pat_17_image_4770.jpg,17,1,0.73390526,0.7438358
pat_17_image_4771.jpg,17,1,0.22650751,0.24474782
pat_17_image_4772.jpg,17,1,0.14704868,0.14634553
pat_17_image_4773.jpg,17,1,0.2997773,0.30264124
pat_17_image_4774.jpg,17,1,0.46902248,0.52686524
pat_17_image_4775.jpg,17,1,0.12770763,0.11939828
pat_17_image_4776.jpg,17,1,0.581807,0.52873564
pat_17_image_4777.jpg,17,1,0.8505066,0.8205699
pat_17_image_4778.jpg,17,1,0.76509935,0.71659464
pat_17_image_4779.jpg,17,1,0.2752523,0.23626998
pat_17_image_4780.jpg,17,1,0.40044037,0.42318958
pat_17_image_4781.jpg,17,1,0.48522282,0.45138723
pat_17_image_4782.jpg,17,1,0.5143585,0.4985136
pat_17_image_4783.jpg,17,1,0.73039424,0.740631
pat_17_image_4784.jpg,17,1,0.7484925,0.7722405
pat_17_image_4785.jpg,17,1,0.4360346,0.43777886
pat_17_image_4786.jpg,17,1,0.9456426,0.9439435
pat_17_image_4787.jpg,17,1,0.9220092,0.9100881
pat_17_image_4788.jpg,17,1,0.616339,0.58452815
pat_17_image_4789.jpg,17,1,0.26253822,0.250989
pat_17_image_4790.jpg,17,1,0.2874201,0.29885027
pat_17_image_4791.jpg,17,1,0.78607213,0.7660516
pat_17_image_4792.jpg,17,1,0.7265073,0.68463254
pat_17_image_4793.jpg,17,1,0.6288311,0.66173834
pat_17_image_4794.jpg,17,1,0.29449633,0.25338835
pat_17_image_4795.jpg,17,1,0.17636026,0.18607739
pat_17_image_4796.jpg,17,1,0.44680545,0.4173254
pat_17_image_4797.jpg,17,1,0.2754371,0.25090906
pat_17_image_4798.jpg,17,1,0.45316666,0.45039883
pat_17_image_4799.jpg,17,1,0.5071396,0.4998059
pat_17_image_4800.jpg,17,1,0.766969,0.75214106
pat_17_image_4801.jpg,17,1,0.8964968,0.8871111
pat_17_image_4802.jpg,17,1,0.5363498,0.5564767
pat_17_image_4803.jpg,17,1,0.16024457,0.15834142
pat_17_image_4804.jpg,17,1,0.6404733,0.60349524
pat_17_image_4805.jpg,17,1,0.93887776,0.93475205
pat_17_image_4806.jpg,17,1,0.30187017,0.23811857
pat_17_image_4807.jpg,17,1,0.5193306,0.45848167
pat_17_image_4808.jpg,17,1,0.4389655,0.40518975
pat_17_image_4809.jpg,17,1,0.76014113,0.7659762
pat_17_image_4810.jpg,17,1,0.6958807,0.6959033
pat_17_image_4811.jpg,17,1,0.8210626,0.7972777
pat_17_image_4812.jpg,17,1,0.3609409,0.35368037
pat_17_image_4813.jpg,17,1,0.82929856,0.79201907
pat_17_image_4814.jpg,17,1,0.48750937,0.45594403
pat_17_image_4815.jpg,17,1,0.23740447,0.2136854
pat_17_image_4816.jpg,17,1,0.5433605,0.4578828
pat_17_image_4817.jpg,17,1,0.8544721,0.8642928
pat_17_image_4818.jpg,17,1,0.098900154,0.095033616
pat_17_image_4819.jpg,17,1,0.29894453,0.2565202
pat_17_image_4820.jpg,17,1,0.42493,0.43025503
pat_17_image_4821.jpg,17,1,0.6887651,0.71430075
pat_17_image_4822.jpg,17,1,0.580746,0.64493465
pat_17_image_4823.jpg,17,1,0.6022335,0.6290213
pat_17_image_4824.jpg,17,1,0.4943666,0.53761315
pat_17_image_4825.jpg,17,1,0.6812045,0.6994096
pat_17_image_4826.jpg,17,1,0.3537897,0.3345798
pat_17_image_4827.jpg,17,1,0.23473008,0.20521311
pat_17_image_4828.jpg,17,1,0.3475574,0.3674042
pat_17_image_4829.jpg,17,1,0.2064448,0.20035048
pat_17_image_4830.jpg,17,1,0.49277,0.5357497
pat_17_image_4831.jpg,17,1,0.550579,0.533387
pat_17_image_4832.jpg,17,1,0.47757953,0.4780252
pat_17_image_4833.jpg,17,1,0.45142913,0.4317377
pat_17_image_4834.jpg,17,1,0.3074416,0.2815009
pat_17_image_4835.jpg,17,1,0.35063004,0.34416318
pat_17_image_4836.jpg,17,1,0.5571803,0.53480846
pat_17_image_4837.jpg,17,1,0.47093803,0.4687389
pat_17_image_4838.jpg,17,1,0.76147324,0.76418084
pat_17_image_4839.jpg,17,1,0.41557857,0.39018363
pat_17_image_4840.jpg,17,1,0.7050036,0.6797636
pat_17_image_4841.jpg,17,1,0.47973397,0.43675053
pat_17_image_4842.jpg,17,1,0.53677666,0.4886327
pat_17_image_4843.jpg,17,1,0.90908253,0.9215511
pat_17_image_4844.jpg,17,1,0.4343001,0.44032463
pat_17_image_4845.jpg,17,1,0.800953,0.7856697
pat_17_image_4846.jpg,17,1,0.7173255,0.7331222
pat_17_image_4847.jpg,17,1,0.52950853,0.51792276
pat_17_image_4848.jpg,17,1,0.7314027,0.7209192
pat_17_image_4849.jpg,17,1,0.6375329,0.6783889
pat_17_image_4850.jpg,17,1,0.15366358,0.13326325
pat_17_image_4851.jpg,17,1,0.5220835,0.48690122
pat_17_image_4852.jpg,17,1,0.58925873,0.5939116
pat_17_image_4853.jpg,17,1,0.454365,0.48491856
pat_17_image_4854.jpg,17,1,0.80264974,0.80792284
pat_17_image_4855.jpg,17,1,0.5138716,0.49275494
pat_17_image_4856.jpg,17,1,0.867674,0.87302834
pat_17_image_4857.jpg,17,1,0.4849439,0.53623456
pat_17_image_4858.jpg,17,1,0.7092688,0.6696199
pat_17_image_4859.jpg,17,1,0.8162202,0.83620757
pat_17_image_4860.jpg,17,1,0.7373406,0.7490441
pat_17_image_4861.jpg,17,1,0.661996,0.7066129
pat_17_image_4862.jpg,17,1,0.7695962,0.7973627
pat_17_image_4863.jpg,17,1,0.7191429,0.7232456
pat_17_image_4864.jpg,17,1,0.8678916,0.85552967
pat_17_image_4865.jpg,17,1,0.84428704,0.8224742
pat_17_image_4866.jpg,17,1,0.82997745,0.8541362
pat_17_image_4867.jpg,17,1,0.3382415,0.32014158
pat_17_image_4868.jpg,17,1,0.72838616,0.72896874
pat_17_image_4869.jpg,17,1,0.8248457,0.8194456
pat_17_image_4870.jpg,17,1,0.6037845,0.67263895
pat_17_image_4871.jpg,17,1,0.6876584,0.71554965
pat_17_image_4872.jpg,17,1,0.77832186,0.77185917
pat_17_image_4873.jpg,17,1,0.6896772,0.68741274
pat_17_image_4874.jpg,17,1,0.59671026,0.62072545
pat_17_image_4875.jpg,17,1,0.48965758,0.47178748
pat_17_image_4876.jpg,17,1,0.53042835,0.51887697
pat_17_image_4877.jpg,17,1,0.78569967,0.7818979
pat_17_image_4878.jpg,17,1,0.34824917,0.35637727
pat_17_image_4879.jpg,17,1,0.5796564,0.6395192
pat_17_image_4880.jpg,17,1,0.8212982,0.82241994
pat_17_image_4881.jpg,17,1,0.848977,0.8522077
pat_17_image_4882.jpg,17,1,0.7056453,0.7183925
pat_17_image_4883.jpg,17,1,0.7799263,0.7910896
pat_17_image_4884.jpg,17,1,0.83606774,0.85576236
pat_17_image_4885.jpg,17,1,0.9030091,0.90779907
pat_17_image_4886.jpg,17,1,0.7582348,0.7663308
pat_17_image_4887.jpg,17,1,0.584209,0.60388404
pat_17_image_4888.jpg,17,1,0.9734437,0.9719062
pat_17_image_4889.jpg,17,1,0.69873405,0.68542475
pat_17_image_4890.jpg,17,1,0.56310177,0.5557702
pat_17_image_4891.jpg,17,1,0.9502107,0.93810606
pat_17_image_4892.jpg,17,1,0.89212894,0.88510096
pat_17_image_4893.jpg,17,1,0.5562814,0.5455108
pat_17_image_4894.jpg,17,1,0.7664564,0.72503036
pat_17_image_4895.jpg,17,1,0.5999163,0.62260455
pat_17_image_4896.jpg,17,1,0.36897305,0.25819045
pat_17_image_4897.jpg,17,1,0.54520684,0.586189
pat_17_image_4898.jpg,17,1,0.67373776,0.7013296
pat_17_image_4899.jpg,17,1,0.35151997,0.31268185
pat_17_image_4900.jpg,17,1,0.83785397,0.8219241
pat_17_image_4901.jpg,17,1,0.7849389,0.76593596
pat_17_image_4902.jpg,17,1,0.7573358,0.7600289
pat_17_image_4903.jpg,17,1,0.82289094,0.8160822
pat_17_image_4904.jpg,17,1,0.76043475,0.7430775
pat_17_image_4905.jpg,17,1,0.7263237,0.69699657
pat_17_image_4906.jpg,17,1,0.6049165,0.58266306
pat_17_image_4907.jpg,17,1,0.3191379,0.32957682
pat_17_image_4908.jpg,17,1,0.52877337,0.5085265
pat_17_image_4909.jpg,17,1,0.8666647,0.8795347
pat_17_image_4910.jpg,17,1,0.4961184,0.45159134
pat_17_image_4911.jpg,17,1,0.5306037,0.5786037
pat_17_image_4912.jpg,17,1,0.7860943,0.8252086
pat_17_image_4913.jpg,17,1,0.70485777,0.70823663
pat_17_image_4914.jpg,17,1,0.5628483,0.56706834
pat_17_image_4915.jpg,17,1,0.43001866,0.42070532
pat_17_image_4916.jpg,17,1,0.31324562,0.27001512
pat_17_image_4917.jpg,17,1,0.85476667,0.8624801
pat_17_image_4918.jpg,17,1,0.49249226,0.44798133
pat_17_image_4919.jpg,17,1,0.8236053,0.84301126
pat_17_image_4920.jpg,17,1,0.2936049,0.27850902
pat_17_image_4921.jpg,17,1,0.6951273,0.7339986
pat_17_image_4922.jpg,17,1,0.28794962,0.27369988
pat_17_image_4923.jpg,17,1,0.3430584,0.33828276
pat_17_image_4924.jpg,17,1,0.42578334,0.35392
pat_17_image_4925.jpg,17,1,0.28920442,0.29341412
pat_17_image_4926.jpg,17,1,0.32951266,0.27267966
pat_17_image_4927.jpg,17,1,0.38499787,0.37157804
pat_17_image_4928.jpg,17,1,0.22914955,0.24263401
pat_17_image_4929.jpg,17,1,0.56036943,0.5744429
pat_17_image_4930.jpg,17,1,0.6990307,0.70559317
pat_17_image_4931.jpg,17,1,0.20913911,0.21459061
pat_17_image_4932.jpg,17,1,0.5133775,0.5174103
pat_17_image_4933.jpg,17,1,0.56814885,0.5905705
pat_17_image_4934.jpg,17,1,0.6452652,0.66248316
pat_17_image_4935.jpg,17,1,0.8200086,0.8122612
pat_17_image_4936.jpg,17,1,0.7913377,0.72836065
pat_17_image_4937.jpg,17,1,0.4850113,0.41841123
pat_17_image_4938.jpg,17,1,0.64875466,0.5705176
pat_17_image_4939.jpg,17,1,0.5626238,0.5342076
pat_17_image_4940.jpg,17,1,0.37504682,0.32418865
pat_17_image_4941.jpg,17,1,0.5949484,0.53027976
pat_17_image_4942.jpg,17,1,0.9130027,0.8959851
pat_17_image_4943.jpg,17,1,0.35780177,0.31633797
pat_17_image_4944.jpg,17,1,0.88803476,0.880634
pat_17_image_4945.jpg,17,1,0.35616717,0.32056862
pat_17_image_4946.jpg,17,1,0.26731765,0.27845195
pat_17_image_4947.jpg,17,1,0.886674,0.8781696
pat_17_image_4948.jpg,17,1,0.71087015,0.6849249
pat_17_image_4949.jpg,17,1,0.7810356,0.79883647
pat_17_image_4950.jpg,17,1,0.5143742,0.5067861
pat_17_image_4951.jpg,17,1,0.94132835,0.94291335
pat_17_image_4952.jpg,17,1,0.90226465,0.8947547
pat_17_image_4953.jpg,17,1,0.7581123,0.7668124
pat_17_image_4954.jpg,17,1,0.4124617,0.354303
pat_17_image_4955.jpg,17,1,0.5495874,0.5079871
pat_17_image_4956.jpg,17,1,0.7503354,0.7574553
pat_17_image_4957.jpg,17,1,0.9314254,0.9394684
pat_17_image_4958.jpg,17,1,0.57800525,0.6432746
pat_17_image_4959.jpg,17,1,0.33286506,0.3065897
pat_17_image_4960.jpg,17,1,0.47538954,0.45126867
pat_17_image_4961.jpg,17,1,0.13252029,0.112758495
pat_17_image_4962.jpg,17,1,0.20871234,0.21697783
pat_17_image_4963.jpg,17,1,0.16807741,0.1454703
pat_17_image_4964.jpg,17,1,0.34840035,0.3242061
pat_17_image_4965.jpg,17,1,0.8205006,0.840872
pat_17_image_4966.jpg,17,1,0.8947547,0.89590275
pat_17_image_4967.jpg,17,1,0.8621292,0.85845274
pat_17_image_4968.jpg,17,1,0.30327725,0.27230552
pat_17_image_4969.jpg,17,1,0.26929224,0.24043134
pat_17_image_4970.jpg,17,1,0.38141313,0.40388262
pat_17_image_4971.jpg,17,1,0.20240155,0.21076787
pat_17_image_4972.jpg,17,1,0.160239,0.14926055
pat_17_image_4973.jpg,17,1,0.73246187,0.7081274
pat_17_image_4974.jpg,17,1,0.5699695,0.5558772
pat_17_image_4975.jpg,17,1,0.4087987,0.38093585
pat_17_image_4976.jpg,17,1,0.81483865,0.8143505
pat_17_image_4977.jpg,17,1,0.5153515,0.46753165
pat_17_image_4978.jpg,17,1,0.86321396,0.87049943
pat_17_image_4979.jpg,17,1,0.39083162,0.35783735
pat_17_image_4980.jpg,17,1,0.8565118,0.8738883
pat_17_image_4981.jpg,17,1,0.57193637,0.53594816
pat_17_image_4982.jpg,17,1,0.6305633,0.58545655
pat_17_image_4983.jpg,17,1,0.74266803,0.7322437
pat_17_image_4984.jpg,17,1,0.66137344,0.6347622
pat_17_image_4985.jpg,17,1,0.89422774,0.88629895
pat_17_image_4986.jpg,17,1,0.79020727,0.81165737
pat_17_image_4987.jpg,17,1,0.4932022,0.4638353
pat_17_image_4988.jpg,17,1,0.7896369,0.80903965
pat_17_image_4989.jpg,17,1,0.25325957,0.2826722
pat_17_image_4990.jpg,17,1,0.28044927,0.2897876
pat_17_image_4991.jpg,17,1,0.68635356,0.7209829
pat_17_image_4992.jpg,17,1,0.33735493,0.2723988
pat_17_image_4993.jpg,17,1,0.5574766,0.59530044
pat_17_image_4994.jpg,17,1,0.7892076,0.79480505
pat_17_image_4995.jpg,17,1,0.774341,0.7765874
pat_17_image_4996.jpg,17,1,0.3223313,0.34722936
pat_17_image_4997.jpg,17,1,0.6591337,0.61281836
pat_17_image_4998.jpg,17,1,0.69146585,0.6836527
pat_17_image_4999.jpg,17,1,0.5078669,0.44886172
pat_17_image_5000.jpg,17,1,0.74735016,0.7716369
pat_17_image_5001.jpg,17,1,0.8012468,0.7804494
pat_17_image_5002.jpg,17,1,0.42094406,0.36862507
pat_17_image_5003.jpg,17,1,0.8562739,0.8371503
pat_17_image_5004.jpg,17,1,0.34027648,0.2960573
pat_17_image_5005.jpg,17,1,0.3667775,0.37089753
pat_17_image_5006.jpg,17,1,0.5532748,0.5150815
pat_17_image_5007.jpg,17,1,0.9271921,0.91879725
pat_17_image_5008.jpg,17,1,0.9092037,0.91173047
pat_17_image_5009.jpg,17,1,0.6820875,0.738787
pat_17_image_5010.jpg,17,1,0.40914023,0.41640893
pat_17_image_5011.jpg,17,1,0.6532776,0.6399585
pat_17_image_5012.jpg,17,1,0.6081398,0.6154219
pat_17_image_5013.jpg,17,1,0.24325639,0.275315
pat_17_image_5014.jpg,17,1,0.27978778,0.30214435
pat_17_image_5015.jpg,17,1,0.62014747,0.6895637
pat_17_image_5016.jpg,17,1,0.92102873,0.8964592
pat_17_image_5017.jpg,17,1,0.20864795,0.22195403
pat_17_image_5018.jpg,17,1,0.1562943,0.16053745
pat_17_image_5019.jpg,17,1,0.3415305,0.28811243
pat_17_image_5020.jpg,17,1,0.66193706,0.6494755
pat_17_image_5021.jpg,17,1,0.79129213,0.792399
pat_17_image_5022.jpg,17,1,0.7088369,0.6995246
pat_17_image_5023.jpg,17,1,0.51077276,0.4773667
pat_17_image_5024.jpg,17,1,0.7111089,0.6936963
pat_17_image_5025.jpg,17,1,0.46767443,0.47467235
pat_17_image_5026.jpg,17,1,0.6830368,0.67459506
pat_17_image_5027.jpg,17,1,0.8062861,0.7846215
pat_17_image_5028.jpg,17,1,0.78829956,0.8336341
pat_17_image_5029.jpg,17,1,0.94666564,0.95009476
pat_17_image_5030.jpg,17,1,0.9494948,0.94563854
pat_17_image_5031.jpg,17,1,0.7724372,0.75990486
pat_17_image_5032.jpg,17,1,0.9232312,0.9276505
pat_17_image_5033.jpg,17,1,0.48352146,0.4368284
pat_17_image_5034.jpg,17,1,0.66449136,0.6372239
pat_17_image_5035.jpg,17,1,0.81630707,0.80777913
pat_17_image_5036.jpg,17,1,0.58470905,0.56616884
pat_17_image_5037.jpg,17,1,0.34240955,0.40728265
pat_17_image_5038.jpg,17,1,0.8069154,0.79913735
pat_17_image_5039.jpg,17,1,0.45771804,0.44500157
pat_17_image_5040.jpg,17,1,0.6865119,0.7112305
pat_17_image_5041.jpg,17,1,0.605767,0.6049379
pat_17_image_5042.jpg,17,1,0.919813,0.9151324
pat_17_image_5043.jpg,17,1,0.45556676,0.4312595
pat_17_image_5044.jpg,17,1,0.8549557,0.84935045
pat_17_image_5045.jpg,17,1,0.5401522,0.5461265
pat_17_image_5046.jpg,17,1,0.6451196,0.6215144
pat_17_image_5047.jpg,17,1,0.79585713,0.8360978
pat_17_image_5048.jpg,17,1,0.8608745,0.84637827
pat_17_image_5049.jpg,17,1,0.95509285,0.9554923
pat_17_image_5050.jpg,17,1,0.8159157,0.8155726
pat_17_image_5051.jpg,17,1,0.4024755,0.41932344
pat_17_image_5052.jpg,17,1,0.6317898,0.6127212
pat_17_image_5053.jpg,17,1,0.8978378,0.8971413
pat_17_image_5054.jpg,17,1,0.58205646,0.5594792
pat_17_image_5055.jpg,17,1,0.9570254,0.95767176
pat_17_image_5056.jpg,17,1,0.5630962,0.50982803
pat_17_image_5057.jpg,17,1,0.90422815,0.8842552
pat_17_image_5058.jpg,17,1,0.38045233,0.37831485
pat_17_image_5059.jpg,17,1,0.4348305,0.4037679
pat_17_image_5060.jpg,17,1,0.8329735,0.81366706
pat_17_image_5061.jpg,17,1,0.78106844,0.778102
pat_17_image_5062.jpg,17,1,0.96060324,0.9636328
pat_17_image_5063.jpg,17,1,0.9199168,0.930427
pat_17_image_5064.jpg,17,1,0.33442566,0.39147714
pat_17_image_5065.jpg,17,1,0.67220503,0.69412315
pat_17_image_5066.jpg,17,1,0.46619612,0.4374741
pat_17_image_5067.jpg,17,1,0.5079971,0.43846267
pat_17_image_5068.jpg,17,1,0.74332285,0.6799198
pat_17_image_5069.jpg,17,1,0.43933225,0.44271678
pat_17_image_5070.jpg,17,1,0.79751295,0.78257096
pat_17_image_5071.jpg,17,1,0.4683336,0.43119672
pat_17_image_5072.jpg,17,1,0.8625443,0.84810704
pat_17_image_5073.jpg,17,1,0.57300985,0.5044162
pat_17_image_5074.jpg,17,1,0.29764268,0.24625313
pat_17_image_5075.jpg,17,1,0.6065665,0.6203943
pat_17_image_5076.jpg,17,1,0.74778533,0.77887344
pat_17_image_5077.jpg,17,1,0.45548752,0.45320818
pat_17_image_5078.jpg,17,1,0.66374195,0.7162605
pat_17_image_5079.jpg,17,1,0.8461089,0.8509406
pat_17_image_5080.jpg,17,1,0.76709324,0.7767855
pat_17_image_5081.jpg,17,1,0.83406544,0.8501308
pat_17_image_5082.jpg,17,1,0.29493356,0.3213991
pat_17_image_5083.jpg,17,1,0.79174364,0.8063551
pat_17_image_5084.jpg,17,1,0.3791055,0.3895043
pat_17_image_5085.jpg,17,1,0.62276644,0.6711777
pat_17_image_5086.jpg,17,1,0.7748384,0.79241556
pat_17_image_5087.jpg,17,1,0.31716558,0.31397316
pat_17_image_5088.jpg,17,1,0.61577183,0.61395967
pat_17_image_5089.jpg,17,1,0.7414072,0.719678
pat_17_image_5090.jpg,17,1,0.78862685,0.7606546
pat_17_image_5091.jpg,17,1,0.46992874,0.50953466
pat_17_image_5092.jpg,17,1,0.72166365,0.6975538
pat_17_image_5093.jpg,17,1,0.6906453,0.6952877
pat_17_image_5094.jpg,17,1,0.3724078,0.3646883
pat_17_image_5095.jpg,17,1,0.22964005,0.2058872
pat_17_image_5096.jpg,17,1,0.60131204,0.54999524
pat_17_image_5097.jpg,17,1,0.92549,0.91871244
pat_17_image_5098.jpg,17,1,0.78436214,0.8009735
pat_17_image_5099.jpg,17,1,0.7098671,0.7394847
pat_17_image_5100.jpg,17,1,0.67736953,0.7322347
pat_17_image_5101.jpg,17,1,0.7254724,0.7260084
pat_17_image_5102.jpg,17,1,0.2105795,0.1863115
pat_17_image_5103.jpg,17,1,0.33425805,0.3264147
pat_17_image_5104.jpg,17,1,0.48625824,0.48778242
pat_17_image_5105.jpg,17,1,0.676471,0.7651527
pat_17_image_5106.jpg,17,1,0.5341063,0.57494724
pat_17_image_5107.jpg,17,1,0.5176525,0.5619746
pat_17_image_5108.jpg,17,1,0.3631992,0.3449555
pat_17_image_5109.jpg,17,1,0.735586,0.7870328
pat_17_image_5110.jpg,17,1,0.28212324,0.27776632
pat_17_image_5111.jpg,17,1,0.6250017,0.6408868
pat_17_image_5112.jpg,17,1,0.84158343,0.8378084
pat_17_image_5113.jpg,17,1,0.5068009,0.4954227
pat_17_image_5114.jpg,17,1,0.8756352,0.8804791
pat_17_image_5115.jpg,17,1,0.91806334,0.9252759
pat_17_image_5116.jpg,17,1,0.8706978,0.8637882
pat_17_image_5117.jpg,17,1,0.78886503,0.7743386
pat_17_image_5118.jpg,17,1,0.88034636,0.86303645
pat_17_image_5119.jpg,17,1,0.88098985,0.88187146
pat_17_image_5120.jpg,17,1,0.89226073,0.86861926
pat_17_image_5121.jpg,17,1,0.64875454,0.6908516
pat_17_image_5122.jpg,17,1,0.670012,0.6483842
pat_17_image_5123.jpg,17,1,0.573718,0.66220933
pat_17_image_5124.jpg,17,1,0.47729242,0.5013126
pat_17_image_5125.jpg,17,1,0.9230031,0.93060815
pat_17_image_5126.jpg,17,1,0.6639086,0.6420277
pat_17_image_5127.jpg,17,1,0.5936604,0.611075
pat_17_image_5128.jpg,17,1,0.76279366,0.779795
pat_17_image_5129.jpg,17,1,0.68389255,0.60755724
pat_17_image_5130.jpg,17,1,0.859778,0.86120456
pat_17_image_5131.jpg,17,1,0.78714424,0.8151184
pat_17_image_5132.jpg,17,1,0.80783397,0.81760997
pat_17_image_5133.jpg,17,1,0.578483,0.5510785
pat_17_image_5134.jpg,17,1,0.5815606,0.656088
pat_17_image_5135.jpg,17,1,0.41192383,0.48657024
pat_17_image_5136.jpg,17,1,0.21179494,0.18756469
pat_17_image_5137.jpg,17,1,0.82578075,0.7968812
pat_17_image_5138.jpg,17,1,0.53574026,0.48697296
pat_17_image_5139.jpg,17,1,0.4091354,0.3866167
pat_17_image_5140.jpg,17,1,0.36640865,0.31049156
pat_17_image_5141.jpg,17,1,0.7594252,0.7485257
pat_17_image_5142.jpg,17,1,0.564292,0.55293036
pat_17_image_5143.jpg,17,1,0.8783063,0.8845593
pat_17_image_5144.jpg,17,1,0.8429628,0.8246064
pat_17_image_5145.jpg,17,1,0.93991375,0.9333319
pat_17_image_5146.jpg,17,1,0.8725454,0.8677279
pat_17_image_5147.jpg,17,1,0.9157644,0.91709095
pat_17_image_5148.jpg,17,1,0.42294967,0.40891293
pat_17_image_5149.jpg,17,1,0.6600028,0.6328944
pat_17_image_5150.jpg,17,1,0.21191107,0.20333058
pat_17_image_5151.jpg,17,1,0.5130182,0.5392897
pat_17_image_5152.jpg,17,1,0.73367685,0.7667468
pat_17_image_5153.jpg,17,1,0.3526791,0.3288964
pat_17_image_5154.jpg,17,1,0.32502732,0.36506635
pat_17_image_5155.jpg,17,1,0.3781816,0.37433368
pat_17_image_5156.jpg,17,1,0.24104622,0.27974665
pat_17_image_5157.jpg,17,1,0.7874409,0.8056008
pat_17_image_5158.jpg,17,1,0.5091958,0.5040243
pat_17_image_5159.jpg,17,1,0.8804942,0.8594191
pat_17_image_5160.jpg,17,1,0.5555124,0.5194615
pat_17_image_5161.jpg,17,1,0.56403935,0.5459952
pat_17_image_5162.jpg,17,1,0.33586782,0.33006263
pat_17_image_5163.jpg,17,1,0.4524545,0.43448684
pat_17_image_5164.jpg,17,1,0.24259222,0.25528535
pat_17_image_5165.jpg,17,1,0.9145477,0.9204475
pat_17_image_5166.jpg,17,1,0.5399052,0.6164905
pat_17_image_5167.jpg,17,1,0.27814785,0.3095365
pat_17_image_5168.jpg,17,1,0.5339473,0.5245525
pat_17_image_5169.jpg,17,1,0.27870044,0.31013775
pat_17_image_5170.jpg,17,1,0.5010589,0.53576297
pat_17_image_5171.jpg,17,1,0.8045899,0.8478938
pat_17_image_5172.jpg,17,1,0.30119655,0.2782333
pat_17_image_5173.jpg,17,1,0.29874045,0.32479152
pat_17_image_5174.jpg,17,1,0.5406356,0.54847884
pat_17_image_5175.jpg,17,1,0.772213,0.7700629
pat_17_image_5176.jpg,17,1,0.8045307,0.8157526
pat_17_image_5177.jpg,17,1,0.12043293,0.10225537
pat_17_image_5178.jpg,17,1,0.8457356,0.82778746
pat_17_image_5179.jpg,17,1,0.24009252,0.2168987
pat_17_image_5180.jpg,17,1,0.5844364,0.5768104
pat_17_image_5181.jpg,17,1,0.8377023,0.8199654
pat_17_image_5182.jpg,17,1,0.5352487,0.5392726
pat_17_image_5183.jpg,17,1,0.44363326,0.41233668
pat_17_image_5184.jpg,17,1,0.49133214,0.49150872
pat_17_image_5185.jpg,17,1,0.7114467,0.72290176
pat_17_image_5186.jpg,17,1,0.37569675,0.4095624
pat_17_image_5187.jpg,17,1,0.85230696,0.8570653
pat_17_image_5188.jpg,17,1,0.8356908,0.8443475
pat_17_image_5189.jpg,17,1,0.71919054,0.69743717
pat_17_image_5190.jpg,17,1,0.21317065,0.27585986
pat_17_image_5191.jpg,17,1,0.9044324,0.9048542
pat_17_image_5192.jpg,17,1,0.78730613,0.7295864
pat_17_image_5193.jpg,17,1,0.7966523,0.7972656
pat_17_image_5194.jpg,17,1,0.6125836,0.5753465
pat_17_image_5195.jpg,17,1,0.67464316,0.6845231
pat_17_image_5196.jpg,17,1,0.71909714,0.7292491
pat_17_image_5197.jpg,17,1,0.2431916,0.2672922
pat_17_image_5198.jpg,17,1,0.5697472,0.5960391
pat_17_image_5199.jpg,17,1,0.8796788,0.87266785
pat_17_image_5200.jpg,17,1,0.39535916,0.35847288
pat_17_image_5201.jpg,17,1,0.62756693,0.627363
pat_17_image_5202.jpg,17,1,0.36945972,0.35720932
pat_17_image_5203.jpg,17,1,0.94434464,0.94878495
pat_17_image_5204.jpg,17,1,0.875267,0.8874509
pat_17_image_5205.jpg,17,1,0.8259888,0.82092845
pat_17_image_5206.jpg,17,1,0.903996,0.91406924
pat_17_image_5207.jpg,17,1,0.88302326,0.88685817
pat_17_image_5208.jpg,17,1,0.9220687,0.91063356
pat_17_image_5209.jpg,17,1,0.31846017,0.33210573
pat_17_image_5210.jpg,17,1,0.81244403,0.81536937
pat_17_image_5211.jpg,17,1,0.79263115,0.79754734
pat_17_image_5212.jpg,17,1,0.28616214,0.24523075
pat_17_image_5213.jpg,17,1,0.5930345,0.5770915
pat_17_image_5214.jpg,17,1,0.868179,0.8558057
pat_17_image_5215.jpg,17,1,0.5602785,0.52158034
pat_17_image_5216.jpg,17,1,0.2007603,0.2003905
pat_17_image_5217.jpg,17,1,0.49829412,0.46263975
pat_17_image_5218.jpg,17,1,0.495773,0.47664443
pat_17_image_5219.jpg,17,1,0.4746466,0.44811046
pat_17_image_5220.jpg,17,1,0.5562741,0.5136715
pat_17_image_5221.jpg,17,1,0.5950412,0.5930255
pat_17_image_5222.jpg,17,1,0.7637349,0.75484914
pat_17_image_5223.jpg,17,1,0.8516645,0.8640151
pat_17_image_5224.jpg,17,1,0.19299912,0.22725122
pat_17_image_5225.jpg,17,1,0.33617866,0.37131345
pat_17_image_5226.jpg,17,1,0.50595236,0.4905416
pat_17_image_5227.jpg,17,1,0.5209969,0.52212876
pat_17_image_5228.jpg,17,1,0.59296215,0.5555427
pat_17_image_5229.jpg,17,1,0.18188995,0.16817182
pat_17_image_5230.jpg,17,1,0.5039687,0.48087987
pat_17_image_5231.jpg,17,1,0.9025023,0.91767997
pat_17_image_5232.jpg,17,1,0.54550165,0.54479796
pat_17_image_5233.jpg,17,1,0.15066487,0.15060663
pat_17_image_5234.jpg,17,1,0.6779109,0.649156
pat_17_image_5235.jpg,17,1,0.64102566,0.62850803
pat_17_image_5236.jpg,17,1,0.56010944,0.53639513
pat_17_image_5237.jpg,17,1,0.59151614,0.56603134
pat_17_image_5238.jpg,17,1,0.26982245,0.24263614
pat_17_image_5239.jpg,17,1,0.25075108,0.23826124
pat_17_image_5240.jpg,17,1,0.239107,0.21039663
pat_17_image_5241.jpg,17,1,0.30095947,0.28748718
pat_17_image_5242.jpg,17,1,0.5475579,0.5336747
pat_17_image_5243.jpg,17,1,0.47589496,0.4410172
pat_17_image_5244.jpg,17,1,0.8519728,0.8548228
pat_17_image_5245.jpg,17,1,0.53191864,0.47199708
pat_17_image_5246.jpg,17,1,0.5010181,0.47386593
pat_17_image_5247.jpg,17,1,0.6275715,0.5973544
pat_17_image_5248.jpg,17,1,0.35559466,0.33184594
pat_17_image_5249.jpg,17,1,0.82949775,0.81655806
pat_17_image_5250.jpg,17,1,0.612122,0.5740423
pat_17_image_5251.jpg,17,1,0.72193277,0.6758641
pat_17_image_5252.jpg,17,1,0.25594795,0.22125663
pat_17_image_5253.jpg,17,1,0.534059,0.5111233
pat_17_image_5254.jpg,17,1,0.5021522,0.43254802
pat_17_image_5255.jpg,17,1,0.33747092,0.3453788
pat_17_image_5256.jpg,17,1,0.8421799,0.8558647
pat_17_image_5257.jpg,17,1,0.75565225,0.7244064
pat_17_image_5258.jpg,17,1,0.617555,0.58432156
pat_17_image_5259.jpg,17,1,0.64318275,0.65471214
pat_17_image_5260.jpg,17,1,0.4200014,0.4448437
pat_17_image_5261.jpg,17,1,0.9465519,0.93927306
pat_17_image_5262.jpg,17,1,0.8598154,0.8548378
pat_17_image_5263.jpg,17,1,0.74797004,0.72192276
pat_17_image_5264.jpg,17,1,0.6775819,0.61610043
pat_17_image_5265.jpg,17,1,0.56943905,0.58709264
pat_17_image_5266.jpg,17,1,0.36631864,0.35149312
pat_17_image_5267.jpg,17,1,0.5400605,0.5749653
pat_17_image_5268.jpg,17,1,0.44747156,0.40812936
pat_17_image_5269.jpg,17,1,0.55447626,0.50350606
pat_17_image_5270.jpg,17,1,0.7211254,0.7689479
pat_17_image_5271.jpg,17,1,0.2755529,0.26179138
pat_17_image_5272.jpg,17,1,0.6727391,0.62228405
pat_17_image_5273.jpg,17,1,0.4541432,0.46797755
pat_17_image_5274.jpg,17,1,0.9508412,0.9411175
pat_17_image_5275.jpg,17,1,0.40877128,0.40098038
pat_17_image_5276.jpg,17,1,0.5087537,0.5626089
pat_17_image_5277.jpg,17,1,0.6010672,0.6072517
pat_17_image_5278.jpg,17,1,0.46757877,0.5121963
pat_17_image_5279.jpg,17,1,0.2602596,0.27463567
pat_17_image_5280.jpg,17,1,0.23280932,0.23990332
pat_17_image_5281.jpg,17,1,0.6071611,0.59262675
pat_17_image_5282.jpg,17,1,0.7359686,0.75892025
pat_17_image_5283.jpg,17,1,0.7332726,0.67801774
pat_17_image_5284.jpg,17,1,0.63968366,0.626878
pat_17_image_5285.jpg,17,1,0.9584757,0.9506557
pat_17_image_5286.jpg,17,1,0.8211872,0.8021501
pat_17_image_5287.jpg,17,1,0.2641834,0.24324906
pat_17_image_5288.jpg,17,1,0.5815896,0.59066075
pat_17_image_5289.jpg,17,1,0.5531026,0.56911385
pat_17_image_5290.jpg,17,1,0.31287852,0.33337423
pat_17_image_5291.jpg,17,1,0.4967537,0.509929
pat_17_image_5292.jpg,17,1,0.4896237,0.4965969
pat_17_image_5293.jpg,17,1,0.3180106,0.28288952
pat_17_image_5294.jpg,17,1,0.54125005,0.5384415
pat_17_image_5295.jpg,17,1,0.6908742,0.7191671
pat_17_image_5296.jpg,17,1,0.29431427,0.24785522
pat_17_image_5297.jpg,17,1,0.5144273,0.5601926
pat_17_image_5298.jpg,17,1,0.60161257,0.57439876
pat_17_image_5299.jpg,17,1,0.86839193,0.8467432
pat_17_image_5300.jpg,17,1,0.78240013,0.784557
pat_17_image_5301.jpg,17,1,0.58971596,0.50746524
pat_17_image_5302.jpg,17,1,0.51757425,0.4904847
pat_17_image_5303.jpg,17,1,0.74328005,0.73603475
pat_17_image_5304.jpg,17,1,0.16819933,0.16465528
pat_17_image_5305.jpg,17,1,0.4403758,0.4629044
pat_17_image_5306.jpg,17,1,0.7411433,0.7169196
pat_17_image_5307.jpg,17,1,0.71991885,0.65921426
pat_17_image_5308.jpg,17,1,0.63769585,0.62806934
pat_17_image_5309.jpg,17,1,0.40161163,0.35967836
pat_17_image_5310.jpg,17,1,0.87211764,0.8798836
pat_17_image_5311.jpg,17,1,0.45323506,0.41178766
pat_17_image_5312.jpg,17,1,0.3317706,0.32513645
pat_17_image_5313.jpg,17,1,0.64612275,0.5983893
pat_17_image_5314.jpg,17,1,0.64143443,0.5995247
pat_17_image_5315.jpg,17,1,0.642834,0.6162184
pat_17_image_5316.jpg,17,1,0.40436202,0.39460552
pat_17_image_5317.jpg,17,1,0.85952425,0.8361878
pat_17_image_5318.jpg,17,1,0.6355086,0.641474
pat_17_image_5319.jpg,17,1,0.9087374,0.91410387
pat_17_image_5320.jpg,17,1,0.80240434,0.7666904
pat_17_image_5321.jpg,17,1,0.6247955,0.57477194
pat_17_image_5322.jpg,17,1,0.9310678,0.927069
pat_17_image_5323.jpg,17,1,0.95114166,0.9505588
pat_17_image_5324.jpg,17,1,0.97269946,0.9731101
pat_17_image_5325.jpg,17,1,0.954275,0.95474595
pat_17_image_5326.jpg,17,1,0.86525434,0.8591026
pat_17_image_5327.jpg,17,1,0.83008236,0.83420485
pat_17_image_5328.jpg,17,1,0.72181076,0.70494753
pat_17_image_5329.jpg,17,1,0.42865068,0.4235027
pat_17_image_5330.jpg,17,1,0.56371814,0.5390217
pat_17_image_5331.jpg,17,1,0.82984924,0.83363086
pat_17_image_5332.jpg,17,1,0.64869356,0.63953274
pat_17_image_5333.jpg,17,1,0.46162522,0.40889096
pat_17_image_5334.jpg,17,1,0.6276156,0.59336007
pat_17_image_5335.jpg,17,1,0.20047836,0.17894933
pat_17_image_5336.jpg,17,1,0.224851,0.20435493
pat_17_image_5337.jpg,17,1,0.138179,0.13550924
pat_17_image_5338.jpg,17,1,0.93293506,0.9354899
pat_17_image_5339.jpg,17,1,0.766448,0.75780874
pat_17_image_5340.jpg,17,1,0.28715792,0.25346196
pat_17_image_5341.jpg,17,1,0.92371553,0.92643875
pat_17_image_5342.jpg,17,1,0.46603626,0.4697029
pat_17_image_5343.jpg,17,1,0.37434992,0.3437029
pat_17_image_5344.jpg,17,1,0.5177798,0.5205084
pat_17_image_5345.jpg,17,1,0.83171034,0.84215486
pat_17_image_5346.jpg,17,1,0.27572587,0.26515034
pat_17_image_5347.jpg,17,1,0.7041175,0.67100596
pat_17_image_5348.jpg,17,1,0.16663198,0.18213265
pat_17_image_5349.jpg,17,1,0.21553849,0.23942617
pat_17_image_5350.jpg,17,1,0.6087679,0.5744931
pat_17_image_5351.jpg,17,1,0.83795696,0.83577776
pat_17_image_5352.jpg,17,1,0.79069966,0.763209
pat_17_image_5353.jpg,17,1,0.96478283,0.9669981
pat_17_image_5354.jpg,17,1,0.9653243,0.965067
pat_17_image_5355.jpg,17,1,0.9468111,0.94594395
pat_17_image_5356.jpg,17,1,0.88888025,0.8610906
pat_17_image_5357.jpg,17,1,0.2746817,0.24695492
pat_17_image_5358.jpg,17,1,0.6056166,0.57718277
pat_17_image_5359.jpg,17,1,0.38739192,0.36447313
pat_17_image_5360.jpg,17,1,0.09361679,0.09117627
pat_17_image_5361.jpg,17,1,0.7250091,0.7382836
pat_17_image_5362.jpg,17,1,0.6113773,0.57642627
pat_17_image_5363.jpg,17,1,0.33885536,0.3116254
pat_17_image_5364.jpg,17,1,0.5419665,0.5370058
pat_17_image_5365.jpg,17,1,0.5764333,0.55318516
pat_17_image_5366.jpg,17,1,0.84578675,0.82195765
pat_17_image_5367.jpg,17,1,0.24453293,0.21414076
pat_17_image_5368.jpg,17,1,0.61396325,0.6476258
pat_17_image_5369.jpg,17,1,0.2563704,0.27734303
pat_17_image_5370.jpg,17,1,0.6069704,0.5185694
pat_17_image_5371.jpg,17,1,0.75855714,0.7299432
pat_17_image_5372.jpg,17,1,0.3096945,0.3112027
pat_17_image_5373.jpg,17,1,0.6691981,0.66115075
pat_17_image_5374.jpg,17,1,0.7938125,0.7577888
pat_17_image_5375.jpg,17,1,0.38663837,0.38725516
pat_17_image_5376.jpg,17,1,0.46097493,0.4230152
pat_17_image_5377.jpg,17,1,0.913249,0.89518714
pat_17_image_5378.jpg,17,1,0.9741785,0.9736892
pat_17_image_5379.jpg,17,1,0.80072004,0.78172207
pat_17_image_5380.jpg,17,1,0.44687507,0.45443982
pat_17_image_5381.jpg,17,1,0.32355422,0.24728787
pat_17_image_5382.jpg,17,1,0.599701,0.6100612
pat_17_image_5383.jpg,17,1,0.25537506,0.24170762
pat_17_image_5384.jpg,17,1,0.7840299,0.79560256
pat_17_image_5385.jpg,17,1,0.6411164,0.61614895
pat_17_image_5386.jpg,17,1,0.9308636,0.9327976
pat_17_image_5387.jpg,17,1,0.67376226,0.7090075
pat_17_image_5388.jpg,17,1,0.38490525,0.35226372
pat_17_image_5389.jpg,17,1,0.6994637,0.6530993
pat_17_image_5390.jpg,17,1,0.7739749,0.7877939
pat_17_image_5391.jpg,17,1,0.8453912,0.82034576
pat_17_image_5392.jpg,17,1,0.7797721,0.773137
pat_17_image_5393.jpg,17,1,0.39460966,0.34500304
pat_17_image_5394.jpg,17,1,0.40870145,0.40035814
pat_17_image_5395.jpg,17,1,0.38760117,0.38721433
pat_17_image_5396.jpg,17,1,0.29884505,0.28354242
pat_17_image_5397.jpg,17,1,0.41043657,0.38376367
pat_17_image_5398.jpg,17,1,0.6417161,0.64852715
pat_17_image_5399.jpg,17,1,0.8584192,0.8449723
pat_17_image_5400.jpg,17,1,0.3466071,0.3360974
pat_17_image_5401.jpg,17,1,0.40136322,0.41448402
pat_17_image_5402.jpg,17,1,0.91393757,0.9104054
pat_17_image_5403.jpg,17,1,0.7718794,0.73664796
pat_17_image_5404.jpg,17,1,0.32232672,0.35191748
pat_17_image_5405.jpg,17,1,0.2888188,0.26514927
pat_17_image_5406.jpg,17,1,0.8134472,0.7611327
pat_17_image_5407.jpg,17,1,0.4129233,0.41595617
pat_17_image_5408.jpg,17,1,0.9411338,0.9436346
pat_17_image_5409.jpg,17,1,0.40172225,0.4008592
pat_17_image_5410.jpg,17,1,0.5434893,0.5241238
pat_17_image_5411.jpg,17,1,0.6862176,0.69881666
pat_17_image_5412.jpg,17,1,0.3767024,0.3420788
pat_17_image_5413.jpg,17,1,0.5724344,0.52639616
pat_17_image_5414.jpg,17,1,0.69686574,0.71177816
pat_17_image_5415.jpg,17,1,0.36903808,0.35588485
pat_17_image_5416.jpg,17,1,0.356807,0.3421103
pat_17_image_5417.jpg,17,1,0.60565186,0.6002519
pat_17_image_5418.jpg,17,1,0.81446534,0.76105684
pat_17_image_5419.jpg,17,1,0.3282923,0.33049092
pat_17_image_5420.jpg,17,1,0.5233355,0.50231326
pat_17_image_5421.jpg,17,1,0.89673215,0.89196175
pat_17_image_5422.jpg,17,1,0.5430101,0.55152726
pat_17_image_5423.jpg,17,1,0.72446644,0.66492856
pat_17_image_5424.jpg,17,1,0.71733886,0.67791265
pat_17_image_5425.jpg,17,1,0.6915262,0.6736209
pat_17_image_5426.jpg,17,1,0.9661782,0.9682855
pat_17_image_5427.jpg,17,1,0.64916265,0.6611609
pat_17_image_5428.jpg,17,1,0.56851006,0.55632925
pat_17_image_5429.jpg,17,1,0.62144756,0.57080746
pat_17_image_5430.jpg,17,1,0.5283014,0.49727646
pat_17_image_5431.jpg,17,1,0.4904903,0.49369815
pat_17_image_5432.jpg,17,1,0.8549197,0.8485232
pat_17_image_5433.jpg,17,1,0.67219645,0.7220661
pat_17_image_5434.jpg,17,1,0.5134265,0.41075855
pat_17_image_5435.jpg,17,1,0.50910103,0.5111905
pat_17_image_5436.jpg,17,1,0.7574475,0.7272697
pat_17_image_5437.jpg,17,1,0.2936325,0.2778739
pat_17_image_5438.jpg,17,1,0.864923,0.8674321
pat_17_image_5439.jpg,17,1,0.8846722,0.8686157
pat_17_image_5440.jpg,17,1,0.5591001,0.4991874
pat_17_image_5441.jpg,17,1,0.6007881,0.634166
pat_17_image_5442.jpg,17,1,0.6301379,0.6297889
pat_17_image_5443.jpg,17,1,0.65859336,0.68596846
pat_17_image_5444.jpg,17,1,0.30180266,0.26984197
pat_17_image_5445.jpg,17,1,0.8112764,0.81150895
pat_17_image_5446.jpg,17,1,0.9311445,0.9145385
pat_17_image_5447.jpg,17,1,0.48308077,0.4440363
pat_17_image_5448.jpg,17,1,0.57571906,0.5435421
pat_17_image_5449.jpg,17,1,0.7479628,0.73334163
pat_17_image_5450.jpg,17,1,0.7072055,0.7137933
pat_17_image_5451.jpg,17,1,0.8340025,0.81954366
pat_17_image_5452.jpg,17,1,0.66777575,0.6647754
pat_17_image_5453.jpg,17,1,0.42380184,0.42318198
pat_17_image_5454.jpg,17,1,0.68499964,0.7097084
pat_17_image_5455.jpg,17,1,0.3441381,0.3390564
pat_17_image_5456.jpg,17,1,0.65988654,0.66809744
pat_17_image_5457.jpg,17,1,0.80718607,0.8011668
pat_17_image_5458.jpg,17,1,0.8247843,0.84411234
pat_17_image_5459.jpg,17,1,0.45181787,0.50487
pat_17_image_5460.jpg,17,1,0.7233431,0.78698266
pat_17_image_5461.jpg,17,1,0.20150931,0.20441173
pat_17_image_5462.jpg,17,1,0.30356973,0.33156568
pat_17_image_5463.jpg,17,1,0.11048505,0.11211514
pat_17_image_5464.jpg,17,1,0.13612197,0.14566213
pat_17_image_5465.jpg,17,1,0.5565367,0.54013175
pat_17_image_5466.jpg,17,1,0.74143946,0.75602454
pat_17_image_5467.jpg,17,1,0.748256,0.72240263
pat_17_image_5468.jpg,17,1,0.3980397,0.37875533
pat_17_image_5469.jpg,17,1,0.77728146,0.77127755
pat_17_image_5470.jpg,17,1,0.55475867,0.58237994
pat_17_image_5471.jpg,17,1,0.4555367,0.46671385
pat_17_image_5472.jpg,17,1,0.38733163,0.43540967
pat_17_image_5473.jpg,17,1,0.5096729,0.52353954
pat_17_image_5474.jpg,17,1,0.4143218,0.4162676
pat_17_image_5475.jpg,17,1,0.3977534,0.38726813
pat_17_image_5476.jpg,17,1,0.39936978,0.34212884
pat_17_image_5477.jpg,17,1,0.5433304,0.5168282
pat_17_image_5478.jpg,17,1,0.84626645,0.8219921
pat_17_image_5479.jpg,17,1,0.8588602,0.84092915
pat_17_image_5480.jpg,17,1,0.49694315,0.53237647
pat_17_image_5481.jpg,17,1,0.80183786,0.7876759
pat_17_image_5482.jpg,17,1,0.7772887,0.79152745
pat_17_image_5483.jpg,17,1,0.62483627,0.573349
pat_17_image_5484.jpg,17,1,0.2599244,0.25872272
pat_17_image_5485.jpg,17,1,0.82954484,0.81326216
pat_17_image_5486.jpg,17,1,0.506473,0.5281157
pat_17_image_5487.jpg,17,1,0.21874577,0.1980461
pat_17_image_5488.jpg,17,1,0.6366515,0.69844747
pat_17_image_5489.jpg,17,1,0.46413413,0.4834981
pat_17_image_5490.jpg,17,1,0.43658632,0.44228783
pat_17_image_5491.jpg,17,1,0.56127876,0.614755
pat_17_image_5492.jpg,17,1,0.6186253,0.626196
pat_17_image_5493.jpg,17,1,0.3812221,0.4226051
pat_17_image_5494.jpg,17,1,0.32047346,0.3195145
pat_17_image_5495.jpg,17,1,0.5088613,0.5285109
pat_17_image_5496.jpg,17,1,0.6185526,0.66479856
pat_17_image_5497.jpg,17,1,0.26649147,0.29218805
pat_17_image_5498.jpg,17,1,0.17599401,0.20213361
pat_17_image_5499.jpg,17,1,0.86006945,0.86613595
pat_17_image_5500.jpg,17,1,0.80362713,0.73586166
pat_17_image_5501.jpg,17,1,0.67098856,0.7105344
pat_17_image_5502.jpg,17,1,0.72880024,0.77561146
pat_17_image_5503.jpg,17,1,0.38034797,0.3231377
pat_17_image_5504.jpg,17,1,0.23386775,0.23982768
pat_17_image_5505.jpg,17,1,0.44854885,0.44925836
pat_17_image_5506.jpg,17,1,0.4105842,0.40091226
pat_17_image_5507.jpg,17,1,0.28509712,0.27287698
pat_17_image_5508.jpg,17,1,0.6954478,0.6535905
pat_17_image_5509.jpg,17,1,0.83599836,0.7916781
pat_17_image_5510.jpg,17,1,0.47169486,0.3716123
pat_17_image_5511.jpg,17,1,0.55881536,0.53864723
pat_17_image_5512.jpg,17,1,0.76293635,0.7386661
pat_17_image_5513.jpg,17,1,0.71692663,0.7092354
pat_17_image_5514.jpg,17,1,0.8388123,0.8378515
pat_17_image_5515.jpg,17,1,0.6551079,0.7184093
pat_17_image_5516.jpg,17,1,0.7018628,0.7359927
pat_17_image_5517.jpg,17,1,0.8123611,0.8192405
pat_17_image_5518.jpg,17,1,0.6523936,0.65853
pat_17_image_5519.jpg,17,1,0.32056162,0.304697
pat_17_image_5520.jpg,17,1,0.2781916,0.30382368
pat_17_image_5521.jpg,17,1,0.56570554,0.5272717
pat_17_image_5522.jpg,17,1,0.32888928,0.3231282
pat_17_image_5523.jpg,17,1,0.36631572,0.39347038
pat_17_image_5524.jpg,17,1,0.8289472,0.8266585
pat_17_image_5525.jpg,17,1,0.66904294,0.7236493
pat_17_image_5526.jpg,17,1,0.65856856,0.6594201
pat_17_image_5527.jpg,17,1,0.5584214,0.5051584
pat_17_image_5528.jpg,17,1,0.37260446,0.3514534
pat_17_image_5529.jpg,17,1,0.3627869,0.34298787
pat_17_image_5530.jpg,17,1,0.8206578,0.8268977
pat_17_image_5531.jpg,17,1,0.7851243,0.783954
pat_17_image_5532.jpg,17,1,0.53903365,0.5341392
pat_17_image_5533.jpg,17,1,0.5202549,0.49552664
pat_17_image_5534.jpg,17,1,0.733971,0.71662736
pat_17_image_5535.jpg,17,1,0.5628365,0.57275766
pat_17_image_5536.jpg,17,1,0.3949604,0.3906534
pat_17_image_5537.jpg,17,1,0.66438127,0.65909916
pat_17_image_5538.jpg,17,1,0.86109203,0.8401448
pat_17_image_5539.jpg,17,1,0.74324936,0.8028075
pat_17_image_5540.jpg,17,1,0.7099103,0.6762852
pat_17_image_5541.jpg,17,1,0.34057057,0.32716975
pat_17_image_5542.jpg,17,1,0.36751518,0.3830353
pat_17_image_5543.jpg,17,1,0.77296776,0.78186494
pat_17_image_5544.jpg,17,1,0.6343753,0.6440706
pat_17_image_5545.jpg,17,1,0.2713649,0.33332872
pat_17_image_5546.jpg,17,1,0.6321597,0.5933409
pat_17_image_5547.jpg,17,1,0.52155614,0.51405925
pat_17_image_5548.jpg,17,1,0.8072939,0.81772935
pat_17_image_5549.jpg,17,1,0.6119065,0.6374233
pat_17_image_5550.jpg,17,1,0.8074629,0.7913117
pat_17_image_5551.jpg,17,1,0.28709903,0.2699245
pat_17_image_5552.jpg,17,1,0.14953199,0.13243686
pat_17_image_5553.jpg,17,1,0.24266936,0.22163348
pat_17_image_5554.jpg,17,1,0.47654694,0.52751327
pat_17_image_5555.jpg,17,1,0.7695032,0.7734009
pat_17_image_5556.jpg,17,1,0.3975867,0.3708828
pat_17_image_5557.jpg,17,1,0.8441115,0.83431894
pat_17_image_5558.jpg,17,1,0.6340791,0.64940375
pat_17_image_5559.jpg,17,1,0.43014002,0.39385533
pat_17_image_5560.jpg,17,1,0.900846,0.8909985
pat_17_image_5561.jpg,17,1,0.3408787,0.31556734
pat_17_image_5562.jpg,17,1,0.71180797,0.7182211
pat_17_image_5563.jpg,17,1,0.75313234,0.7068967
pat_17_image_5564.jpg,17,1,0.69289696,0.6929463
pat_17_image_5565.jpg,17,1,0.93153006,0.9247684
pat_17_image_5566.jpg,17,1,0.38553604,0.3467928
pat_17_image_5567.jpg,17,1,0.49427933,0.46528703
pat_17_image_5568.jpg,17,1,0.4639492,0.40305206
pat_17_image_5569.jpg,17,1,0.70972145,0.67763066
pat_17_image_5570.jpg,17,1,0.846808,0.8321233
pat_17_image_5571.jpg,17,1,0.9586804,0.95724165
pat_17_image_5572.jpg,17,1,0.40151957,0.47649238
pat_17_image_5573.jpg,17,1,0.5570421,0.56976104
pat_17_image_5574.jpg,17,1,0.5640521,0.51160514
pat_17_image_5575.jpg,17,1,0.4438438,0.41839513
pat_17_image_5576.jpg,17,1,0.45269066,0.4490603
pat_17_image_5577.jpg,17,1,0.30422443,0.26332915
pat_17_image_5578.jpg,17,1,0.7861166,0.75831056
pat_17_image_5579.jpg,17,1,0.79487646,0.7730973
pat_17_image_5580.jpg,17,1,0.6488487,0.62939596
pat_17_image_5581.jpg,17,1,0.71178174,0.69888175
pat_17_image_5582.jpg,17,1,0.37222594,0.36039898
pat_17_image_5583.jpg,17,1,0.3597044,0.32792383
pat_17_image_5584.jpg,17,1,0.64901024,0.69520575
pat_17_image_5585.jpg,17,1,0.6759524,0.6509542
pat_17_image_5586.jpg,17,1,0.87849146,0.8897375
pat_17_image_5587.jpg,17,1,0.7063389,0.64786994
pat_17_image_5588.jpg,17,1,0.72307926,0.735573
pat_17_image_5589.jpg,17,1,0.64463466,0.66749436
pat_17_image_5590.jpg,17,1,0.61897796,0.60217136
pat_17_image_5591.jpg,17,1,0.25301322,0.23949485
pat_17_image_5592.jpg,17,1,0.8445542,0.84183955
pat_17_image_5593.jpg,17,1,0.3704279,0.39247733
pat_17_image_5594.jpg,17,1,0.38090843,0.46616054
pat_17_image_5595.jpg,17,1,0.4338456,0.3978019
pat_17_image_5596.jpg,17,1,0.53779596,0.5409594
pat_17_image_5597.jpg,17,1,0.8921148,0.8952733
pat_17_image_5598.jpg,17,1,0.22355507,0.21431115
pat_17_image_5599.jpg,17,1,0.69388944,0.68246174
pat_17_image_5600.jpg,17,1,0.9349057,0.94311374
pat_17_image_5601.jpg,17,1,0.64690995,0.65312
pat_17_image_5602.jpg,17,1,0.48100632,0.53572327
pat_17_image_5603.jpg,17,1,0.3722688,0.37907854
pat_17_image_5604.jpg,17,1,0.7043128,0.75918126
pat_17_image_5605.jpg,17,1,0.62667745,0.67164713
pat_17_image_5606.jpg,17,1,0.35075167,0.36922213
pat_17_image_5607.jpg,17,1,0.27996498,0.26928487
pat_17_image_5608.jpg,17,1,0.43352023,0.4632625
pat_17_image_5609.jpg,17,1,0.44600153,0.4504475
pat_17_image_5610.jpg,17,1,0.693116,0.6812148
pat_17_image_5611.jpg,17,1,0.9069377,0.88928586
pat_17_image_5612.jpg,17,1,0.24494836,0.23330233
pat_17_image_5613.jpg,17,1,0.59047914,0.6018695
pat_17_image_5614.jpg,17,1,0.4932884,0.4714621
pat_17_image_5615.jpg,17,1,0.3536824,0.3605568
pat_17_image_5616.jpg,17,1,0.5761611,0.56212527
pat_17_image_5617.jpg,17,1,0.21974546,0.18495211
pat_17_image_5618.jpg,17,1,0.47659275,0.515773
pat_17_image_5619.jpg,17,1,0.5050726,0.5423306
pat_17_image_5620.jpg,17,1,0.67881846,0.70276135
pat_17_image_5621.jpg,17,1,0.2299004,0.19618444
pat_17_image_5622.jpg,17,1,0.11666562,0.12593254
pat_17_image_5623.jpg,17,1,0.33839038,0.34615213
pat_17_image_5624.jpg,17,1,0.19707695,0.1834381
pat_17_image_5625.jpg,17,1,0.2914731,0.2963581
pat_17_image_5626.jpg,17,1,0.48786584,0.54741186
pat_17_image_5627.jpg,17,1,0.3491502,0.38361973
pat_17_image_5628.jpg,17,1,0.5537679,0.48189187
pat_17_image_5629.jpg,17,1,0.5158668,0.47823825
pat_17_image_5630.jpg,17,1,0.6148218,0.58268297
pat_17_image_5631.jpg,17,1,0.7526174,0.7495462
pat_17_image_5632.jpg,17,1,0.26437536,0.28137836
pat_17_image_5633.jpg,17,1,0.7367933,0.7437931
pat_17_image_5634.jpg,17,1,0.7603611,0.77354157
pat_17_image_5635.jpg,17,1,0.3885418,0.36248752
pat_17_image_5636.jpg,17,1,0.24885744,0.27547616
pat_17_image_5637.jpg,17,1,0.7684732,0.7529399
pat_17_image_5638.jpg,17,1,0.36209697,0.32010716
pat_17_image_5639.jpg,17,1,0.54955006,0.5260353
pat_17_image_5640.jpg,17,1,0.6381799,0.6084194
pat_17_image_5641.jpg,17,1,0.48074573,0.43180028
pat_17_image_5642.jpg,17,1,0.6138502,0.64229906
pat_17_image_5643.jpg,17,1,0.3302339,0.34079197
pat_17_image_5644.jpg,17,1,0.263408,0.26269218
pat_17_image_5645.jpg,17,1,0.402284,0.36649695
pat_17_image_5646.jpg,17,1,0.908936,0.90171844
pat_17_image_5647.jpg,17,1,0.5414889,0.54331976
pat_17_image_5648.jpg,17,1,0.88223684,0.8679551
pat_17_image_5649.jpg,17,1,0.65549594,0.64097404
pat_17_image_5650.jpg,17,1,0.65205103,0.638219
pat_17_image_5651.jpg,17,1,0.25471827,0.21083347
pat_17_image_5652.jpg,17,1,0.50867254,0.46311215
pat_17_image_5653.jpg,17,1,0.5311218,0.52359253
pat_17_image_5654.jpg,17,1,0.6945195,0.6878087
pat_17_image_5655.jpg,17,1,0.520164,0.49896818
pat_17_image_5656.jpg,17,1,0.43104473,0.4284648
pat_17_image_5657.jpg,17,1,0.15869376,0.1389425
pat_17_image_5658.jpg,17,1,0.8110136,0.8364372
pat_17_image_5659.jpg,17,1,0.40947348,0.39335564
pat_17_image_5660.jpg,17,1,0.7188773,0.69099087
pat_17_image_5661.jpg,17,1,0.22289503,0.21564053
pat_17_image_5662.jpg,17,1,0.19407843,0.17886616
pat_17_image_5663.jpg,17,1,0.36623332,0.37180856
pat_17_image_5664.jpg,17,1,0.4193324,0.42042887
pat_17_image_5665.jpg,17,1,0.42369172,0.40236577
pat_17_image_5666.jpg,17,1,0.35886705,0.37308198
pat_17_image_5667.jpg,17,1,0.7185485,0.681082
pat_17_image_5668.jpg,17,1,0.2538876,0.20010267
pat_17_image_5669.jpg,17,1,0.31325132,0.24311303
pat_17_image_5670.jpg,17,1,0.9473665,0.9493798
pat_17_image_5671.jpg,17,1,0.8354115,0.8366193
pat_17_image_5672.jpg,17,1,0.48509875,0.49377155
pat_17_image_5673.jpg,17,1,0.71019745,0.6801448
pat_17_image_5674.jpg,17,1,0.14950721,0.15040784
pat_17_image_5675.jpg,17,1,0.79699665,0.7885313
pat_17_image_5676.jpg,17,1,0.40318534,0.40377986
pat_17_image_5677.jpg,17,1,0.65884024,0.68581057
pat_17_image_5678.jpg,17,1,0.766862,0.7667079
pat_17_image_5679.jpg,17,1,0.7321641,0.71145076
pat_17_image_5680.jpg,17,1,0.83618623,0.80113673
pat_17_image_5681.jpg,17,1,0.9272717,0.91637033
pat_17_image_5682.jpg,17,1,0.40115702,0.3620853
pat_17_image_5683.jpg,17,1,0.8426563,0.85770124
pat_17_image_5684.jpg,17,1,0.38358003,0.41551688
pat_17_image_5685.jpg,17,1,0.7438524,0.76137185
pat_17_image_5686.jpg,17,1,0.71843576,0.71843183
pat_17_image_5687.jpg,17,1,0.3224923,0.2818746
pat_17_image_5688.jpg,17,1,0.553591,0.53768414
pat_17_image_5689.jpg,17,1,0.4369347,0.40029526
pat_17_image_5690.jpg,17,1,0.7546412,0.7077431
pat_17_image_5691.jpg,17,1,0.70930994,0.6621441
pat_17_image_5692.jpg,17,1,0.8338051,0.8250194
pat_17_image_5693.jpg,17,1,0.65666634,0.59284043
pat_17_image_5694.jpg,17,1,0.7286665,0.72389483
pat_17_image_5695.jpg,17,1,0.5488671,0.4868711
pat_17_image_5696.jpg,17,1,0.708045,0.6814506
pat_17_image_5697.jpg,17,1,0.7961279,0.79770464
pat_17_image_5698.jpg,17,1,0.6648802,0.6720085
pat_17_image_5699.jpg,17,1,0.62124825,0.68676394
pat_17_image_5700.jpg,17,1,0.4116893,0.4828912
pat_17_image_5701.jpg,17,1,0.6767315,0.664089
pat_17_image_5702.jpg,17,1,0.73014736,0.7204153
pat_17_image_5703.jpg,17,1,0.32350376,0.32723913
pat_17_image_5704.jpg,17,1,0.25862223,0.26008525
pat_17_image_5705.jpg,17,1,0.82528156,0.82880604
pat_17_image_5706.jpg,17,1,0.83826137,0.823932
pat_17_image_5707.jpg,17,1,0.4338847,0.44251555
pat_17_image_5708.jpg,17,1,0.9637389,0.96185213
pat_17_image_5709.jpg,17,1,0.926959,0.93011546
pat_17_image_5710.jpg,17,1,0.52095336,0.51191884
pat_17_image_5711.jpg,17,1,0.9112253,0.8844162
pat_17_image_5712.jpg,17,1,0.65043217,0.6812053
pat_17_image_5713.jpg,17,1,0.7543048,0.7513765
pat_17_image_5714.jpg,17,1,0.94363135,0.9464095
pat_17_image_5715.jpg,17,1,0.8576892,0.8548464
pat_17_image_5716.jpg,17,1,0.8630487,0.88387614
pat_17_image_5717.jpg,17,1,0.80628246,0.8469172
pat_17_image_5718.jpg,17,1,0.8112787,0.82365304
pat_17_image_5719.jpg,17,1,0.71979636,0.72989607
pat_17_image_5720.jpg,17,1,0.5372499,0.56682426
pat_17_image_5721.jpg,17,1,0.5111798,0.57891
pat_17_image_5722.jpg,17,1,0.87238854,0.8587843
pat_17_image_5723.jpg,17,1,0.7330104,0.67763084
pat_17_image_5724.jpg,17,1,0.67987275,0.6875324
pat_17_image_5725.jpg,17,1,0.8642676,0.8342538
pat_17_image_5726.jpg,17,1,0.26295218,0.24458568
pat_17_image_5727.jpg,17,1,0.47786158,0.4411114
pat_17_image_5728.jpg,17,1,0.27860206,0.2609967
pat_17_image_5729.jpg,17,1,0.33708608,0.34425136
pat_17_image_5730.jpg,17,1,0.44048396,0.5100289
pat_17_image_5731.jpg,17,1,0.46137217,0.410179
pat_17_image_5732.jpg,17,1,0.6813654,0.7241072
pat_17_image_5733.jpg,17,1,0.46435827,0.4665661
pat_17_image_5734.jpg,17,1,0.6366084,0.61936694
pat_17_image_5735.jpg,17,1,0.40745625,0.43053147
pat_17_image_5736.jpg,17,1,0.67113084,0.6357461
pat_17_image_5737.jpg,17,1,0.5624068,0.56549233
pat_17_image_5738.jpg,17,1,0.4716218,0.46540558
pat_17_image_5739.jpg,17,1,0.8238814,0.8372099
pat_17_image_5740.jpg,17,1,0.5638222,0.6032887
pat_17_image_5741.jpg,17,1,0.459858,0.509405
pat_17_image_5742.jpg,17,1,0.75211823,0.7500147
pat_17_image_5743.jpg,17,1,0.6778321,0.6220059
pat_17_image_5744.jpg,17,1,0.97158784,0.9727535
pat_17_image_5745.jpg,17,1,0.596908,0.5516783
pat_17_image_5746.jpg,17,1,0.911853,0.92111295
pat_17_image_5747.jpg,17,1,0.24738772,0.29184967
pat_17_image_5748.jpg,17,1,0.12957646,0.12367903
pat_17_image_5749.jpg,17,1,0.76216906,0.72402346
pat_17_image_5750.jpg,17,1,0.64150286,0.60364807
pat_17_image_5751.jpg,17,1,0.3366523,0.29362407
pat_17_image_5752.jpg,17,1,0.5806297,0.59196645
pat_17_image_5753.jpg,17,1,0.36798918,0.3618891
pat_17_image_5754.jpg,17,1,0.19688882,0.21390007
pat_17_image_5755.jpg,17,1,0.94963187,0.9544283
pat_17_image_5756.jpg,17,1,0.541885,0.5552547
pat_17_image_5757.jpg,17,1,0.87990856,0.8794646
pat_17_image_5758.jpg,17,1,0.67083985,0.64371836
pat_17_image_5759.jpg,17,1,0.31625658,0.23600237
pat_17_image_5760.jpg,17,1,0.24977013,0.25753513
pat_17_image_5761.jpg,17,1,0.21437547,0.21455109
pat_17_image_5762.jpg,17,1,0.22210859,0.25153616
pat_17_image_5763.jpg,17,1,0.4632768,0.41178834
pat_17_image_5764.jpg,17,1,0.3869639,0.37252867
pat_17_image_5765.jpg,17,1,0.676162,0.65478903
pat_17_image_5766.jpg,17,1,0.5469478,0.47580135
pat_17_image_5767.jpg,17,1,0.6460766,0.6706902
pat_17_image_5768.jpg,17,1,0.6485496,0.6698468
pat_17_image_5769.jpg,17,1,0.5880163,0.6536726
pat_17_image_5770.jpg,17,1,0.8203801,0.8370076
pat_17_image_5771.jpg,17,1,0.608008,0.5455751
pat_17_image_5772.jpg,17,1,0.62778264,0.6113798
pat_17_image_5773.jpg,17,1,0.34708396,0.3364984
pat_17_image_5774.jpg,17,1,0.7733622,0.7317925
pat_17_image_5775.jpg,17,1,0.9030444,0.9130881
pat_17_image_5776.jpg,17,1,0.6712148,0.6540189
pat_17_image_5777.jpg,17,1,0.54797727,0.5461972
pat_17_image_5778.jpg,17,1,0.66285187,0.6039856
pat_17_image_5779.jpg,17,1,0.7018793,0.7051348
pat_17_image_5780.jpg,17,1,0.8557458,0.8404715
pat_17_image_5781.jpg,17,1,0.50349426,0.48863
pat_17_image_5782.jpg,17,1,0.6633025,0.66346276
pat_17_image_5783.jpg,17,1,0.7328855,0.7119715
pat_17_image_5784.jpg,17,1,0.6401703,0.5869845
pat_17_image_5785.jpg,17,1,0.83472574,0.8313739
pat_17_image_5786.jpg,17,1,0.77428883,0.750347
pat_17_image_5787.jpg,17,1,0.6081446,0.56869155
pat_17_image_5788.jpg,17,1,0.14517878,0.13127232
pat_17_image_5789.jpg,17,1,0.6335902,0.61037683
pat_17_image_5790.jpg,17,1,0.8071163,0.77085066
pat_17_image_5791.jpg,17,1,0.5180758,0.4728748
pat_17_image_5792.jpg,17,1,0.47158772,0.46206483
pat_17_image_5793.jpg,17,1,0.7859228,0.7661949
pat_17_image_5794.jpg,17,1,0.8423935,0.845613
pat_17_image_5795.jpg,17,1,0.9062413,0.89498895
pat_17_image_5796.jpg,17,1,0.4809302,0.48370066
pat_17_image_5797.jpg,17,1,0.4445471,0.3971473
pat_17_image_5798.jpg,17,1,0.84547937,0.86181045
pat_17_image_5799.jpg,17,1,0.3886639,0.336148
pat_17_image_5800.jpg,17,1,0.3462492,0.31230342
pat_17_image_5801.jpg,17,1,0.6021692,0.65065587
pat_17_image_5802.jpg,17,1,0.4255879,0.3993622
pat_17_image_5803.jpg,17,1,0.46648732,0.44395742
pat_17_image_5804.jpg,17,1,0.4836695,0.46566084
pat_17_image_5805.jpg,17,1,0.28215024,0.27950284
pat_17_image_5806.jpg,17,1,0.27590677,0.2622901
pat_17_image_5807.jpg,17,1,0.76944,0.7721102
pat_17_image_5808.jpg,17,1,0.6887491,0.733555
pat_17_image_5809.jpg,17,1,0.5886075,0.6111507
pat_17_image_5810.jpg,17,1,0.2389681,0.20310667
pat_17_image_5811.jpg,17,1,0.49921682,0.47512007
pat_17_image_5812.jpg,17,1,0.7339361,0.6755
pat_17_image_5813.jpg,17,1,0.68232536,0.630598
pat_17_image_5814.jpg,17,1,0.52017987,0.49182272
pat_17_image_5815.jpg,17,1,0.54562724,0.51367384
pat_17_image_5816.jpg,17,1,0.49709445,0.4995009
pat_17_image_5817.jpg,17,1,0.4402449,0.39263237
pat_17_image_5818.jpg,17,1,0.842249,0.82165647
pat_17_image_5819.jpg,17,1,0.4443289,0.44631678
pat_17_image_5820.jpg,17,1,0.58326745,0.5877399
pat_17_image_5821.jpg,17,1,0.8493932,0.860447
pat_17_image_5822.jpg,17,1,0.6773891,0.6971784
pat_17_image_5823.jpg,17,1,0.73944795,0.76503366
pat_17_image_5824.jpg,17,1,0.3527278,0.33594745
pat_17_image_5825.jpg,17,1,0.47538438,0.4994664
pat_17_image_5826.jpg,17,1,0.47311696,0.52472633
pat_17_image_5827.jpg,17,1,0.23297542,0.24752815
pat_17_image_5828.jpg,17,1,0.788917,0.8005176
pat_17_image_5829.jpg,17,1,0.50436646,0.5630581
pat_17_image_5830.jpg,17,1,0.76089436,0.8004404
pat_17_image_5831.jpg,17,1,0.5278479,0.5401232
pat_17_image_5832.jpg,17,1,0.69616735,0.7071811
pat_17_image_5833.jpg,17,1,0.32358998,0.30216965
pat_17_image_5834.jpg,17,1,0.6327757,0.54267144
pat_17_image_5835.jpg,17,1,0.54465497,0.5018862
pat_17_image_5836.jpg,17,1,0.82518446,0.8058687
pat_17_image_5837.jpg,17,1,0.8147004,0.81719935
pat_17_image_5838.jpg,17,1,0.93188286,0.91546077
pat_17_image_5839.jpg,17,1,0.58462787,0.5518072
pat_17_image_5840.jpg,17,1,0.31280383,0.26045823
pat_17_image_5841.jpg,17,1,0.127103,0.1341457
pat_17_image_5842.jpg,17,1,0.9087465,0.9066655
pat_17_image_5843.jpg,17,1,0.62357926,0.6751071
pat_17_image_5844.jpg,17,1,0.5383631,0.5256618
pat_17_image_5845.jpg,17,1,0.47308248,0.43148825
pat_17_image_5846.jpg,17,1,0.8141684,0.82146305
pat_17_image_5847.jpg,17,1,0.576647,0.54937464
pat_17_image_5848.jpg,17,1,0.643008,0.6634003
pat_17_image_5849.jpg,17,1,0.67493683,0.63932735
pat_17_image_5850.jpg,17,1,0.6550477,0.7157827
pat_17_image_5851.jpg,17,1,0.4138416,0.42488652
pat_17_image_5852.jpg,17,1,0.9359691,0.94150776
pat_17_image_5853.jpg,17,1,0.8218108,0.8266874
pat_17_image_5854.jpg,17,1,0.84341276,0.8672649
pat_17_image_5855.jpg,17,1,0.8571926,0.8528593
pat_17_image_5856.jpg,17,1,0.819322,0.8627589
pat_17_image_5857.jpg,17,1,0.71318805,0.67370033
pat_17_image_5858.jpg,17,1,0.6280075,0.6011103
pat_17_image_5859.jpg,17,1,0.4411824,0.34136522
pat_17_image_5860.jpg,17,1,0.49962217,0.4871331
pat_17_image_5861.jpg,17,1,0.501716,0.42774034
pat_17_image_5862.jpg,17,1,0.84662956,0.8506638
pat_17_image_5863.jpg,17,1,0.38445252,0.37978724
pat_17_image_5864.jpg,17,1,0.64791465,0.6544829
pat_17_image_5865.jpg,17,1,0.6724761,0.67114264
pat_17_image_5866.jpg,17,1,0.5869133,0.60403425
pat_17_image_5867.jpg,17,1,0.73275083,0.77070177
pat_17_image_5868.jpg,17,1,0.44828767,0.49654746
pat_17_image_5869.jpg,17,1,0.5555023,0.5783887
pat_17_image_5870.jpg,17,1,0.35453475,0.35095125
pat_17_image_5871.jpg,17,1,0.8137977,0.82260257
pat_17_image_5872.jpg,17,1,0.653076,0.64663017
pat_17_image_5873.jpg,17,1,0.36590832,0.3451277
pat_17_image_5874.jpg,17,1,0.7711652,0.7505037
pat_17_image_5875.jpg,17,1,0.6068146,0.6529507
pat_17_image_5876.jpg,17,1,0.40336758,0.36117136
pat_17_image_5877.jpg,17,1,0.69889426,0.6420985
pat_17_image_5878.jpg,17,1,0.44383243,0.44309714
pat_17_image_5879.jpg,17,1,0.42231524,0.37194058
pat_17_image_5880.jpg,17,1,0.6021024,0.5890298
pat_17_image_5881.jpg,17,1,0.39964396,0.31987187
pat_17_image_5882.jpg,17,1,0.4147133,0.3914503
pat_17_image_5883.jpg,17,1,0.3432178,0.3148973
pat_17_image_5884.jpg,17,1,0.19598724,0.18973273
pat_17_image_5885.jpg,17,1,0.5510716,0.49215144
pat_17_image_5886.jpg,17,1,0.44040528,0.44076577
pat_17_image_5887.jpg,17,1,0.38177383,0.35006326
pat_17_image_5888.jpg,17,1,0.764429,0.7639034
pat_17_image_5889.jpg,17,1,0.8312628,0.80193317
pat_17_image_5890.jpg,17,1,0.41178527,0.38898394
pat_17_image_5891.jpg,17,1,0.32984307,0.33453846
pat_17_image_5892.jpg,17,1,0.3760606,0.37417495
pat_17_image_5893.jpg,17,1,0.47022358,0.42040735
pat_17_image_5894.jpg,17,1,0.67670584,0.6272256
pat_17_image_5895.jpg,17,1,0.6548393,0.6594879
pat_17_image_5896.jpg,17,1,0.5236987,0.5014056
pat_17_image_5897.jpg,17,1,0.5482373,0.52786314
pat_17_image_5898.jpg,17,1,0.66149545,0.63536257
pat_17_image_5899.jpg,17,1,0.66432315,0.6948207
pat_17_image_5900.jpg,17,1,0.5240403,0.48452306
pat_17_image_5901.jpg,17,1,0.8654039,0.85133344
pat_17_image_5902.jpg,17,1,0.61176395,0.57988256
pat_17_image_5903.jpg,17,1,0.8204591,0.7996102
pat_17_image_5904.jpg,17,1,0.4132126,0.34575996
pat_17_image_5905.jpg,17,1,0.11630574,0.095248535
pat_17_image_5906.jpg,17,1,0.33150378,0.33238077
pat_17_image_5907.jpg,17,1,0.19054669,0.20682976
pat_17_image_5908.jpg,17,1,0.21968618,0.2021147
pat_17_image_5909.jpg,17,1,0.21581087,0.21401265
pat_17_image_5910.jpg,17,1,0.4075202,0.37789676
pat_17_image_5911.jpg,17,1,0.7405525,0.6672108
pat_17_image_5912.jpg,17,1,0.2649979,0.23719731
pat_17_image_5913.jpg,17,1,0.6593126,0.6011297
pat_17_image_5914.jpg,17,1,0.6289843,0.60605294
pat_17_image_5915.jpg,17,1,0.81213945,0.8218907
pat_17_image_5916.jpg,17,1,0.34504777,0.3947922
pat_17_image_5917.jpg,17,1,0.65236217,0.67989796
pat_17_image_5918.jpg,17,1,0.8475247,0.8726112
pat_17_image_5919.jpg,17,1,0.5957447,0.6205296
pat_17_image_5920.jpg,17,1,0.5829664,0.5997908
pat_17_image_5921.jpg,17,1,0.5977775,0.61211073
pat_17_image_5922.jpg,17,1,0.741156,0.7050404
pat_17_image_5923.jpg,17,1,0.095906526,0.09163726
pat_17_image_5924.jpg,17,1,0.7691234,0.7999779
pat_17_image_5925.jpg,17,1,0.6413661,0.6519222
pat_17_image_5926.jpg,17,1,0.5734701,0.5620204
pat_17_image_5927.jpg,17,1,0.81583595,0.8276751
pat_17_image_5928.jpg,17,1,0.6290274,0.6365574
pat_17_image_5929.jpg,17,1,0.25348195,0.22221978
pat_17_image_5930.jpg,17,1,0.60463566,0.62642854
pat_17_image_5931.jpg,17,1,0.71731627,0.7484836
pat_17_image_5932.jpg,17,1,0.91336054,0.8974254
pat_17_image_5933.jpg,17,1,0.324173,0.29511288
pat_17_image_5934.jpg,17,1,0.6274314,0.6312219
pat_17_image_5935.jpg,17,1,0.30008173,0.2517989
pat_17_image_5936.jpg,17,1,0.7698866,0.74780715
pat_17_image_5937.jpg,17,1,0.75466204,0.76355976
pat_17_image_5938.jpg,17,1,0.43983552,0.4082567
pat_17_image_5939.jpg,17,1,0.5933832,0.5443854
pat_17_image_5940.jpg,17,1,0.4266859,0.4187413
pat_17_image_5941.jpg,17,1,0.62467533,0.5755999
pat_17_image_5942.jpg,17,1,0.78395283,0.74964696
pat_17_image_5943.jpg,17,1,0.79377764,0.7855892
pat_17_image_5944.jpg,17,1,0.59467447,0.5672547
pat_17_image_5945.jpg,17,1,0.5749522,0.57105327
pat_17_image_5946.jpg,17,1,0.3623143,0.34649032
pat_17_image_5947.jpg,17,1,0.47697473,0.44636658
pat_17_image_5948.jpg,17,1,0.83238566,0.81418735
pat_17_image_5949.jpg,17,1,0.8122985,0.8014294
pat_17_image_5950.jpg,17,1,0.63566965,0.61750704
pat_17_image_5951.jpg,17,1,0.844412,0.8497797
pat_17_image_5952.jpg,17,1,0.6424903,0.6181733
pat_17_image_5953.jpg,17,1,0.696113,0.6701839
pat_17_image_5954.jpg,17,1,0.32964578,0.34297627
pat_17_image_5955.jpg,17,1,0.9271498,0.9383262
pat_17_image_5956.jpg,17,1,0.8724284,0.86553836
pat_17_image_5957.jpg,17,1,0.4909152,0.4959497
pat_17_image_5958.jpg,17,1,0.6065247,0.62716347
pat_17_image_5959.jpg,17,1,0.30791157,0.2629772
pat_17_image_5960.jpg,17,1,0.31415594,0.30137384
pat_17_image_5961.jpg,17,1,0.42679843,0.39540735
pat_17_image_5962.jpg,17,1,0.58537877,0.61234486
pat_17_image_5963.jpg,17,1,0.30596977,0.3242378
pat_17_image_5964.jpg,17,1,0.42246813,0.40957275
pat_17_image_5965.jpg,17,1,0.7398827,0.7344244
pat_17_image_5966.jpg,17,1,0.5557244,0.49989203
pat_17_image_5967.jpg,17,1,0.7182452,0.6691433
pat_17_image_5968.jpg,17,1,0.16347651,0.13463652
pat_17_image_5969.jpg,17,1,0.38446003,0.3612253
pat_17_image_5970.jpg,17,1,0.67475843,0.7192682
pat_17_image_5971.jpg,17,1,0.33190092,0.28405005
pat_17_image_5972.jpg,17,1,0.86847997,0.9047513
pat_17_image_5973.jpg,17,1,0.833934,0.85101104
pat_17_image_5974.jpg,17,1,0.25020596,0.24555518
pat_17_image_5975.jpg,17,1,0.72080666,0.7243308
pat_17_image_5976.jpg,17,1,0.78376174,0.8114971
pat_17_image_5977.jpg,17,1,0.8759579,0.8700219
pat_17_image_5978.jpg,17,1,0.69909847,0.7798631
pat_17_image_5979.jpg,17,1,0.52876514,0.5245168
pat_17_image_5980.jpg,17,1,0.61678916,0.6447313
pat_17_image_5981.jpg,17,1,0.46878743,0.5467798
pat_17_image_5982.jpg,17,1,0.90315795,0.9107323
pat_17_image_5983.jpg,17,1,0.48587406,0.5419151
pat_17_image_5984.jpg,17,1,0.25884503,0.25354534
pat_17_image_5985.jpg,17,1,0.6206633,0.63944757
pat_17_image_5986.jpg,17,1,0.659176,0.69693714
pat_17_image_5987.jpg,17,1,0.60468173,0.6464475
pat_17_image_5988.jpg,17,1,0.67031205,0.67537385
pat_17_image_5989.jpg,17,1,0.30464798,0.3201834
pat_17_image_5990.jpg,17,1,0.9033111,0.88897055
pat_17_image_5991.jpg,17,1,0.5225076,0.5005006
pat_17_image_5992.jpg,17,1,0.71511716,0.75001687
pat_17_image_5993.jpg,17,1,0.63458246,0.6071436
pat_17_image_5994.jpg,17,1,0.59445304,0.6077577
pat_17_image_5995.jpg,17,1,0.34635216,0.31135628
pat_17_image_5996.jpg,17,1,0.8447076,0.8579702
pat_17_image_5997.jpg,17,1,0.6823536,0.6856586
pat_17_image_5998.jpg,17,1,0.7235023,0.7101606
pat_17_image_5999.jpg,17,1,0.76874554,0.78379256
pat_17_image_6000.jpg,17,1,0.37327507,0.35686043
pat_17_image_6001.jpg,17,1,0.64114064,0.57817405
pat_17_image_6002.jpg,17,1,0.41195175,0.4077409
pat_17_image_6003.jpg,17,1,0.6084009,0.6120498
pat_17_image_6004.jpg,17,1,0.5278112,0.5700721
pat_17_image_6005.jpg,17,1,0.7425556,0.68350446
pat_17_image_6006.jpg,17,1,0.92619556,0.91192394
pat_17_image_6007.jpg,17,1,0.83431494,0.7931196
pat_17_image_6008.jpg,17,1,0.70744836,0.61203206
pat_17_image_6009.jpg,17,1,0.7162233,0.68863076
pat_17_image_6010.jpg,17,1,0.44011262,0.48591268
pat_17_image_6011.jpg,17,1,0.36606342,0.33118442
pat_17_image_6012.jpg,17,1,0.56427217,0.50110036
pat_17_image_6013.jpg,17,1,0.793099,0.77362746
pat_17_image_6014.jpg,17,1,0.6776548,0.6711607
pat_17_image_6015.jpg,17,1,0.6662177,0.66526103
pat_17_image_6016.jpg,17,1,0.43617883,0.41176283
pat_17_image_6017.jpg,17,1,0.8775732,0.88477665
pat_17_image_6018.jpg,17,1,0.51769304,0.45390582
pat_17_image_6019.jpg,17,1,0.4299455,0.39779022
pat_17_image_6020.jpg,17,1,0.50516325,0.47565877
pat_17_image_6021.jpg,17,1,0.71796817,0.67161244
pat_17_image_6022.jpg,17,1,0.25390485,0.2764957
pat_17_image_6023.jpg,17,1,0.4726069,0.46859118
pat_17_image_6024.jpg,17,1,0.7250022,0.7033423
pat_17_image_6025.jpg,17,1,0.67412585,0.6405382
pat_17_image_6026.jpg,17,1,0.8033584,0.74904084
pat_17_image_6027.jpg,17,1,0.90000093,0.8974624
pat_17_image_6028.jpg,17,1,0.55167484,0.56549996
pat_17_image_6029.jpg,17,1,0.85465777,0.8683128
pat_17_image_6030.jpg,17,1,0.92306817,0.91145146
pat_17_image_6031.jpg,17,1,0.55937964,0.55175835
pat_17_image_6032.jpg,17,1,0.6653383,0.6861986
pat_17_image_6033.jpg,17,1,0.78703326,0.74356294
pat_17_image_6034.jpg,17,1,0.7080874,0.68498003
pat_17_image_6035.jpg,17,1,0.6868686,0.66155005
pat_17_image_6036.jpg,17,1,0.8918179,0.90057516
pat_17_image_6037.jpg,17,1,0.48351076,0.4566646
pat_17_image_6038.jpg,17,1,0.9360973,0.93649155
pat_17_image_6039.jpg,17,1,0.8425485,0.85216945
pat_17_image_6040.jpg,17,1,0.40235254,0.34844518
pat_17_image_6041.jpg,17,1,0.6662311,0.6078106
pat_17_image_6042.jpg,17,1,0.6422607,0.64010334
pat_17_image_6043.jpg,17,1,0.42564672,0.4085237
pat_17_image_6044.jpg,17,1,0.42764887,0.4377773
pat_17_image_6045.jpg,17,1,0.64414126,0.60575527
pat_17_image_6046.jpg,17,1,0.8699659,0.8520389
pat_17_image_6047.jpg,17,1,0.6669623,0.6548484
pat_17_image_6048.jpg,17,1,0.35770968,0.34295538
pat_17_image_6049.jpg,17,1,0.5831491,0.56529695
pat_17_image_6050.jpg,17,1,0.962219,0.96148837
pat_17_image_6051.jpg,17,1,0.6746556,0.6116358
pat_17_image_6052.jpg,17,1,0.36605906,0.37135315
pat_17_image_6053.jpg,17,1,0.5933232,0.619596
pat_17_image_6054.jpg,17,1,0.16089828,0.18000862
pat_17_image_6055.jpg,17,1,0.65714395,0.6640084
pat_17_image_6056.jpg,17,1,0.50452626,0.51393366
pat_17_image_6057.jpg,17,1,0.32483217,0.31243724
pat_17_image_6058.jpg,17,1,0.6509949,0.6547739
pat_17_image_6059.jpg,17,1,0.5066129,0.43910336
pat_17_image_6060.jpg,17,1,0.4563217,0.4522895
pat_17_image_6061.jpg,17,1,0.6637617,0.5940395
pat_17_image_6062.jpg,17,1,0.91765165,0.92338914
pat_17_image_6063.jpg,17,1,0.6709461,0.61664355
pat_17_image_6064.jpg,17,1,0.3659211,0.4019638
pat_17_image_6065.jpg,17,1,0.67009825,0.6895346
pat_17_image_6066.jpg,17,1,0.61735576,0.5499927
pat_17_image_6067.jpg,17,1,0.3519924,0.30137226
pat_17_image_6068.jpg,17,1,0.5443462,0.5321901
pat_17_image_6069.jpg,17,1,0.6602159,0.6412977
pat_17_image_6070.jpg,17,1,0.7182362,0.7175922
pat_17_image_6071.jpg,17,1,0.6524586,0.672572
pat_17_image_6072.jpg,17,1,0.6208346,0.62642515
pat_17_image_6073.jpg,17,1,0.95058644,0.95384294
pat_17_image_6074.jpg,17,1,0.59727615,0.5570795
pat_17_image_6075.jpg,17,1,0.6681641,0.6620371
pat_17_image_6076.jpg,17,1,0.42333713,0.4147966
pat_17_image_6077.jpg,17,1,0.43268797,0.44030762
pat_17_image_6078.jpg,17,1,0.36762145,0.32020643
pat_17_image_6079.jpg,17,1,0.8517391,0.86901337
pat_17_image_6080.jpg,17,1,0.85078454,0.8665738
pat_17_image_6081.jpg,17,1,0.8844402,0.8870388
pat_17_image_6082.jpg,17,1,0.7340505,0.7385627
pat_17_image_6083.jpg,17,1,0.8698389,0.8869677
pat_17_image_6084.jpg,17,1,0.6211848,0.5869775
pat_17_image_6085.jpg,17,1,0.9068152,0.9083971
pat_17_image_6086.jpg,17,1,0.9089863,0.9117575
pat_17_image_6087.jpg,17,1,0.8332497,0.8383164
pat_17_image_6088.jpg,17,1,0.81133467,0.8104239
pat_17_image_6089.jpg,17,1,0.734566,0.66518027
pat_17_image_6090.jpg,17,1,0.83085334,0.8468937
pat_17_image_6091.jpg,17,1,0.49736324,0.50008523
pat_17_image_6092.jpg,17,1,0.23902006,0.24781713
pat_17_image_6093.jpg,17,1,0.4565021,0.45085266
pat_17_image_6094.jpg,17,1,0.5181672,0.51253206
pat_17_image_6095.jpg,17,1,0.412743,0.39942712
pat_17_image_6096.jpg,17,1,0.52339095,0.4819386
pat_17_image_6097.jpg,17,1,0.16864444,0.15141974
pat_17_image_6098.jpg,17,1,0.59369093,0.60124075
pat_17_image_6099.jpg,17,1,0.3397245,0.3541157
pat_17_image_6100.jpg,17,1,0.728934,0.81048363
pat_17_image_6101.jpg,17,1,0.54773486,0.57686204
pat_17_image_6102.jpg,17,1,0.288841,0.38666254
pat_17_image_6103.jpg,17,1,0.74564755,0.78060925
pat_17_image_6104.jpg,17,1,0.6459968,0.6782068
pat_17_image_6105.jpg,17,1,0.8111357,0.8021191
pat_17_image_6106.jpg,17,1,0.7216586,0.7449131
pat_17_image_6107.jpg,17,1,0.45301762,0.45090908
pat_17_image_6108.jpg,17,1,0.82632464,0.8435014
pat_17_image_6109.jpg,17,1,0.7656321,0.812197
pat_17_image_6110.jpg,17,1,0.49447453,0.4907404
pat_17_image_6111.jpg,17,1,0.72908014,0.7404011
pat_17_image_6112.jpg,17,1,0.66408724,0.673412
pat_17_image_6113.jpg,17,1,0.6232758,0.5799804
pat_17_image_6114.jpg,17,1,0.25627655,0.216973
pat_17_image_6115.jpg,17,1,0.5935663,0.56262875
pat_17_image_6116.jpg,17,1,0.8874331,0.867081
pat_17_image_6117.jpg,17,1,0.5729811,0.56468475
pat_17_image_6118.jpg,17,1,0.49300256,0.42047423
pat_17_image_6119.jpg,17,1,0.64754015,0.61921746
pat_17_image_6120.jpg,17,1,0.29565617,0.30532867
pat_17_image_6121.jpg,17,1,0.32901496,0.32991707
pat_17_image_6122.jpg,17,1,0.3309346,0.3215241
pat_17_image_6123.jpg,17,1,0.7239251,0.67806554
pat_17_image_6124.jpg,17,1,0.24632952,0.22141813
pat_17_image_6125.jpg,17,1,0.37018955,0.34745225
pat_17_image_6126.jpg,17,1,0.2397309,0.21345171
pat_17_image_6127.jpg,17,1,0.542529,0.5287841
pat_17_image_6128.jpg,17,1,0.26871553,0.2318194
pat_17_image_6129.jpg,17,1,0.71924126,0.7011617
pat_17_image_6130.jpg,17,1,0.9335756,0.9280481
pat_17_image_6131.jpg,17,1,0.16657296,0.1678808
pat_17_image_6132.jpg,17,1,0.5999849,0.62698245
pat_17_image_6133.jpg,17,1,0.30728197,0.3206072
pat_17_image_6134.jpg,17,1,0.6684807,0.66770875
pat_17_image_6135.jpg,17,1,0.5636137,0.5991806
pat_17_image_6136.jpg,17,1,0.34482417,0.33092076
pat_17_image_6137.jpg,17,1,0.4266749,0.39404622
pat_17_image_6138.jpg,17,1,0.112097725,0.11326215
pat_17_image_6139.jpg,17,1,0.7933608,0.80916137
pat_17_image_6140.jpg,17,1,0.5517893,0.57238054
pat_17_image_6141.jpg,17,1,0.20096946,0.19136149
pat_17_image_6142.jpg,17,1,0.15333383,0.14219339
pat_17_image_6143.jpg,17,1,0.49066758,0.40405583
pat_17_image_6144.jpg,17,1,0.88935584,0.8868792
pat_17_image_6145.jpg,17,1,0.5022671,0.5253981
pat_17_image_6146.jpg,17,1,0.48385978,0.46603513
pat_17_image_6147.jpg,17,1,0.6051269,0.6178666
pat_17_image_6148.jpg,17,1,0.5364151,0.5299833
pat_17_image_6149.jpg,17,1,0.943765,0.9460912
pat_17_image_6150.jpg,17,1,0.8841675,0.87289405
pat_17_image_6151.jpg,17,1,0.4648719,0.4392292
pat_17_image_6152.jpg,17,1,0.83683914,0.8304807
pat_17_image_6153.jpg,17,1,0.7672779,0.77026147
pat_17_image_6154.jpg,17,1,0.594075,0.5637914
pat_17_image_6155.jpg,17,1,0.87239367,0.8581629
pat_17_image_6156.jpg,17,1,0.75188893,0.7352075
pat_17_image_6157.jpg,17,1,0.15978938,0.1331757
pat_17_image_6158.jpg,17,1,0.40949994,0.41448754
pat_17_image_6159.jpg,17,1,0.393209,0.3679067
pat_17_image_6160.jpg,17,1,0.49525186,0.47102106
pat_17_image_6161.jpg,17,1,0.16276056,0.1594572
pat_17_image_6162.jpg,17,1,0.46665215,0.49464598
pat_17_image_6163.jpg,17,1,0.37409168,0.38630703
pat_17_image_6164.jpg,17,1,0.55260414,0.52293444
pat_17_image_6165.jpg,17,1,0.75678355,0.738289
pat_17_image_6166.jpg,17,1,0.5493374,0.5315193
pat_17_image_6167.jpg,17,1,0.67502433,0.662642
pat_17_image_6168.jpg,17,1,0.8623956,0.868136
pat_17_image_6169.jpg,17,1,0.2732481,0.24515213
pat_17_image_6170.jpg,17,1,0.9221171,0.9099363
pat_17_image_6171.jpg,17,1,0.7344114,0.74057275
pat_17_image_6172.jpg,17,1,0.6434523,0.637288
pat_17_image_6173.jpg,17,1,0.64355665,0.61908877
pat_17_image_6174.jpg,17,1,0.63133955,0.5852327
pat_17_image_6175.jpg,17,1,0.7351929,0.70337546
pat_17_image_6176.jpg,17,1,0.66492903,0.6504599
pat_17_image_6177.jpg,17,1,0.62534493,0.6478517
pat_17_image_6178.jpg,17,1,0.42444927,0.36565962
pat_17_image_6179.jpg,17,1,0.455461,0.4014836
pat_17_image_6180.jpg,17,1,0.5265652,0.47999325
pat_17_image_6181.jpg,17,1,0.81368047,0.81623024
pat_17_image_6182.jpg,17,1,0.41353178,0.4199847
pat_17_image_6183.jpg,17,1,0.8687132,0.8839625
pat_17_image_6184.jpg,17,1,0.46238434,0.5058288
pat_17_image_6185.jpg,17,1,0.597024,0.5796297
pat_17_image_6186.jpg,17,1,0.38902614,0.342198
pat_17_image_6187.jpg,17,1,0.3332929,0.35086802
pat_17_image_6188.jpg,17,1,0.53985304,0.5837534
pat_17_image_6189.jpg,17,1,0.43017304,0.4675208
pat_17_image_6190.jpg,17,1,0.43573356,0.34247917
pat_17_image_6191.jpg,17,1,0.30134982,0.30664372
pat_17_image_6192.jpg,17,1,0.26112735,0.23956002
pat_17_image_6193.jpg,17,1,0.23559926,0.20768504
pat_17_image_6194.jpg,17,1,0.8624029,0.83650756
pat_17_image_6195.jpg,17,1,0.8125004,0.8435933
pat_17_image_6196.jpg,17,1,0.71441096,0.7541439
pat_17_image_6197.jpg,17,1,0.6298854,0.6700732
pat_17_image_6198.jpg,17,1,0.49376726,0.55363137
pat_17_image_6199.jpg,17,1,0.6447371,0.66068107
pat_17_image_6200.jpg,17,1,0.4781155,0.42393455
pat_17_image_6201.jpg,17,1,0.49911436,0.5331523
pat_17_image_6202.jpg,17,1,0.68871546,0.7377489
pat_17_image_6203.jpg,17,1,0.50673157,0.5159375
pat_17_image_6204.jpg,17,1,0.8992521,0.9128749
pat_17_image_6205.jpg,17,1,0.36642024,0.29462576
pat_17_image_6206.jpg,17,1,0.29697418,0.29786786
pat_17_image_6207.jpg,17,1,0.6885347,0.70457083
pat_17_image_6208.jpg,17,1,0.66252524,0.61021125
pat_17_image_6209.jpg,17,1,0.22694072,0.25827146
pat_17_image_6210.jpg,17,1,0.54872656,0.53486514
pat_17_image_6211.jpg,17,1,0.23356,0.22015363
pat_17_image_6212.jpg,17,1,0.8867315,0.89212453
pat_17_image_6213.jpg,17,1,0.59310603,0.5664045
pat_17_image_6214.jpg,17,1,0.19872116,0.18775837
pat_17_image_6215.jpg,17,1,0.8737617,0.8756928
pat_17_image_6216.jpg,17,1,0.74190086,0.74779785
pat_17_image_6217.jpg,17,1,0.7422767,0.7162734
pat_17_image_6218.jpg,17,1,0.4995733,0.45668772
pat_17_image_6219.jpg,17,1,0.3925087,0.37950942
pat_17_image_6220.jpg,17,1,0.43116933,0.41510582
pat_17_image_6221.jpg,17,1,0.57215846,0.5125703
pat_17_image_6222.jpg,17,1,0.8227105,0.7897809
pat_17_image_6223.jpg,17,1,0.7264167,0.71604234
pat_17_image_6224.jpg,17,1,0.48448232,0.5706324
pat_17_image_6225.jpg,17,1,0.56023014,0.60555935
pat_17_image_6226.jpg,17,1,0.54880446,0.5111698
pat_17_image_6227.jpg,17,1,0.4240373,0.44107658
pat_17_image_6228.jpg,17,1,0.63346046,0.51783013
pat_17_image_6229.jpg,17,1,0.3735418,0.31400466
pat_17_image_6230.jpg,17,1,0.7020283,0.6864233
pat_17_image_6231.jpg,17,1,0.5716401,0.50765425
pat_17_image_6232.jpg,17,1,0.40704945,0.3454154
pat_17_image_6233.jpg,17,1,0.75471044,0.74553275
pat_17_image_6234.jpg,17,1,0.721139,0.7527228
pat_17_image_6235.jpg,17,1,0.5266924,0.62088203
pat_17_image_6236.jpg,17,1,0.70214856,0.73336935
pat_17_image_6237.jpg,17,1,0.7227754,0.77133256
pat_17_image_6238.jpg,17,1,0.33524957,0.31574264
pat_17_image_6239.jpg,17,1,0.633162,0.69702786
pat_17_image_6240.jpg,17,1,0.54794633,0.48505348
pat_17_image_6241.jpg,17,1,0.41416094,0.40559295
pat_17_image_6242.jpg,17,1,0.35542867,0.3264903
pat_17_image_6243.jpg,17,1,0.36249948,0.3399075
pat_17_image_6244.jpg,17,1,0.28975728,0.28655457
pat_17_image_6245.jpg,17,1,0.43977556,0.38032472
pat_17_image_6246.jpg,17,1,0.24084355,0.22915912
pat_17_image_6247.jpg,17,1,0.5259905,0.46347693
pat_17_image_6248.jpg,17,1,0.11408006,0.10396747
pat_17_image_6249.jpg,17,1,0.34477532,0.3094338
pat_17_image_6250.jpg,17,1,0.35007197,0.31757733
pat_17_image_6251.jpg,17,1,0.2719517,0.25497192
pat_17_image_6252.jpg,17,1,0.19229034,0.17925937
pat_17_image_6253.jpg,17,1,0.7724873,0.7689248
pat_17_image_6254.jpg,17,1,0.7797487,0.79493207
pat_17_image_6255.jpg,17,1,0.80282956,0.7953285
pat_17_image_6256.jpg,17,1,0.36204398,0.34141836
pat_17_image_6257.jpg,17,1,0.6017966,0.5130916
pat_17_image_6258.jpg,17,1,0.34504074,0.30375698
pat_17_image_6259.jpg,17,1,0.80361825,0.7905761
pat_17_image_6260.jpg,17,1,0.6086933,0.57016027
pat_17_image_6261.jpg,17,1,0.34835747,0.29665917
pat_17_image_6262.jpg,17,1,0.31840393,0.3162304
pat_17_image_6263.jpg,17,1,0.75741446,0.747636
pat_17_image_6264.jpg,17,1,0.6210795,0.6034702
pat_17_image_6265.jpg,17,1,0.53549176,0.5849742
pat_17_image_6266.jpg,17,1,0.7425001,0.75243276
pat_17_image_6267.jpg,17,1,0.5673894,0.5853235
pat_17_image_6268.jpg,17,1,0.30076984,0.2838141
pat_17_image_6269.jpg,17,1,0.19275892,0.1759561
pat_17_image_6270.jpg,17,1,0.59802264,0.50866395
pat_17_image_6271.jpg,17,1,0.9022424,0.8948612
pat_17_image_6272.jpg,17,1,0.9285608,0.9313812
pat_17_image_6273.jpg,17,1,0.79191285,0.7841795
pat_17_image_6274.jpg,17,1,0.7162833,0.6820727
pat_17_image_6275.jpg,17,1,0.7130215,0.7059353
pat_17_image_6276.jpg,17,1,0.28597665,0.30091262
pat_17_image_6277.jpg,17,1,0.55283314,0.5251998
pat_17_image_6278.jpg,17,1,0.401647,0.40546677
pat_17_image_6279.jpg,17,1,0.6820114,0.6429365
pat_17_image_6280.jpg,17,1,0.84051466,0.8217371
pat_17_image_6281.jpg,17,1,0.52400416,0.52124286
pat_17_image_6282.jpg,17,1,0.7378769,0.6979276
pat_17_image_6283.jpg,17,1,0.5481163,0.5017877
pat_17_image_6284.jpg,17,1,0.48573732,0.44960442
pat_17_image_6285.jpg,17,1,0.86131775,0.857375
pat_17_image_6286.jpg,17,1,0.6663916,0.6049448
pat_17_image_6287.jpg,17,1,0.26339954,0.23615424
pat_17_image_6288.jpg,17,1,0.94118047,0.9487245
pat_17_image_6289.jpg,17,1,0.18588538,0.18051039
pat_17_image_6290.jpg,17,1,0.4872235,0.46131375
pat_17_image_6291.jpg,17,1,0.85061586,0.8464965
pat_17_image_6292.jpg,17,1,0.84555405,0.8349421
pat_17_image_6293.jpg,17,1,0.5889259,0.61340684
pat_17_image_6294.jpg,17,1,0.4847837,0.46531472
pat_17_image_6295.jpg,17,1,0.3976946,0.39288563
pat_17_image_6296.jpg,17,1,0.6528541,0.6527428
pat_17_image_6297.jpg,17,1,0.505937,0.50590473
pat_17_image_6298.jpg,17,1,0.5586498,0.5532377
pat_17_image_6299.jpg,17,1,0.7822844,0.7891403
pat_17_image_6300.jpg,17,1,0.6354247,0.6368184
pat_17_image_6301.jpg,17,1,0.3303777,0.31319097
pat_17_image_6302.jpg,17,1,0.6106607,0.6095951
pat_17_image_6303.jpg,17,1,0.79162025,0.7898733
pat_17_image_6304.jpg,17,1,0.8649442,0.87190175
pat_17_image_6305.jpg,17,1,0.8435497,0.82798463
pat_17_image_6306.jpg,17,1,0.5595384,0.59124786
pat_17_image_6307.jpg,17,1,0.6823012,0.6165295
pat_17_image_6308.jpg,17,1,0.80148935,0.75089794
pat_17_image_6309.jpg,17,1,0.49908188,0.4883104
pat_17_image_6310.jpg,17,1,0.54883295,0.49531105
pat_17_image_6311.jpg,17,1,0.45902798,0.43855006
pat_17_image_6312.jpg,17,1,0.7157309,0.68741006
pat_17_image_6313.jpg,17,1,0.040571492,0.048251454
pat_17_image_6314.jpg,17,1,0.7009178,0.6378066
pat_17_image_6315.jpg,17,1,0.32199174,0.38424832
pat_17_image_6316.jpg,17,1,0.5403739,0.59388477
pat_17_image_6317.jpg,17,1,0.37479004,0.38709086
pat_17_image_6318.jpg,17,1,0.56439954,0.6002008
pat_17_image_6319.jpg,17,1,0.18570377,0.19869925
pat_17_image_6320.jpg,17,1,0.22908698,0.21679999
pat_17_image_6321.jpg,17,1,0.7636569,0.7630575
pat_17_image_6322.jpg,17,1,0.60212183,0.61451465
pat_17_image_6323.jpg,17,1,0.5009769,0.50864387
pat_17_image_6324.jpg,17,1,0.18505475,0.17547336
pat_17_image_6325.jpg,17,1,0.908848,0.9154552
pat_17_image_6326.jpg,17,1,0.35834926,0.41143152
pat_17_image_6327.jpg,17,1,0.872051,0.8693466
pat_17_image_6328.jpg,17,1,0.25951862,0.24214299
pat_17_image_6329.jpg,17,1,0.40645814,0.42791536
pat_17_image_6330.jpg,17,1,0.20868413,0.20773666
pat_17_image_6331.jpg,17,1,0.23895027,0.2599336
pat_17_image_6332.jpg,17,1,0.21230042,0.22877663
pat_17_image_6333.jpg,17,1,0.43945557,0.41222247
pat_17_image_6334.jpg,17,1,0.5495784,0.5241141
pat_17_image_6335.jpg,17,1,0.597901,0.56224465
pat_17_image_6336.jpg,17,1,0.24792524,0.22840829
pat_17_image_6337.jpg,17,1,0.47577545,0.45678023
pat_17_image_6338.jpg,17,1,0.44718617,0.47801495
pat_17_image_6339.jpg,17,1,0.2982166,0.33554858
pat_17_image_6340.jpg,17,1,0.75497586,0.79938084
pat_17_image_6341.jpg,17,1,0.26247847,0.27773812
pat_17_image_6342.jpg,17,1,0.758386,0.7760401
pat_17_image_6343.jpg,17,1,0.50310653,0.53929883
pat_17_image_6344.jpg,17,1,0.272282,0.32089192
pat_17_image_6345.jpg,17,1,0.7698834,0.81393784
pat_17_image_6346.jpg,17,1,0.5157218,0.47907296
pat_17_image_6347.jpg,17,1,0.9458332,0.9463759
pat_17_image_6348.jpg,17,1,0.77655226,0.76978445
pat_17_image_6349.jpg,17,1,0.89879084,0.89183235
pat_17_image_6350.jpg,17,1,0.43028396,0.42291865
pat_17_image_6351.jpg,17,1,0.600312,0.63219243
pat_17_image_6352.jpg,17,1,0.44100687,0.3449956
pat_17_image_6353.jpg,17,1,0.1524437,0.12651294
pat_17_image_6354.jpg,17,1,0.8998054,0.8893468
pat_17_image_6355.jpg,17,1,0.49383166,0.5094122
pat_17_image_6356.jpg,17,1,0.5195457,0.5685804
pat_17_image_6357.jpg,17,1,0.6512542,0.63576484
pat_17_image_6358.jpg,17,1,0.5479874,0.62212884
pat_17_image_6359.jpg,17,1,0.32855982,0.2818017
pat_17_image_6360.jpg,17,1,0.20519046,0.21458662
pat_17_image_6361.jpg,17,1,0.25033832,0.24508782
pat_17_image_6362.jpg,17,1,0.7174907,0.72943115
pat_17_image_6363.jpg,17,1,0.44123337,0.46592134
pat_17_image_6364.jpg,17,1,0.3543277,0.34557962
pat_17_image_6365.jpg,17,1,0.3252433,0.33751285
pat_17_image_6366.jpg,17,1,0.1920827,0.1842037
pat_17_image_6367.jpg,17,1,0.26197788,0.2466078
pat_17_image_6368.jpg,17,1,0.6494248,0.66720617
pat_17_image_6369.jpg,17,1,0.6367169,0.6474802
pat_17_image_6370.jpg,17,1,0.40129292,0.41781947
pat_17_image_6371.jpg,17,1,0.21328905,0.20709528
pat_17_image_6372.jpg,17,1,0.3278242,0.3453123
pat_17_image_6373.jpg,17,1,0.69032913,0.6772539
pat_17_image_6374.jpg,17,1,0.50700444,0.50563496
pat_17_image_6375.jpg,17,1,0.1713834,0.15260841
pat_17_image_6376.jpg,17,1,0.6982879,0.70316076
pat_17_image_6377.jpg,17,1,0.4127329,0.42951295
pat_17_image_6378.jpg,17,1,0.62760043,0.6491889
pat_17_image_6379.jpg,17,1,0.6143468,0.6031084
pat_17_image_6380.jpg,17,1,0.49547705,0.5728588
pat_17_image_6381.jpg,17,1,0.3652294,0.28088105
pat_17_image_6382.jpg,17,1,0.72598946,0.71239823
pat_17_image_6383.jpg,17,1,0.3605087,0.32904652
pat_17_image_6384.jpg,17,1,0.69362766,0.6805168
pat_17_image_6385.jpg,17,1,0.37361488,0.34747615
pat_17_image_6386.jpg,17,1,0.34118447,0.3262745
pat_17_image_6387.jpg,17,1,0.343217,0.30089882
pat_17_image_6388.jpg,17,1,0.25535747,0.26582706
pat_17_image_6389.jpg,17,1,0.71930665,0.7424894
pat_17_image_6390.jpg,17,1,0.9305966,0.92856914
pat_17_image_6391.jpg,17,1,0.71821016,0.64266485
pat_17_image_6392.jpg,17,1,0.73036647,0.7559262
pat_17_image_6393.jpg,17,1,0.8259977,0.82885486
pat_17_image_6394.jpg,17,1,0.36280733,0.3441485
pat_17_image_6395.jpg,17,1,0.36522648,0.33739114
pat_17_image_6396.jpg,17,1,0.5471367,0.5087037
pat_17_image_6397.jpg,17,1,0.35408655,0.3442799
pat_17_image_6398.jpg,17,1,0.5153042,0.54802483
pat_17_image_6399.jpg,17,1,0.33231163,0.33049503
pat_17_image_6400.jpg,17,1,0.49740475,0.49273103
pat_17_image_6401.jpg,17,1,0.52960783,0.5505997
pat_17_image_6402.jpg,17,1,0.3722064,0.3295071
pat_17_image_6403.jpg,17,1,0.26669896,0.2312231
pat_17_image_6404.jpg,17,1,0.50416595,0.43813023
pat_17_image_6405.jpg,17,1,0.49733716,0.5272308
pat_17_image_6406.jpg,17,1,0.69121665,0.65871245
pat_17_image_6407.jpg,17,1,0.8069333,0.78223014
pat_17_image_6408.jpg,17,1,0.6290957,0.6214318
pat_17_image_6409.jpg,17,1,0.69765663,0.65986687
pat_17_image_6410.jpg,17,1,0.38192242,0.3421705
pat_17_image_6411.jpg,17,1,0.8667688,0.8711461
pat_17_image_6412.jpg,17,1,0.821295,0.7739605
pat_17_image_6413.jpg,17,1,0.44650638,0.4174541
pat_17_image_6414.jpg,17,1,0.33510756,0.31937614
pat_17_image_6415.jpg,17,1,0.8380507,0.8164942
pat_17_image_6416.jpg,17,1,0.8091944,0.7621918
pat_17_image_6417.jpg,17,1,0.60568666,0.5703845
pat_17_image_6418.jpg,17,1,0.7443654,0.74005324
pat_17_image_6419.jpg,17,1,0.6980128,0.72230726
pat_17_image_6420.jpg,17,1,0.73133504,0.72765315
pat_17_image_6421.jpg,17,1,0.7825237,0.7766862
pat_17_image_6422.jpg,17,1,0.2941786,0.2936519
pat_17_image_6423.jpg,17,1,0.76689035,0.80636454
pat_17_image_6424.jpg,17,1,0.7295179,0.77137136
pat_17_image_6425.jpg,17,1,0.60405463,0.59766674
pat_17_image_6426.jpg,17,1,0.47856954,0.4743756
pat_17_image_6427.jpg,17,1,0.772459,0.7532537
pat_17_image_6428.jpg,17,1,0.8724987,0.85432214
pat_17_image_6429.jpg,17,1,0.87719214,0.8567858
pat_17_image_6430.jpg,17,1,0.62367636,0.6060153
pat_17_image_6431.jpg,17,1,0.6926604,0.70843554
pat_17_image_6432.jpg,17,1,0.6786735,0.64772844
pat_17_image_6433.jpg,17,1,0.6361634,0.57340324
pat_17_image_6434.jpg,17,1,0.8177574,0.798683
pat_17_image_6435.jpg,17,1,0.8838985,0.8777112
pat_17_image_6436.jpg,17,1,0.66634536,0.6683147
pat_17_image_6437.jpg,17,1,0.27098286,0.30800182
pat_17_image_6438.jpg,17,1,0.280458,0.29181895
pat_17_image_6439.jpg,17,1,0.75124395,0.6774604
pat_17_image_6440.jpg,17,1,0.82424295,0.80514115
pat_17_image_6441.jpg,17,1,0.6176773,0.6229813
pat_17_image_6442.jpg,17,1,0.7383043,0.69923836
pat_17_image_6443.jpg,17,1,0.37351614,0.34889784
pat_17_image_6444.jpg,17,1,0.7586539,0.72585523
pat_17_image_6445.jpg,17,1,0.9375295,0.93013424
pat_17_image_6446.jpg,17,1,0.84407634,0.8274899
pat_17_image_6447.jpg,17,1,0.6718367,0.6462728
pat_17_image_6448.jpg,17,1,0.2538555,0.22701696
pat_17_image_6449.jpg,17,1,0.682237,0.6992521
pat_17_image_6450.jpg,17,1,0.4738578,0.44104272
pat_17_image_6451.jpg,17,1,0.4368311,0.40815902
pat_17_image_6452.jpg,17,1,0.48080307,0.49676603
pat_17_image_6453.jpg,17,1,0.33937755,0.3497871
pat_17_image_6454.jpg,17,1,0.5818021,0.5954044
pat_17_image_6455.jpg,17,1,0.8119883,0.79790854
pat_17_image_6456.jpg,17,1,0.79300195,0.8247662
pat_17_image_6457.jpg,17,1,0.7826738,0.8166254
pat_17_image_6458.jpg,17,1,0.402383,0.44038746
pat_17_image_6459.jpg,17,1,0.5468431,0.57448816
pat_17_image_6460.jpg,17,1,0.6276004,0.65025276
pat_17_image_6461.jpg,17,1,0.25065693,0.25982124
pat_17_image_6462.jpg,17,1,0.34318286,0.3503469
pat_17_image_6463.jpg,17,1,0.4142447,0.43468413
pat_17_image_6464.jpg,17,1,0.26392716,0.3017204
pat_17_image_6465.jpg,17,1,0.6350755,0.57371134
pat_17_image_6466.jpg,17,1,0.37947956,0.36590827
pat_17_image_6467.jpg,17,1,0.65588444,0.6446875
pat_17_image_6468.jpg,17,1,0.53770834,0.48812774
pat_17_image_6469.jpg,17,1,0.25912666,0.26453742
pat_17_image_6470.jpg,17,1,0.3261726,0.33740765
pat_17_image_6471.jpg,17,1,0.21180765,0.15892525
pat_17_image_6472.jpg,17,1,0.804581,0.7846018
pat_17_image_6473.jpg,17,1,0.83971554,0.8289231
pat_17_image_6474.jpg,17,1,0.26558656,0.30521092
pat_17_image_6475.jpg,17,1,0.33926654,0.31049415
pat_17_image_6476.jpg,17,1,0.83280516,0.8489827
pat_17_image_6477.jpg,17,1,0.6910792,0.677097
pat_17_image_6478.jpg,17,1,0.4189834,0.37277725
pat_17_image_6479.jpg,17,1,0.58137107,0.55350375
pat_17_image_6480.jpg,17,1,0.7427955,0.7707641
pat_17_image_6481.jpg,17,1,0.8468575,0.888393
pat_17_image_6482.jpg,17,1,0.5986758,0.65817946
pat_17_image_6483.jpg,17,1,0.5073694,0.6214595
pat_17_image_6484.jpg,17,1,0.6061102,0.6393185
pat_17_image_6485.jpg,17,1,0.7892448,0.79968643
pat_17_image_6486.jpg,17,1,0.8784191,0.8328851
pat_17_image_6487.jpg,17,1,0.3581077,0.31364667
pat_17_image_6488.jpg,17,1,0.23266357,0.20226474
pat_17_image_6489.jpg,17,1,0.23573814,0.21990202
pat_17_image_6490.jpg,17,1,0.25669986,0.25608107
pat_17_image_6491.jpg,17,1,0.67882246,0.6379809
pat_17_image_6492.jpg,17,1,0.76036274,0.7175991
pat_17_image_6493.jpg,17,1,0.6959899,0.6982606
pat_17_image_6494.jpg,17,1,0.3916383,0.4299841
pat_17_image_6495.jpg,17,1,0.86500525,0.8904294
pat_17_image_6496.jpg,17,1,0.3799344,0.4617218
pat_17_image_6497.jpg,17,1,0.5153383,0.5033439
pat_17_image_6498.jpg,17,1,0.64041847,0.6440393
pat_17_image_6499.jpg,17,1,0.72415346,0.70755273
pat_17_image_6500.jpg,17,1,0.5455675,0.51323736
pat_17_image_6501.jpg,17,1,0.77229327,0.76069504
pat_17_image_6502.jpg,17,1,0.475302,0.4946388
pat_17_image_6503.jpg,17,1,0.4398011,0.45369652
pat_17_image_6504.jpg,17,1,0.68556976,0.6423678
pat_17_image_6505.jpg,17,1,0.9052297,0.90111184
pat_17_image_6506.jpg,17,1,0.78631055,0.7821211
pat_17_image_6507.jpg,17,1,0.22071747,0.15971513
pat_17_image_6508.jpg,17,1,0.6989,0.6682303
pat_17_image_6509.jpg,17,1,0.17432362,0.15041932
pat_17_image_6510.jpg,17,1,0.38679618,0.44011113
pat_17_image_6511.jpg,17,1,0.50498956,0.48750943
pat_17_image_6512.jpg,17,1,0.42144787,0.3177773
pat_17_image_6513.jpg,17,1,0.6699236,0.5370294
pat_17_image_6514.jpg,17,1,0.28477186,0.30524516
pat_17_image_6515.jpg,17,1,0.45535362,0.41189325
pat_17_image_6516.jpg,17,1,0.5080377,0.52757823
pat_17_image_6517.jpg,17,1,0.7704478,0.74354583
pat_17_image_6518.jpg,17,1,0.59078634,0.62885845
pat_17_image_6519.jpg,17,1,0.46504292,0.47702855
pat_17_image_6520.jpg,17,1,0.40559602,0.40416658
pat_17_image_6521.jpg,17,1,0.29368007,0.30019686
pat_17_image_6522.jpg,17,1,0.70424706,0.7180644
pat_17_image_6523.jpg,17,1,0.26135132,0.24591284
pat_17_image_6524.jpg,17,1,0.2628205,0.26930985
pat_17_image_6525.jpg,17,1,0.13160127,0.11189492
pat_17_image_6526.jpg,17,1,0.30161905,0.32086554
pat_17_image_6527.jpg,17,1,0.40176642,0.37945655
pat_17_image_6528.jpg,17,1,0.8620304,0.86090213
pat_17_image_6529.jpg,17,1,0.71201515,0.7413501
pat_17_image_6530.jpg,17,1,0.43459138,0.48316705
pat_17_image_6531.jpg,17,1,0.63880205,0.6195368
pat_17_image_6532.jpg,17,1,0.32383114,0.3034733
pat_17_image_6533.jpg,17,1,0.6458426,0.6482673
pat_17_image_6534.jpg,17,1,0.2028992,0.20070906
pat_17_image_6535.jpg,17,1,0.45832375,0.40105104
pat_17_image_6536.jpg,17,1,0.8681958,0.84528905
pat_17_image_6537.jpg,17,1,0.4744135,0.4677137
pat_17_image_6538.jpg,17,1,0.58202463,0.56243813
pat_17_image_6539.jpg,17,1,0.32841662,0.2963878
pat_17_image_6540.jpg,17,1,0.54157597,0.51654196
pat_17_image_6541.jpg,17,1,0.75068825,0.74679357
pat_17_image_6542.jpg,17,1,0.55202365,0.54821056
pat_17_image_6543.jpg,17,1,0.728223,0.71985817
pat_17_image_6544.jpg,17,1,0.91147095,0.9031188
pat_17_image_6545.jpg,17,1,0.58678544,0.56388545
pat_17_image_6546.jpg,17,1,0.4222312,0.3793535
pat_17_image_6547.jpg,17,1,0.936064,0.9318711
pat_17_image_6548.jpg,17,1,0.7165847,0.74098796
pat_17_image_6549.jpg,17,1,0.5289087,0.52159363
pat_17_image_6550.jpg,17,1,0.80217385,0.8029347
pat_17_image_6551.jpg,17,1,0.4435456,0.39382908
pat_17_image_6552.jpg,17,1,0.6979103,0.6472493
pat_17_image_6553.jpg,17,1,0.41657957,0.3509015
pat_17_image_6554.jpg,17,1,0.6678656,0.703128
pat_17_image_6555.jpg,17,1,0.39765927,0.4224186
pat_17_image_6556.jpg,17,1,0.14676987,0.11577305
pat_17_image_6557.jpg,17,1,0.41416243,0.3838022
pat_17_image_6558.jpg,17,1,0.79667753,0.81948
pat_17_image_6559.jpg,17,1,0.61127573,0.58804524
pat_17_image_6560.jpg,17,1,0.59813595,0.56271374
pat_17_image_6561.jpg,17,1,0.6986073,0.6862083
pat_17_image_6562.jpg,17,1,0.89727753,0.8955873
pat_17_image_6563.jpg,17,1,0.5323002,0.5081139
pat_17_image_6564.jpg,17,1,0.8922074,0.86864597
pat_17_image_6565.jpg,17,1,0.49375376,0.45640445
pat_17_image_6566.jpg,17,1,0.79330164,0.77014184
pat_17_image_6567.jpg,17,1,0.966064,0.9598367
pat_17_image_6568.jpg,17,1,0.79071707,0.824414
pat_17_image_6569.jpg,17,1,0.84488124,0.8452256
pat_17_image_6570.jpg,17,1,0.40779567,0.40218893
pat_17_image_6571.jpg,17,1,0.7129038,0.6824044
pat_17_image_6572.jpg,17,1,0.716242,0.76429677
pat_17_image_6573.jpg,17,1,0.49018165,0.48125127
pat_17_image_6574.jpg,17,1,0.42503026,0.37111035
pat_17_image_6575.jpg,17,1,0.5257003,0.49220926
pat_17_image_6576.jpg,17,1,0.61881006,0.53905386
pat_17_image_6577.jpg,17,1,0.6888645,0.66294783
pat_17_image_6578.jpg,17,1,0.60161895,0.6041873
pat_17_image_6579.jpg,17,1,0.5533441,0.5727638
pat_17_image_6580.jpg,17,1,0.43923473,0.45921907
pat_17_image_6581.jpg,17,1,0.58867675,0.5356436
pat_17_image_6582.jpg,17,1,0.84947807,0.85819745
pat_17_image_6583.jpg,17,1,0.3709847,0.31522176
pat_17_image_6584.jpg,17,1,0.8489809,0.79114026
pat_17_image_6585.jpg,17,1,0.21809533,0.20842604
pat_17_image_6586.jpg,17,1,0.5653812,0.5815332
pat_17_image_6587.jpg,17,1,0.59381014,0.65097773
pat_17_image_6588.jpg,17,1,0.85366005,0.8615398
pat_17_image_6589.jpg,17,1,0.8522444,0.8555631
pat_17_image_6590.jpg,17,1,0.8235821,0.8256694
pat_17_image_6591.jpg,17,1,0.54210514,0.5428515
pat_17_image_6592.jpg,17,1,0.7989546,0.8259536
pat_17_image_6593.jpg,17,1,0.9075879,0.8985461
pat_17_image_6594.jpg,17,1,0.95023954,0.941034
pat_17_image_6595.jpg,17,1,0.8171475,0.77205104
pat_17_image_6596.jpg,17,1,0.48842674,0.4499943
pat_17_image_6597.jpg,17,1,0.7122698,0.7101622
pat_17_image_6598.jpg,17,1,0.94994605,0.94505876
pat_17_image_6599.jpg,17,1,0.55308527,0.54439783
pat_17_image_6600.jpg,17,1,0.9078647,0.9025182
pat_17_image_6601.jpg,17,1,0.5173748,0.5172588
pat_17_image_6602.jpg,17,1,0.3489872,0.31195268
pat_17_image_6603.jpg,17,1,0.81843823,0.82210636
pat_17_image_6604.jpg,17,1,0.86346024,0.8467951
pat_17_image_6605.jpg,17,1,0.5677236,0.5968598
pat_17_image_6606.jpg,17,1,0.82854927,0.82506865
pat_17_image_6607.jpg,17,1,0.2583002,0.27707988
pat_17_image_6608.jpg,17,1,0.65571684,0.6918774
pat_17_image_6609.jpg,17,1,0.32493454,0.35279316
pat_17_image_6610.jpg,17,1,0.5632805,0.61053276
pat_17_image_6611.jpg,17,1,0.7739625,0.78686583
pat_17_image_6612.jpg,17,1,0.83554447,0.8354031
pat_17_image_6613.jpg,17,1,0.74350137,0.7494585
pat_17_image_6614.jpg,17,1,0.59559923,0.49830097
pat_17_image_6615.jpg,17,1,0.36045152,0.32345358
pat_17_image_6616.jpg,17,1,0.7540318,0.75584906
pat_17_image_6617.jpg,17,1,0.6907549,0.60701907
pat_17_image_6618.jpg,17,1,0.6427991,0.6544926
pat_17_image_6619.jpg,17,1,0.8466025,0.8394565
pat_17_image_6620.jpg,17,1,0.73481596,0.7307869
pat_17_image_6621.jpg,17,1,0.8631554,0.86061984
pat_17_image_6622.jpg,17,1,0.71354383,0.6706673
pat_17_image_6623.jpg,17,1,0.82959455,0.8086721
pat_17_image_6624.jpg,17,1,0.7563259,0.7586157
pat_17_image_6625.jpg,17,1,0.5231913,0.48718604
pat_17_image_6626.jpg,17,1,0.6167957,0.5953019
pat_17_image_6627.jpg,17,1,0.25044477,0.23784083
pat_17_image_6628.jpg,17,1,0.34640813,0.3370272
pat_17_image_6629.jpg,17,1,0.39817455,0.39614236
pat_17_image_6630.jpg,17,1,0.48305193,0.48762318
pat_17_image_6631.jpg,17,1,0.36169037,0.39757445
pat_17_image_6632.jpg,17,1,0.43875262,0.46942264
pat_17_image_6633.jpg,17,1,0.3446233,0.35959697
pat_17_image_6634.jpg,17,1,0.5792986,0.6042136
pat_17_image_6635.jpg,17,1,0.7144261,0.6683387
pat_17_image_6636.jpg,17,1,0.4522939,0.45020378
pat_17_image_6637.jpg,17,1,0.32659143,0.28613785
pat_17_image_6638.jpg,17,1,0.5930022,0.625225
pat_17_image_6639.jpg,17,1,0.2722583,0.26115814
pat_17_image_6640.jpg,17,1,0.7094815,0.68727666
pat_17_image_6641.jpg,17,1,0.46603325,0.4004426
pat_17_image_6642.jpg,17,1,0.3930746,0.36013615
pat_17_image_6643.jpg,17,1,0.22276066,0.19034019
pat_17_image_6644.jpg,17,1,0.25381637,0.20131706
pat_17_image_6645.jpg,17,1,0.46311393,0.48781902
pat_17_image_6646.jpg,17,1,0.3716539,0.37042794
pat_17_image_6647.jpg,17,1,0.20048833,0.17479357
pat_17_image_6648.jpg,17,1,0.68218017,0.6786123
pat_17_image_6649.jpg,17,1,0.35258496,0.32391018
pat_17_image_6650.jpg,17,1,0.4012195,0.35415095
pat_17_image_6651.jpg,17,1,0.3778909,0.33916506
pat_17_image_6652.jpg,17,1,0.81426305,0.78136337
pat_17_image_6653.jpg,17,1,0.3365437,0.29081762
pat_17_image_6654.jpg,17,1,0.7094855,0.6750888
pat_17_image_6655.jpg,17,1,0.8997518,0.91836315
pat_17_image_6656.jpg,17,1,0.1366664,0.15157077
pat_17_image_6657.jpg,17,1,0.75761205,0.7443747
pat_17_image_6658.jpg,17,1,0.5383224,0.4833563
pat_17_image_6659.jpg,17,1,0.9015906,0.9067099
pat_17_image_6660.jpg,17,1,0.6166726,0.55863535
pat_17_image_6661.jpg,17,1,0.7102316,0.6909049
pat_17_image_6662.jpg,17,1,0.5219369,0.46635255
pat_17_image_6663.jpg,17,1,0.7198312,0.665227
pat_17_image_6664.jpg,17,1,0.75262487,0.76070094
pat_17_image_6665.jpg,17,1,0.6524678,0.6587956
pat_17_image_6666.jpg,17,1,0.63273096,0.6726856
pat_17_image_6667.jpg,17,1,0.7861606,0.7909666
pat_17_image_6668.jpg,17,1,0.6006168,0.5883371
pat_17_image_6669.jpg,17,1,0.7166292,0.6521205
pat_17_image_6670.jpg,17,1,0.39845282,0.33482534
pat_17_image_6671.jpg,17,1,0.6289274,0.59933233
pat_17_image_6672.jpg,17,1,0.8875455,0.8636402
pat_17_image_6673.jpg,17,1,0.93455774,0.92903346
pat_17_image_6674.jpg,17,1,0.5783047,0.5442383
pat_17_image_6675.jpg,17,1,0.94175804,0.94193643
pat_17_image_6676.jpg,17,1,0.56831867,0.5253481
pat_17_image_6677.jpg,17,1,0.7838992,0.7630293
pat_17_image_6678.jpg,17,1,0.8783187,0.8721365
pat_17_image_6679.jpg,17,1,0.7835998,0.76547027
pat_17_image_6680.jpg,17,1,0.9599019,0.95631635
pat_17_image_6681.jpg,17,1,0.65577483,0.58946365
pat_17_image_6682.jpg,17,1,0.83677787,0.81370986
pat_17_image_6683.jpg,17,1,0.76920104,0.7809845
pat_17_image_6684.jpg,17,1,0.9560484,0.9554801
pat_17_image_6685.jpg,17,1,0.7279064,0.6992804
pat_17_image_6686.jpg,17,1,0.79485726,0.78052855
pat_17_image_6687.jpg,17,1,0.5619191,0.48749265
pat_17_image_6688.jpg,17,1,0.31141314,0.31081238
pat_17_image_6689.jpg,17,1,0.95141286,0.95608884
pat_17_image_6690.jpg,17,1,0.49460164,0.46998784
pat_17_image_6691.jpg,17,1,0.87316793,0.8344213
pat_17_image_6692.jpg,17,1,0.39918265,0.35315144
pat_17_image_6693.jpg,17,1,0.6251833,0.595899
pat_17_image_6694.jpg,17,1,0.8604282,0.8463614
pat_17_image_6695.jpg,17,1,0.40590656,0.41261792
pat_17_image_6696.jpg,17,1,0.49003184,0.5081545
pat_17_image_6697.jpg,17,1,0.7327322,0.7390451
pat_17_image_6698.jpg,17,1,0.73191273,0.77831215
pat_17_image_6699.jpg,17,1,0.7133289,0.71863747
pat_17_image_6700.jpg,17,1,0.73949313,0.7513644
pat_17_image_6701.jpg,17,1,0.63390154,0.6800572
pat_17_image_6702.jpg,17,1,0.29009053,0.26464802
pat_17_image_6703.jpg,17,1,0.67087257,0.62510294
pat_17_image_6704.jpg,17,1,0.40434134,0.37952372
pat_17_image_6705.jpg,17,1,0.40503168,0.34269917
pat_17_image_6706.jpg,17,1,0.492959,0.48005512
pat_17_image_6707.jpg,17,1,0.57599217,0.5008641
pat_17_image_6708.jpg,17,1,0.72989964,0.6900607
pat_17_image_6709.jpg,17,1,0.3346382,0.37162837
pat_17_image_6710.jpg,17,1,0.63146234,0.6059887
pat_17_image_6711.jpg,17,1,0.85230005,0.84002405
pat_17_image_6712.jpg,17,1,0.5654901,0.5152955
pat_17_image_6713.jpg,17,1,0.17119479,0.1668705
pat_17_image_6714.jpg,17,1,0.51619345,0.5515627
pat_17_image_6715.jpg,17,1,0.7263481,0.75419724
pat_17_image_6716.jpg,17,1,0.37973344,0.36441192
pat_17_image_6717.jpg,17,1,0.71764016,0.65822566
pat_17_image_6718.jpg,17,1,0.37854907,0.38294235
pat_17_image_6719.jpg,17,1,0.24396501,0.2376118
pat_17_image_6720.jpg,17,1,0.3500926,0.37711552
pat_17_image_6721.jpg,17,1,0.36100674,0.35994112
pat_17_image_6722.jpg,17,1,0.35186782,0.34235588
pat_17_image_6723.jpg,17,1,0.79513025,0.7543282
pat_17_image_6724.jpg,17,1,0.5262976,0.52089125
pat_17_image_6725.jpg,17,1,0.38267592,0.39670318
pat_17_image_6726.jpg,17,1,0.6964553,0.62797076
pat_17_image_6727.jpg,17,1,0.32998246,0.30267495
pat_17_image_6728.jpg,17,1,0.6923613,0.6849665
pat_17_image_6729.jpg,17,1,0.8201588,0.80716616
pat_17_image_6730.jpg,17,1,0.46830776,0.43051964
pat_17_image_6731.jpg,17,1,0.7613684,0.7337208
pat_17_image_6732.jpg,17,1,0.24692395,0.21980186
pat_17_image_6733.jpg,17,1,0.97488797,0.9729251
pat_17_image_6734.jpg,17,1,0.32235622,0.27843103
pat_17_image_6735.jpg,17,1,0.32130823,0.31480548
pat_17_image_6736.jpg,17,1,0.3920331,0.39879802
pat_17_image_6737.jpg,17,1,0.529598,0.48420244
pat_17_image_6738.jpg,17,1,0.5091638,0.5203135
pat_17_image_6739.jpg,17,1,0.90015054,0.8818512
pat_17_image_6740.jpg,17,1,0.49195442,0.43257684
pat_17_image_6741.jpg,17,1,0.8647383,0.8323244
pat_17_image_6742.jpg,17,1,0.9118275,0.9040163
pat_17_image_6743.jpg,17,1,0.451013,0.41424513
pat_17_image_6744.jpg,17,1,0.37264848,0.37731326
pat_17_image_6745.jpg,17,1,0.13402766,0.16726118
pat_17_image_6746.jpg,17,1,0.36844176,0.36370614
pat_17_image_6747.jpg,17,1,0.47547528,0.4580857
pat_17_image_6748.jpg,17,1,0.11878449,0.1267852
pat_17_image_6749.jpg,17,1,0.40886563,0.36883277
pat_17_image_6750.jpg,17,1,0.39631495,0.3939746
pat_17_image_6751.jpg,17,1,0.94424707,0.9527131
pat_17_image_6752.jpg,17,1,0.2408637,0.22369678
pat_17_image_6753.jpg,17,1,0.47639722,0.43358922
pat_17_image_6754.jpg,17,1,0.6722693,0.66479427
pat_17_image_6755.jpg,17,1,0.48905045,0.42824498
pat_17_image_6756.jpg,17,1,0.4393709,0.41673967
pat_17_image_6757.jpg,17,1,0.6167012,0.63054645
pat_17_image_6758.jpg,17,1,0.5880975,0.5394864
pat_17_image_6759.jpg,17,1,0.7846745,0.78223336
pat_17_image_6760.jpg,17,1,0.2840912,0.26295343
pat_17_image_6761.jpg,17,1,0.32290816,0.333626
pat_17_image_6762.jpg,17,1,0.41889492,0.41668645
pat_17_image_6763.jpg,17,1,0.36213174,0.40382156
pat_17_image_6764.jpg,17,1,0.49775812,0.42352068
pat_17_image_6765.jpg,17,1,0.4342796,0.4164076
pat_17_image_6766.jpg,17,1,0.65977484,0.6450315
pat_17_image_6767.jpg,17,1,0.9254776,0.9162392
pat_17_image_6768.jpg,17,1,0.46978632,0.46416083
pat_17_image_6769.jpg,17,1,0.56040746,0.55115306
pat_17_image_6770.jpg,17,1,0.59030545,0.6038832
pat_17_image_6771.jpg,17,1,0.88355565,0.8783351
pat_17_image_6772.jpg,17,1,0.4275194,0.35297123
pat_17_image_6773.jpg,17,1,0.4072883,0.43499207
pat_17_image_6774.jpg,17,1,0.21916196,0.18627594
pat_17_image_6775.jpg,17,1,0.7437542,0.6844327
pat_17_image_6776.jpg,17,1,0.78659666,0.7184481
pat_17_image_6777.jpg,17,1,0.272556,0.25107685
pat_17_image_6778.jpg,17,1,0.27236974,0.24283154
pat_17_image_6779.jpg,17,1,0.2518803,0.26774845
pat_17_image_6780.jpg,17,1,0.52204144,0.5100856
pat_17_image_6781.jpg,17,1,0.7245242,0.693756
pat_17_image_6782.jpg,17,1,0.32868594,0.2871153
pat_17_image_6783.jpg,17,1,0.8498869,0.8372229
pat_17_image_6784.jpg,17,1,0.45784858,0.50389194
pat_17_image_6785.jpg,17,1,0.19871548,0.19118857
pat_17_image_6786.jpg,17,1,0.731176,0.7248783
pat_17_image_6787.jpg,17,1,0.54481864,0.5805545
pat_17_image_6788.jpg,17,1,0.2770153,0.26324716
pat_17_image_6789.jpg,17,1,0.35736418,0.33984244
pat_17_image_6790.jpg,17,1,0.77732503,0.8063534
pat_17_image_6791.jpg,17,1,0.38422456,0.38993776
pat_17_image_6792.jpg,17,1,0.6808653,0.7160519
pat_17_image_6793.jpg,17,1,0.12546557,0.13014388
pat_17_image_6794.jpg,17,1,0.237696,0.23130189
pat_17_image_6795.jpg,17,1,0.6692519,0.664705
pat_17_image_6796.jpg,17,1,0.32411632,0.27697504
pat_17_image_6797.jpg,17,1,0.7786438,0.7382567
pat_17_image_6798.jpg,17,1,0.26206076,0.24075745
pat_17_image_6799.jpg,17,1,0.38297656,0.41335744
pat_17_image_6800.jpg,17,1,0.66408473,0.6708888
pat_17_image_6801.jpg,17,1,0.52558553,0.45757923
pat_17_image_6802.jpg,17,1,0.70045155,0.6664993
pat_17_image_6803.jpg,17,1,0.4857138,0.4817255
pat_17_image_6804.jpg,17,1,0.75506234,0.7190329
pat_17_image_6805.jpg,17,1,0.5148899,0.48393452
pat_17_image_6806.jpg,17,1,0.520325,0.47061494
pat_17_image_6807.jpg,17,1,0.62640226,0.6591258
pat_17_image_6808.jpg,17,1,0.75477225,0.6929345
pat_17_image_6809.jpg,17,1,0.84197813,0.8203875
pat_17_image_6810.jpg,17,1,0.4030482,0.4151691
pat_17_image_6811.jpg,17,1,0.68594587,0.6665867
pat_17_image_6812.jpg,17,1,0.3459056,0.3124726
pat_17_image_6813.jpg,17,1,0.8087345,0.81434196
pat_17_image_6814.jpg,17,1,0.24373749,0.2542963
pat_17_image_6815.jpg,17,1,0.5976023,0.57698894
pat_17_image_6816.jpg,17,1,0.39703447,0.3743785
pat_17_image_6817.jpg,17,1,0.32404116,0.38615948
pat_17_image_6818.jpg,17,1,0.49455124,0.46347785
pat_17_image_6819.jpg,17,1,0.43983546,0.47131005
pat_17_image_6820.jpg,17,1,0.5061651,0.5147993
pat_17_image_6821.jpg,17,1,0.91883993,0.9297509
pat_17_image_6822.jpg,17,1,0.9339506,0.9339326
pat_17_image_6823.jpg,17,1,0.7834151,0.73747027
pat_17_image_6824.jpg,17,1,0.859949,0.8599452
pat_17_image_6825.jpg,17,1,0.94278854,0.9393021
pat_17_image_6826.jpg,17,1,0.7967164,0.78711873
pat_17_image_6827.jpg,17,1,0.843776,0.8406071
pat_17_image_6828.jpg,17,1,0.8602609,0.8627269
pat_17_image_6829.jpg,17,1,0.75499445,0.7617542
pat_17_image_6830.jpg,17,1,0.4265169,0.32444176
pat_17_image_6831.jpg,17,1,0.5189221,0.48370826
pat_17_image_6832.jpg,17,1,0.36642125,0.32929203
pat_17_image_6833.jpg,17,1,0.69623953,0.67824197
pat_17_image_6834.jpg,17,1,0.468341,0.4297394
pat_17_image_6835.jpg,17,1,0.80239785,0.79139507
pat_17_image_6836.jpg,17,1,0.66080683,0.6590969
pat_17_image_6837.jpg,17,1,0.8249655,0.84376603
pat_17_image_6838.jpg,17,1,0.7723962,0.7472871
pat_17_image_6839.jpg,17,1,0.59572345,0.6114737
pat_17_image_6840.jpg,17,1,0.97653073,0.9731535
pat_17_image_6841.jpg,17,1,0.56860507,0.54410684
pat_17_image_6842.jpg,17,1,0.57296276,0.55441695
pat_17_image_6843.jpg,17,1,0.912372,0.9045581
pat_17_image_6844.jpg,17,1,0.46143422,0.4295439
pat_17_image_6845.jpg,17,1,0.84235346,0.82728827
pat_17_image_6846.jpg,17,1,0.73401356,0.68550044
pat_17_image_6847.jpg,17,1,0.27271667,0.22708485
pat_17_image_6848.jpg,17,1,0.7131617,0.7027205
pat_17_image_6849.jpg,17,1,0.6741945,0.68936026
pat_17_image_6850.jpg,17,1,0.889244,0.8795637
pat_17_image_6851.jpg,17,1,0.51610035,0.48727438
pat_17_image_6852.jpg,17,1,0.4517994,0.3722663
pat_17_image_6853.jpg,17,1,0.7297514,0.6841955
pat_17_image_6854.jpg,17,1,0.9147705,0.912158
pat_17_image_6855.jpg,17,1,0.5848807,0.5535968
pat_17_image_6856.jpg,17,1,0.62133235,0.65876013
pat_17_image_6857.jpg,17,1,0.27202362,0.25269398
pat_17_image_6858.jpg,17,1,0.5653715,0.48648766
pat_17_image_6859.jpg,17,1,0.409885,0.39657378
pat_17_image_6860.jpg,17,1,0.57748246,0.52574545
pat_17_image_6861.jpg,17,1,0.32504123,0.3441124
pat_17_image_6862.jpg,17,1,0.7288802,0.7354671
pat_17_image_6863.jpg,17,1,0.4129805,0.43488598
pat_17_image_6864.jpg,17,1,0.5461317,0.52203447
pat_17_image_6865.jpg,17,1,0.19460392,0.20474921
pat_17_image_6866.jpg,17,1,0.26593417,0.2926755
pat_17_image_6867.jpg,17,1,0.46883544,0.45053062
pat_17_image_6868.jpg,17,1,0.45917308,0.44519198
pat_17_image_6869.jpg,17,1,0.48653936,0.5161994
pat_17_image_6870.jpg,17,1,0.32720274,0.35854283
pat_17_image_6871.jpg,17,1,0.2789475,0.25707993
pat_17_image_6872.jpg,17,1,0.8596707,0.86817443
pat_17_image_6873.jpg,17,1,0.31775215,0.34649408
pat_17_image_6874.jpg,17,1,0.42063063,0.4101214
pat_17_image_6875.jpg,17,1,0.332324,0.34834063
pat_17_image_6876.jpg,17,1,0.3174727,0.3143302
pat_17_image_6877.jpg,17,1,0.46941775,0.4378017
pat_17_image_6878.jpg,17,1,0.7099181,0.693256
pat_17_image_6879.jpg,17,1,0.55729806,0.51379335
pat_17_image_6880.jpg,17,1,0.37229264,0.3419858
pat_17_image_6881.jpg,17,1,0.82699436,0.80450296
pat_17_image_6882.jpg,17,1,0.67159706,0.68807024
pat_17_image_6883.jpg,17,1,0.827831,0.85206455
pat_17_image_6884.jpg,17,1,0.32696813,0.31264925
pat_17_image_6885.jpg,17,1,0.36767516,0.30451646
pat_17_image_6886.jpg,17,1,0.86423063,0.865925
pat_17_image_6887.jpg,17,1,0.912858,0.9241122
pat_17_image_6888.jpg,17,1,0.78247964,0.77828497
pat_17_image_6889.jpg,17,1,0.38921234,0.40288195
pat_17_image_6890.jpg,17,1,0.66352844,0.7245546
pat_17_image_6891.jpg,17,1,0.6474795,0.5894569
pat_17_image_6892.jpg,17,1,0.26229772,0.26330733
pat_17_image_6893.jpg,17,1,0.35280412,0.30490962
pat_17_image_6894.jpg,17,1,0.64246136,0.6683195
pat_17_image_6895.jpg,17,1,0.8493928,0.8356044
pat_17_image_6896.jpg,17,1,0.67894167,0.66932887
pat_17_image_6897.jpg,17,1,0.62778604,0.64355785
pat_17_image_6898.jpg,17,1,0.41022643,0.44924912
pat_17_image_6899.jpg,17,1,0.48842195,0.54928887
pat_17_image_6900.jpg,17,1,0.41787308,0.45894802
pat_17_image_6901.jpg,17,1,0.53674525,0.5619126
pat_17_image_6902.jpg,17,1,0.79853594,0.8133041
pat_17_image_6903.jpg,17,1,0.5911537,0.60691464
pat_17_image_6904.jpg,17,1,0.77703303,0.774601
pat_17_image_6905.jpg,17,1,0.32314432,0.30200633
pat_17_image_6906.jpg,17,1,0.2598255,0.2483769
pat_17_image_6907.jpg,17,1,0.34673932,0.34350035
pat_17_image_6908.jpg,17,1,0.38419762,0.38955382
pat_17_image_6909.jpg,17,1,0.34857434,0.3333389
pat_17_image_6910.jpg,17,1,0.7164304,0.7190267
pat_17_image_6911.jpg,17,1,0.7945953,0.7597291
pat_17_image_6912.jpg,17,1,0.40996432,0.383801
pat_17_image_6913.jpg,17,1,0.557348,0.55280674
pat_17_image_6914.jpg,17,1,0.27584493,0.2861252
pat_17_image_6915.jpg,17,1,0.57824934,0.5544545
pat_17_image_6916.jpg,17,1,0.22973485,0.21176094
pat_17_image_6917.jpg,17,1,0.24851435,0.2357912
pat_17_image_6918.jpg,17,1,0.32197925,0.28252527
pat_17_image_6919.jpg,17,1,0.23911779,0.21391203
pat_17_image_6920.jpg,17,1,0.33645004,0.2807291
pat_17_image_6921.jpg,17,1,0.09000799,0.08783834
pat_17_image_6922.jpg,17,1,0.547419,0.5095439
pat_17_image_6923.jpg,17,1,0.5378052,0.57093334
pat_17_image_6924.jpg,17,1,0.54837805,0.5438139
pat_17_image_6925.jpg,17,1,0.2673998,0.2370365
pat_17_image_6926.jpg,17,1,0.8553508,0.87428653
pat_17_image_6927.jpg,17,1,0.54296064,0.48270518
pat_17_image_6928.jpg,17,1,0.6259454,0.5663795
pat_17_image_6929.jpg,17,1,0.47211003,0.46859103
pat_17_image_6930.jpg,17,1,0.8804609,0.8815334
pat_17_image_6931.jpg,17,1,0.55925786,0.56636196
pat_17_image_6932.jpg,17,1,0.87843114,0.88699025
pat_17_image_6933.jpg,17,1,0.88787484,0.887083
pat_17_image_6934.jpg,17,1,0.46976727,0.44836348
pat_17_image_6935.jpg,17,1,0.4004258,0.32679537
pat_17_image_6936.jpg,17,1,0.7085715,0.6894083
pat_17_image_6937.jpg,17,1,0.8168081,0.79573864
pat_17_image_6938.jpg,17,1,0.70909554,0.7284445
pat_17_image_6939.jpg,17,1,0.4855144,0.4315605
pat_17_image_6940.jpg,17,1,0.7263483,0.70854646
pat_17_image_6941.jpg,17,1,0.8346366,0.8182948
pat_17_image_6942.jpg,17,1,0.6181979,0.6001271
pat_17_image_6943.jpg,17,1,0.93825924,0.94060004
pat_17_image_6944.jpg,17,1,0.7132155,0.6921858
pat_17_image_6945.jpg,17,1,0.36050364,0.3238308
pat_17_image_6946.jpg,17,1,0.6551204,0.6841814
pat_17_image_6947.jpg,17,1,0.8507101,0.8560164
pat_17_image_6948.jpg,17,1,0.8166272,0.80791414
pat_17_image_6949.jpg,17,1,0.8004493,0.7383844
pat_17_image_6950.jpg,17,1,0.27385792,0.2753507
pat_17_image_6951.jpg,17,1,0.5427624,0.5534832
pat_17_image_6952.jpg,17,1,0.680974,0.71581894
pat_17_image_6953.jpg,17,1,0.500373,0.48567575
pat_17_image_6954.jpg,17,1,0.62046385,0.6033963
pat_17_image_6955.jpg,17,1,0.6648444,0.6585212
pat_17_image_6956.jpg,17,1,0.8731356,0.86880845
pat_17_image_6957.jpg,17,1,0.75210106,0.75353384
pat_17_image_6958.jpg,17,1,0.5460596,0.55737287
pat_17_image_6959.jpg,17,1,0.49710652,0.4772513
pat_17_image_6960.jpg,17,1,0.4406653,0.41345972
pat_17_image_6961.jpg,17,1,0.58672565,0.5861873
pat_17_image_6962.jpg,17,1,0.7054028,0.67112315
pat_17_image_6963.jpg,17,1,0.2319923,0.23989055
pat_17_image_6964.jpg,17,1,0.5713491,0.5482251
pat_17_image_6965.jpg,17,1,0.50373423,0.5008156
pat_17_image_6966.jpg,17,1,0.39191374,0.38534275
pat_17_image_6967.jpg,17,1,0.52528024,0.52160996
pat_17_image_6968.jpg,17,1,0.8825619,0.8907746
pat_17_image_6969.jpg,17,1,0.6824927,0.69246453
pat_17_image_6970.jpg,17,1,0.66038316,0.65438795
pat_17_image_6971.jpg,17,1,0.6735068,0.680207
pat_17_image_6972.jpg,17,1,0.9054407,0.9019391
pat_17_image_6973.jpg,17,1,0.5794249,0.5390726
pat_17_image_6974.jpg,17,1,0.52197546,0.48243213
pat_17_image_6975.jpg,17,1,0.8506073,0.8279303
pat_17_image_6976.jpg,17,1,0.60010505,0.5798878
pat_17_image_6977.jpg,17,1,0.5884968,0.54567116
pat_17_image_6978.jpg,17,1,0.75332457,0.7474825
pat_17_image_6979.jpg,17,1,0.40257043,0.43010148
pat_17_image_6980.jpg,17,1,0.3638033,0.39845705
pat_17_image_6981.jpg,17,1,0.7100115,0.67048293
pat_17_image_6982.jpg,17,1,0.6758106,0.6787508
pat_17_image_6983.jpg,17,1,0.7726704,0.76182544
pat_17_image_6984.jpg,17,1,0.7862413,0.7386739
pat_17_image_6985.jpg,17,1,0.5046754,0.5422873
pat_17_image_6986.jpg,17,1,0.72439504,0.7533011
pat_17_image_6987.jpg,17,1,0.5028058,0.48243374
pat_17_image_6988.jpg,17,1,0.6000514,0.55561686
pat_17_image_6989.jpg,17,1,0.17025825,0.16875112
pat_17_image_6990.jpg,17,1,0.74545646,0.7310446
pat_17_image_6991.jpg,17,1,0.6286195,0.6233675
pat_17_image_6992.jpg,17,1,0.105251364,0.10032741
pat_17_image_6993.jpg,17,1,0.9163711,0.9109234
pat_17_image_6994.jpg,17,1,0.4993659,0.49230435
pat_17_image_6995.jpg,17,1,0.754216,0.7345433
pat_17_image_6996.jpg,17,1,0.6225102,0.5313334
pat_17_image_6997.jpg,17,1,0.7918487,0.7532005
pat_17_image_6998.jpg,17,1,0.8901437,0.8942915
pat_17_image_6999.jpg,17,1,0.32323787,0.31109333
pat_17_image_7000.jpg,17,1,0.5292552,0.5652353
pat_17_image_7001.jpg,17,1,0.38380376,0.36421797
pat_17_image_7002.jpg,17,1,0.3155278,0.31145754
pat_17_image_7003.jpg,17,1,0.47516078,0.46454126
pat_17_image_7004.jpg,17,1,0.29722792,0.3074588
pat_17_image_7005.jpg,17,1,0.29839385,0.30527475
pat_17_image_7006.jpg,17,1,0.32041124,0.32113877
pat_17_image_7007.jpg,17,1,0.21590404,0.22192591
pat_17_image_7008.jpg,17,1,0.88617885,0.8855499
pat_17_image_7009.jpg,17,1,0.60916644,0.61605024
pat_17_image_7010.jpg,17,1,0.68466944,0.6593217
pat_17_image_7011.jpg,17,1,0.47237718,0.42595068
pat_17_image_7012.jpg,17,1,0.5490599,0.5623006
pat_17_image_7013.jpg,17,1,0.70080614,0.7191206
pat_17_image_7014.jpg,17,1,0.64312685,0.6289648
pat_17_image_7015.jpg,17,1,0.57087415,0.5241228
pat_17_image_7016.jpg,17,1,0.466064,0.45556223
pat_17_image_7017.jpg,17,1,0.43819964,0.508358
pat_17_image_7018.jpg,17,1,0.7825285,0.7777072
pat_17_image_7019.jpg,17,1,0.26518926,0.24490765
pat_17_image_7020.jpg,17,1,0.67976093,0.7052461
pat_17_image_7021.jpg,17,1,0.2586217,0.26851147
pat_17_image_7022.jpg,17,1,0.3027327,0.33842924
pat_17_image_7023.jpg,17,1,0.5043812,0.45798385
pat_17_image_7024.jpg,17,1,0.59116983,0.6060955
pat_17_image_7025.jpg,17,1,0.7186599,0.7500684
pat_17_image_7026.jpg,17,1,0.59516895,0.6167281
pat_17_image_7027.jpg,17,1,0.2958955,0.29828382
pat_17_image_7028.jpg,17,1,0.7068118,0.6473868
pat_17_image_7029.jpg,17,1,0.7238876,0.73591024
pat_17_image_7030.jpg,17,1,0.33557653,0.35487056
pat_17_image_7031.jpg,17,1,0.95596737,0.96236694
pat_17_image_7032.jpg,17,1,0.44256473,0.43679324
pat_17_image_7033.jpg,17,1,0.38460228,0.39249057
pat_17_image_7034.jpg,17,1,0.29649436,0.30473766
pat_17_image_7035.jpg,17,1,0.45741886,0.4553994
pat_17_image_7036.jpg,17,1,0.59844756,0.62065953
pat_17_image_7037.jpg,17,1,0.9190759,0.91351515
pat_17_image_7038.jpg,17,1,0.44776794,0.41309687
pat_17_image_7039.jpg,17,1,0.4449915,0.462987
pat_17_image_7040.jpg,17,1,0.19267404,0.16872612
pat_17_image_7041.jpg,17,1,0.5588102,0.55268997
pat_17_image_7042.jpg,17,1,0.39254576,0.3608038
pat_17_image_7043.jpg,17,1,0.22190793,0.2123331
pat_17_image_7044.jpg,17,1,0.32502255,0.3265184
pat_17_image_7045.jpg,17,1,0.47278908,0.45359814
pat_17_image_7046.jpg,17,1,0.68274915,0.65939844
pat_17_image_7047.jpg,17,1,0.6927462,0.64875335
pat_17_image_7048.jpg,17,1,0.38505414,0.3498657
pat_17_image_7049.jpg,17,1,0.2832255,0.2563874
pat_17_image_7050.jpg,17,1,0.36555555,0.38123524
pat_17_image_7051.jpg,17,1,0.46620432,0.46564594
pat_17_image_7052.jpg,17,1,0.92809296,0.92439896
pat_17_image_7053.jpg,17,1,0.9041618,0.9105211
pat_17_image_7054.jpg,17,1,0.34826508,0.37885228
pat_17_image_7055.jpg,17,1,0.84434927,0.84546155
pat_17_image_7056.jpg,17,1,0.6651798,0.6356467
pat_17_image_7057.jpg,17,1,0.96201056,0.96548533
pat_17_image_7058.jpg,17,1,0.38879463,0.39614522
pat_17_image_7059.jpg,17,1,0.44712338,0.4347103
pat_17_image_7060.jpg,17,1,0.9103321,0.9081116
pat_17_image_7061.jpg,17,1,0.7395238,0.7144479
pat_17_image_7062.jpg,17,1,0.5074039,0.45497033
pat_17_image_7063.jpg,17,1,0.46279407,0.48764762
pat_17_image_7064.jpg,17,1,0.6108108,0.62183034
pat_17_image_7065.jpg,17,1,0.43533584,0.45236063
pat_17_image_7066.jpg,17,1,0.5168784,0.52278805
pat_17_image_7067.jpg,17,1,0.5581916,0.5599639
pat_17_image_7068.jpg,17,1,0.91099393,0.89471024
pat_17_image_7069.jpg,17,1,0.6304874,0.62658036
pat_17_image_7070.jpg,17,1,0.59571123,0.56828123
pat_17_image_7071.jpg,17,1,0.52924204,0.4724492
pat_17_image_7072.jpg,17,1,0.77508086,0.74996156
pat_17_image_7073.jpg,17,1,0.5056514,0.49867257
pat_17_image_7074.jpg,17,1,0.4095936,0.39268053
pat_17_image_7075.jpg,17,1,0.55821526,0.5255345
pat_17_image_7076.jpg,17,1,0.4785423,0.510469
pat_17_image_7077.jpg,17,1,0.5104523,0.50343543
pat_17_image_7078.jpg,17,1,0.41957822,0.3951932
pat_17_image_7079.jpg,17,1,0.4517412,0.45399818
pat_17_image_7080.jpg,17,1,0.30980703,0.2919981
pat_17_image_7081.jpg,17,1,0.72595304,0.70696515
pat_17_image_7082.jpg,17,1,0.7843227,0.7824911
pat_17_image_7083.jpg,17,1,0.5312616,0.5331699
pat_17_image_7084.jpg,17,1,0.85443765,0.83776265
pat_17_image_7085.jpg,17,1,0.46220997,0.45411497
pat_17_image_7086.jpg,17,1,0.8669948,0.84101474
pat_17_image_7087.jpg,17,1,0.658706,0.63158685
pat_17_image_7088.jpg,17,1,0.17543596,0.14805894
pat_17_image_7089.jpg,17,1,0.85440665,0.8218535
pat_17_image_7090.jpg,17,1,0.49179268,0.45841652
pat_17_image_7091.jpg,17,1,0.27315047,0.26391172
pat_17_image_7092.jpg,17,1,0.22992098,0.20857392
pat_17_image_7093.jpg,17,1,0.1607432,0.14642848
pat_17_image_7094.jpg,17,1,0.12385506,0.12228822
pat_17_image_7095.jpg,17,1,0.866999,0.860039
pat_17_image_7096.jpg,17,1,0.78247803,0.7757881
pat_17_image_7097.jpg,17,1,0.6942602,0.754563
pat_17_image_7098.jpg,17,1,0.2932701,0.299583
pat_17_image_7099.jpg,17,1,0.6208825,0.55837244
pat_17_image_7100.jpg,17,1,0.64483744,0.5833822
pat_17_image_7101.jpg,17,1,0.34296018,0.35238996
pat_17_image_7102.jpg,17,1,0.7339088,0.73582244
pat_17_image_7103.jpg,17,1,0.5331885,0.5096139
pat_17_image_7104.jpg,17,1,0.71409744,0.7124652
pat_17_image_7105.jpg,17,1,0.50617826,0.537349
pat_17_image_7106.jpg,17,1,0.7074456,0.7154093
pat_17_image_7107.jpg,17,1,0.5928765,0.5867095
pat_17_image_7108.jpg,17,1,0.8620273,0.8458722
pat_17_image_7109.jpg,17,1,0.51171017,0.51785076
pat_17_image_7110.jpg,17,1,0.22097623,0.1977472
pat_17_image_7111.jpg,17,1,0.7749943,0.7407711
pat_17_image_7112.jpg,17,1,0.74990785,0.69701684
pat_17_image_7113.jpg,17,1,0.27692765,0.25929743
pat_17_image_7114.jpg,17,1,0.653078,0.6401295
pat_17_image_7115.jpg,17,1,0.60588914,0.5839267
pat_17_image_7116.jpg,17,1,0.4565872,0.44178373
pat_17_image_7117.jpg,17,1,0.41280708,0.46261767
pat_17_image_7118.jpg,17,1,0.6791414,0.6394652
pat_17_image_7119.jpg,17,1,0.44287968,0.41958565
pat_17_image_7120.jpg,17,1,0.18017861,0.17314665
pat_17_image_7121.jpg,17,1,0.4459193,0.3734953
pat_17_image_7122.jpg,17,1,0.39418897,0.3882458
pat_17_image_7123.jpg,17,1,0.47781885,0.5071908
pat_17_image_7124.jpg,17,1,0.7210872,0.6932401
pat_17_image_7125.jpg,17,1,0.70021725,0.69375604
pat_17_image_7126.jpg,17,1,0.8144544,0.817379
pat_17_image_7127.jpg,17,1,0.62752074,0.5705129
pat_17_image_7128.jpg,17,1,0.6300482,0.63125366
pat_17_image_7129.jpg,17,1,0.36077076,0.3387002
pat_17_image_7130.jpg,17,1,0.6746119,0.63108224
pat_17_image_7131.jpg,17,1,0.48087165,0.45584592
pat_17_image_7132.jpg,17,1,0.22297347,0.19775692
pat_17_image_7133.jpg,17,1,0.72389555,0.699261
pat_17_image_7134.jpg,17,1,0.63537157,0.61522275
pat_17_image_7135.jpg,17,1,0.334004,0.32261774
pat_17_image_7136.jpg,17,1,0.6442228,0.6005397
pat_17_image_7137.jpg,17,1,0.45235,0.43780324
pat_17_image_7138.jpg,17,1,0.6892399,0.6496716
pat_17_image_7139.jpg,17,1,0.58635056,0.5064749
pat_17_image_7140.jpg,17,1,0.68073094,0.6870139
pat_17_image_7141.jpg,17,1,0.5502852,0.537872
pat_17_image_7142.jpg,17,1,0.4410036,0.39886114
pat_17_image_7143.jpg,17,1,0.20722891,0.21465808
pat_17_image_7144.jpg,17,1,0.28959423,0.30557275
pat_17_image_7145.jpg,17,1,0.83941793,0.8389957
pat_17_image_7146.jpg,17,1,0.99325824,0.99291754
pat_17_image_7147.jpg,17,1,0.6116608,0.6458672
pat_17_image_7148.jpg,17,1,0.24326482,0.22513448
pat_17_image_7149.jpg,17,1,0.5339947,0.5295226
pat_17_image_7150.jpg,17,1,0.62600213,0.61941385
pat_17_image_7151.jpg,17,1,0.31185535,0.29920757
pat_17_image_7152.jpg,17,1,0.64220345,0.66100913
pat_17_image_7153.jpg,17,1,0.6148904,0.61304665
pat_17_image_7154.jpg,17,1,0.7392481,0.71321416
pat_17_image_7155.jpg,17,1,0.26927087,0.21936737
pat_17_image_7156.jpg,17,1,0.2812957,0.24127768
pat_17_image_7157.jpg,17,1,0.28694093,0.25916883
pat_17_image_7158.jpg,17,1,0.5193808,0.48556352
pat_17_image_7159.jpg,17,1,0.58735216,0.52551246
pat_17_image_7160.jpg,17,1,0.75898594,0.73639905
pat_17_image_7161.jpg,17,1,0.8389467,0.8280981
pat_17_image_7162.jpg,17,1,0.93100417,0.92280954
pat_17_image_7163.jpg,17,1,0.75353396,0.68840706
pat_17_image_7164.jpg,17,1,0.19845201,0.1891638
pat_17_image_7165.jpg,17,1,0.7481276,0.74079376
pat_17_image_7166.jpg,17,1,0.31482303,0.28238168
pat_17_image_7167.jpg,17,1,0.87759614,0.8883118
pat_17_image_7168.jpg,17,1,0.58971304,0.52890325
pat_17_image_7169.jpg,17,1,0.48259154,0.49762028
pat_17_image_7170.jpg,17,1,0.77065957,0.7541201
pat_17_image_7171.jpg,17,1,0.6632502,0.6191448
pat_17_image_7172.jpg,17,1,0.803493,0.78271466
pat_17_image_7173.jpg,17,1,0.5616194,0.5081723
pat_17_image_7174.jpg,17,1,0.5054662,0.4506318
pat_17_image_7175.jpg,17,1,0.2970902,0.30014881
pat_17_image_7176.jpg,17,1,0.68222773,0.6323621
pat_17_image_7177.jpg,17,1,0.40386176,0.45462736
pat_17_image_7178.jpg,17,1,0.48306304,0.46749568
pat_17_image_7179.jpg,17,1,0.3321471,0.2924501
pat_17_image_7180.jpg,17,1,0.39723504,0.36176068
pat_17_image_7181.jpg,17,1,0.32902429,0.2762638
pat_17_image_7182.jpg,17,1,0.27868882,0.2951045
pat_17_image_7183.jpg,17,1,0.7500397,0.6788001
pat_17_image_7184.jpg,17,1,0.4237738,0.3980541
pat_17_image_7185.jpg,17,1,0.4738155,0.4329892
pat_17_image_7186.jpg,17,1,0.8176425,0.7895973
pat_17_image_7187.jpg,17,1,0.63494563,0.5887133
pat_17_image_7188.jpg,17,1,0.43303427,0.38879746
pat_17_image_7189.jpg,17,1,0.8477717,0.86455417
pat_17_image_7190.jpg,17,1,0.8887009,0.8489706
pat_17_image_7191.jpg,17,1,0.35212597,0.38978028
pat_17_image_7192.jpg,17,1,0.31038812,0.30651838
pat_17_image_7193.jpg,17,1,0.9339679,0.93300325
pat_17_image_7194.jpg,17,1,0.7360352,0.70855564
pat_17_image_7195.jpg,17,1,0.8179864,0.8368858
pat_17_image_7196.jpg,17,1,0.26678187,0.27472606
pat_17_image_7197.jpg,17,1,0.42447358,0.36786583
pat_17_image_7198.jpg,17,1,0.40155146,0.33876327
pat_17_image_7199.jpg,17,1,0.34059572,0.34031183
pat_17_image_7200.jpg,17,1,0.37035286,0.28764024
pat_17_image_7201.jpg,17,1,0.57724816,0.6063291
pat_17_image_7202.jpg,17,1,0.17092013,0.17244546
pat_17_image_7203.jpg,17,1,0.35580185,0.29969636
pat_17_image_7204.jpg,17,1,0.54713327,0.53663325
pat_17_image_7205.jpg,17,1,0.4963046,0.4739348
pat_17_image_7206.jpg,17,1,0.68403,0.6727755
pat_17_image_7207.jpg,17,1,0.62324923,0.59218436
pat_17_image_7208.jpg,17,1,0.59145844,0.56313145
pat_17_image_7209.jpg,17,1,0.55434155,0.5170416
pat_17_image_7210.jpg,17,1,0.50503266,0.48524445
pat_17_image_7211.jpg,17,1,0.59739316,0.58075434
pat_17_image_7212.jpg,17,1,0.33787626,0.3507543
pat_17_image_7213.jpg,17,1,0.2585575,0.25928104
pat_17_image_7214.jpg,17,1,0.18071152,0.15899396
pat_17_image_7215.jpg,17,1,0.48762745,0.5048792
pat_17_image_7216.jpg,17,1,0.23573607,0.23656914
pat_17_image_7217.jpg,17,1,0.32357863,0.3256047
pat_17_image_7218.jpg,17,1,0.2990261,0.32113189
pat_17_image_7219.jpg,17,1,0.23142944,0.2628049
pat_17_image_7220.jpg,17,1,0.46729663,0.4664629
pat_17_image_7221.jpg,17,1,0.12466888,0.1270789
pat_17_image_7222.jpg,17,1,0.29753196,0.30938607
pat_17_image_7223.jpg,17,1,0.2788739,0.31547377
pat_17_image_7224.jpg,17,1,0.08714376,0.08365925
pat_17_image_7225.jpg,17,1,0.2835281,0.2774871
pat_17_image_7226.jpg,17,1,0.48842958,0.46414
pat_17_image_7227.jpg,17,1,0.40545273,0.4002758
pat_17_image_7228.jpg,17,1,0.6975862,0.7076074
pat_17_image_7229.jpg,17,1,0.6381465,0.6288842
pat_17_image_7230.jpg,17,1,0.7819023,0.8191871
pat_17_image_7231.jpg,17,1,0.2725887,0.29838735
pat_17_image_7232.jpg,17,1,0.4463603,0.46628815
pat_17_image_7233.jpg,17,1,0.8094136,0.78617305
pat_17_image_7234.jpg,17,1,0.6535234,0.64656264
pat_17_image_7235.jpg,17,1,0.23233576,0.20705761
pat_17_image_7236.jpg,17,1,0.6492961,0.6787744
pat_17_image_7237.jpg,17,1,0.82669383,0.8029722
pat_17_image_7238.jpg,17,1,0.39390495,0.41934973
pat_17_image_7239.jpg,17,1,0.78912324,0.80591214
pat_17_image_7240.jpg,17,1,0.8827016,0.890225
pat_17_image_7241.jpg,17,1,0.4093389,0.4002391
pat_17_image_7242.jpg,17,1,0.4315977,0.41867492
pat_17_image_7243.jpg,17,1,0.5046508,0.4542468
pat_17_image_7244.jpg,17,1,0.691789,0.66040903
pat_17_image_7245.jpg,17,1,0.6599868,0.59847546
pat_17_image_7246.jpg,17,1,0.57015336,0.50621694
pat_17_image_7247.jpg,17,1,0.6701393,0.60831696
pat_17_image_7248.jpg,17,1,0.48730156,0.5086744
pat_17_image_7249.jpg,17,1,0.43047607,0.4534536
pat_17_image_7250.jpg,17,1,0.3376668,0.3157279
pat_17_image_7251.jpg,17,1,0.33399588,0.33592796
pat_17_image_7252.jpg,17,1,0.4725147,0.4696086
pat_17_image_7253.jpg,17,1,0.52884144,0.52545834
pat_17_image_7254.jpg,17,1,0.566303,0.5905162
pat_17_image_7255.jpg,17,1,0.16886795,0.14688513
pat_17_image_7256.jpg,17,1,0.2019626,0.20536773
pat_17_image_7257.jpg,17,1,0.17157818,0.17950107
pat_17_image_7258.jpg,17,1,0.26389906,0.28560778
pat_17_image_7259.jpg,17,1,0.19049373,0.18278663
pat_17_image_7260.jpg,17,1,0.55171025,0.56746536
pat_17_image_7261.jpg,17,1,0.5058658,0.472133
pat_17_image_7262.jpg,17,1,0.5192755,0.5231554
pat_17_image_7263.jpg,17,1,0.7871028,0.76985526
pat_17_image_7264.jpg,17,1,0.2116396,0.18473251
pat_17_image_7265.jpg,17,1,0.6665948,0.7056448
pat_17_image_7266.jpg,17,1,0.27600792,0.23911823
pat_17_image_7267.jpg,17,1,0.6130942,0.63954425
pat_17_image_7268.jpg,17,1,0.5414701,0.5529649
pat_17_image_7269.jpg,17,1,0.32488784,0.345158
pat_17_image_7270.jpg,17,1,0.9109779,0.907745
pat_17_image_7271.jpg,17,1,0.4549562,0.453667
pat_17_image_7272.jpg,17,1,0.6313818,0.5964037
pat_17_image_7273.jpg,17,1,0.9058754,0.91931593
pat_17_image_7274.jpg,17,1,0.60551476,0.5846141
pat_17_image_7275.jpg,17,1,0.81365263,0.8224331
pat_17_image_7276.jpg,17,1,0.85957944,0.8713332
pat_17_image_7277.jpg,17,1,0.77074075,0.7634543
pat_17_image_7278.jpg,17,1,0.7913187,0.80026156
pat_17_image_7279.jpg,17,1,0.8297756,0.8318486
pat_17_image_7280.jpg,17,1,0.5379889,0.4919405
pat_17_image_7281.jpg,17,1,0.8504309,0.8531193
pat_17_image_7282.jpg,17,1,0.91730314,0.90399665
pat_17_image_7283.jpg,17,1,0.76387703,0.74749666
pat_17_image_7284.jpg,17,1,0.88272655,0.90941256
pat_17_image_7285.jpg,17,1,0.77127016,0.7816769
pat_17_image_7286.jpg,17,1,0.5559796,0.5487584
pat_17_image_7287.jpg,17,1,0.6772016,0.70655704
pat_17_image_7288.jpg,17,1,0.62547386,0.6148932
pat_17_image_7289.jpg,17,1,0.8952204,0.902003
pat_17_image_7290.jpg,17,1,0.88917935,0.8942715
pat_17_image_7291.jpg,17,1,0.35270506,0.3387531
pat_17_image_7292.jpg,17,1,0.71643275,0.69775414
pat_17_image_7293.jpg,17,1,0.73179156,0.7273136
pat_17_image_7294.jpg,17,1,0.40093532,0.39278126
pat_17_image_7295.jpg,17,1,0.33658388,0.25564483
pat_17_image_7296.jpg,17,1,0.7691876,0.74275553
pat_17_image_7297.jpg,17,1,0.7728436,0.77336425
pat_17_image_7298.jpg,17,1,0.556825,0.53543323
pat_17_image_7299.jpg,17,1,0.39779598,0.42225188
pat_17_image_7300.jpg,17,1,0.84683067,0.847793
pat_17_image_7301.jpg,17,1,0.69168407,0.7306407
pat_17_image_7302.jpg,17,1,0.77528626,0.7762011
pat_17_image_7303.jpg,17,1,0.53380644,0.5349099
pat_17_image_7304.jpg,17,1,0.75568414,0.7467176
pat_17_image_7305.jpg,17,1,0.5011387,0.5399143
pat_17_image_7306.jpg,17,1,0.86876714,0.8603792
pat_17_image_7307.jpg,17,1,0.76193315,0.7515987
pat_17_image_7308.jpg,17,1,0.5823372,0.59891737
pat_17_image_7309.jpg,17,1,0.5916175,0.5689961
pat_17_image_7310.jpg,17,1,0.4630461,0.42713246
pat_17_image_7311.jpg,17,1,0.9181823,0.90861166
pat_17_image_7312.jpg,17,1,0.60208046,0.5924606
pat_17_image_7313.jpg,17,1,0.46786386,0.52090037
pat_17_image_7314.jpg,17,1,0.916422,0.9170607
pat_17_image_7315.jpg,17,1,0.37802657,0.32739064
pat_17_image_7316.jpg,17,1,0.80071384,0.76261073
pat_17_image_7317.jpg,17,1,0.4190509,0.3770777
pat_17_image_7318.jpg,17,1,0.9007649,0.8799387
pat_17_image_7319.jpg,17,1,0.55995387,0.55713737
pat_17_image_7320.jpg,17,1,0.43084344,0.3615119
pat_17_image_7321.jpg,17,1,0.77222794,0.7854556
pat_17_image_7322.jpg,17,1,0.84637815,0.8360966
pat_17_image_7323.jpg,17,1,0.48617324,0.4915937
pat_17_image_7324.jpg,17,1,0.568331,0.52075624
pat_17_image_7325.jpg,17,1,0.77495867,0.752027
pat_17_image_7326.jpg,17,1,0.823861,0.8052766
pat_17_image_7327.jpg,17,1,0.33559054,0.2951507
pat_17_image_7328.jpg,17,1,0.4312862,0.43969017
pat_17_image_7329.jpg,17,1,0.4861676,0.4924543
pat_17_image_7330.jpg,17,1,0.5048048,0.47096515
pat_17_image_7331.jpg,17,1,0.53106934,0.49215427
pat_17_image_7332.jpg,17,1,0.7778852,0.7524857
pat_17_image_7333.jpg,17,1,0.6920136,0.66270936
pat_17_image_7334.jpg,17,1,0.76059014,0.7515871
pat_17_image_7335.jpg,17,1,0.2737303,0.21798688
pat_17_image_7336.jpg,17,1,0.8227236,0.78456455
pat_17_image_7337.jpg,17,1,0.6880725,0.6425742
pat_17_image_7338.jpg,17,1,0.60574245,0.51100296
pat_17_image_7339.jpg,17,1,0.7614412,0.7797867
pat_17_image_7340.jpg,17,1,0.13798678,0.13736111
pat_17_image_7341.jpg,17,1,0.9409713,0.9400259
pat_17_image_7342.jpg,17,1,0.57991153,0.59710157
pat_17_image_7343.jpg,17,1,0.9188047,0.9249014
pat_17_image_7344.jpg,17,1,0.52240664,0.51577055
pat_17_image_7345.jpg,17,1,0.81066704,0.7766062
pat_17_image_7346.jpg,17,1,0.8115537,0.83961946
pat_17_image_7347.jpg,17,1,0.4560079,0.52480626
pat_17_image_7348.jpg,17,1,0.40226185,0.4549493
pat_17_image_7349.jpg,17,1,0.8448181,0.84189624
pat_17_image_7350.jpg,17,1,0.6391666,0.68968874
pat_17_image_7351.jpg,17,1,0.23993742,0.23207402
pat_17_image_7352.jpg,17,1,0.7045827,0.7108159
pat_17_image_7353.jpg,17,1,0.86846524,0.863494
pat_17_image_7354.jpg,17,1,0.2574009,0.30771822
pat_17_image_7355.jpg,17,1,0.2939018,0.41465408
pat_17_image_7356.jpg,17,1,0.7762247,0.82775515
pat_17_image_7357.jpg,17,1,0.6286482,0.7223242
pat_17_image_7358.jpg,17,1,0.7468224,0.77451354
pat_17_image_7359.jpg,17,1,0.5612795,0.55254734
pat_17_image_7360.jpg,17,1,0.3035423,0.26210794
pat_17_image_7361.jpg,17,1,0.76278144,0.6833286
pat_17_image_7362.jpg,17,1,0.4591378,0.43846422
pat_17_image_7363.jpg,17,1,0.72318953,0.74071777
pat_17_image_7364.jpg,17,1,0.5746945,0.5342557
pat_17_image_7365.jpg,17,1,0.6898041,0.65991145
pat_17_image_7366.jpg,17,1,0.2507356,0.23316695
pat_17_image_7367.jpg,17,1,0.5564556,0.5606494
pat_17_image_7368.jpg,17,1,0.55880827,0.55723524
pat_17_image_7369.jpg,17,1,0.5473147,0.48919493
pat_17_image_7370.jpg,17,1,0.39886448,0.35055482
pat_17_image_7371.jpg,17,1,0.94620854,0.94225883
pat_17_image_7372.jpg,17,1,0.30478382,0.26051518
pat_17_image_7373.jpg,17,1,0.55525666,0.5443634
pat_17_image_7374.jpg,17,1,0.43867433,0.4817981
pat_17_image_7375.jpg,17,1,0.13410296,0.13511427
pat_17_image_7376.jpg,17,1,0.234944,0.25956815
pat_17_image_7377.jpg,17,1,0.6687014,0.63445663
pat_17_image_7378.jpg,17,1,0.76406723,0.7489145
pat_17_image_7379.jpg,17,1,0.65395075,0.68642044
pat_17_image_7380.jpg,17,1,0.39481515,0.37149072
pat_17_image_7381.jpg,17,1,0.2670606,0.2535239
pat_17_image_7382.jpg,17,1,0.66380066,0.6328908
pat_17_image_7383.jpg,17,1,0.721748,0.72946906
pat_17_image_7384.jpg,17,1,0.58418036,0.5657321
pat_17_image_7385.jpg,17,1,0.64791226,0.6590664
pat_17_image_7386.jpg,17,1,0.70510256,0.7335073
pat_17_image_7387.jpg,17,1,0.3871345,0.43209928
pat_17_image_7388.jpg,17,1,0.28939557,0.3006467
pat_17_image_7389.jpg,17,1,0.55524397,0.618748
pat_17_image_7390.jpg,17,1,0.8779026,0.891601
pat_17_image_7391.jpg,17,1,0.83104295,0.8495603
pat_17_image_7392.jpg,17,1,0.72198653,0.74550164
pat_17_image_7393.jpg,17,1,0.32043055,0.3122768
pat_17_image_7394.jpg,17,1,0.45971403,0.5318387
pat_17_image_7395.jpg,17,1,0.42410925,0.43350437
pat_17_image_7396.jpg,17,1,0.7665101,0.7924217
pat_17_image_7397.jpg,17,1,0.6048224,0.62981105
pat_17_image_7398.jpg,17,1,0.28317872,0.26575932
pat_17_image_7399.jpg,17,1,0.2472423,0.26128346
pat_17_image_7400.jpg,17,1,0.21561168,0.24300937
pat_17_image_7401.jpg,17,1,0.52962226,0.579131
pat_17_image_7402.jpg,17,1,0.74807304,0.7675806
pat_17_image_7403.jpg,17,1,0.77290726,0.7925002
pat_17_image_7404.jpg,17,1,0.8490505,0.87373644
pat_17_image_7405.jpg,17,1,0.4542889,0.4290152
pat_17_image_7406.jpg,17,1,0.6648437,0.66928023
pat_17_image_7407.jpg,17,1,0.4340485,0.38882563
pat_17_image_7408.jpg,17,1,0.6037156,0.6081456
pat_17_image_7409.jpg,17,1,0.20673099,0.1637737
pat_17_image_7410.jpg,17,1,0.15586695,0.14700639
pat_17_image_7411.jpg,17,1,0.22712526,0.20617092
pat_17_image_7412.jpg,17,1,0.4303147,0.35969135
pat_17_image_7413.jpg,17,1,0.3307746,0.30024344
pat_17_image_7414.jpg,17,1,0.32053134,0.31643388
pat_17_image_7415.jpg,17,1,0.2795191,0.24040286
pat_17_image_7416.jpg,17,1,0.35876355,0.30916816
pat_17_image_7417.jpg,17,1,0.62487775,0.57898134
pat_17_image_7418.jpg,17,1,0.40909597,0.35057095
pat_17_image_7419.jpg,17,1,0.63144654,0.5921095
pat_17_image_7420.jpg,17,1,0.6895622,0.6511344
pat_17_image_7421.jpg,17,1,0.6738745,0.60218847
pat_17_image_7422.jpg,17,1,0.44528785,0.50778973
pat_17_image_7423.jpg,17,1,0.6134711,0.66059387
pat_17_image_7424.jpg,17,1,0.7247951,0.79864746
pat_17_image_7425.jpg,17,1,0.12935057,0.12647441
pat_17_image_7426.jpg,17,1,0.42117855,0.49375808
pat_17_image_7427.jpg,17,1,0.4079507,0.38969314
pat_17_image_7428.jpg,17,1,0.6124401,0.6181302
pat_17_image_7429.jpg,17,1,0.9152224,0.9062762
pat_17_image_7430.jpg,17,1,0.7489981,0.7453682
pat_17_image_7431.jpg,17,1,0.88593745,0.87336665
pat_17_image_7432.jpg,17,1,0.9106067,0.9230566
pat_17_image_7433.jpg,17,1,0.8796264,0.8865051
pat_17_image_7434.jpg,17,1,0.6256108,0.64314884
pat_17_image_7435.jpg,17,1,0.5126479,0.45105872
pat_17_image_7436.jpg,17,1,0.9358983,0.9426896
pat_17_image_7437.jpg,17,1,0.21391587,0.19348109
pat_17_image_7438.jpg,17,1,0.47637227,0.45004034
pat_17_image_7439.jpg,17,1,0.67269397,0.64180577
pat_17_image_7440.jpg,17,1,0.84740174,0.85171473
pat_17_image_7441.jpg,17,1,0.64650124,0.68108714
pat_17_image_7442.jpg,17,1,0.7247035,0.7599231
pat_17_image_7443.jpg,17,1,0.7460664,0.7028502
pat_17_image_7444.jpg,17,1,0.9419173,0.9515448
pat_17_image_7445.jpg,17,1,0.6719745,0.64666516
pat_17_image_7446.jpg,17,1,0.511575,0.5357582
pat_17_image_7447.jpg,17,1,0.28767756,0.24993129
pat_17_image_7448.jpg,17,1,0.88864905,0.89886135
pat_17_image_7449.jpg,17,1,0.36476657,0.32127768
pat_17_image_7450.jpg,17,1,0.87908655,0.88248473
pat_17_image_7451.jpg,17,1,0.8147518,0.8001106
pat_17_image_7452.jpg,17,1,0.56299573,0.59331214
pat_17_image_7453.jpg,17,1,0.59416497,0.5413334
pat_17_image_7454.jpg,17,1,0.7026288,0.70812035
pat_17_image_7455.jpg,17,1,0.49533564,0.51303595
pat_17_image_7456.jpg,17,1,0.9398154,0.94438505
pat_17_image_7457.jpg,17,1,0.8912631,0.8832016
pat_17_image_7458.jpg,17,1,0.4433669,0.4205136
pat_17_image_7459.jpg,17,1,0.87575,0.8680538
pat_17_image_7460.jpg,17,1,0.39941046,0.40055108
pat_17_image_7461.jpg,17,1,0.44634292,0.46679258
pat_17_image_7462.jpg,17,1,0.8111168,0.802762
pat_17_image_7463.jpg,17,1,0.4604904,0.43514642
pat_17_image_7464.jpg,17,1,0.38434148,0.40029228
pat_17_image_7465.jpg,17,1,0.70588833,0.756419
pat_17_image_7466.jpg,17,1,0.24449894,0.22728938
pat_17_image_7467.jpg,17,1,0.71121013,0.6646807
pat_17_image_7468.jpg,17,1,0.39281046,0.36009544
pat_17_image_7469.jpg,17,1,0.7452384,0.7557162
pat_17_image_7470.jpg,17,1,0.74160796,0.70015305
pat_17_image_7471.jpg,17,1,0.26487425,0.22825225
pat_17_image_7472.jpg,17,1,0.7038514,0.6526672
pat_17_image_7473.jpg,17,1,0.5699185,0.5290009
pat_17_image_7474.jpg,17,1,0.659087,0.60011697
pat_17_image_7475.jpg,17,1,0.36881235,0.3341022
pat_17_image_7476.jpg,17,1,0.39823446,0.45491356
pat_17_image_7477.jpg,17,1,0.7161171,0.728843
pat_17_image_7478.jpg,17,1,0.74964494,0.76192933
pat_17_image_7479.jpg,17,1,0.10903754,0.115743
pat_17_image_7480.jpg,17,1,0.6050019,0.67705256
pat_17_image_7481.jpg,17,1,0.63547516,0.713944
pat_17_image_7482.jpg,17,1,0.30215824,0.31196544
pat_17_image_7483.jpg,17,1,0.18430439,0.20217736
pat_17_image_7484.jpg,17,1,0.7115535,0.7085443
pat_17_image_7485.jpg,17,1,0.4241464,0.47557855
pat_17_image_7486.jpg,17,1,0.66444296,0.73009133
pat_17_image_7487.jpg,17,1,0.8820784,0.867724
pat_17_image_7488.jpg,17,1,0.46366864,0.4704203
pat_17_image_7489.jpg,17,1,0.6486935,0.5539365
pat_17_image_7490.jpg,17,1,0.68875635,0.65265006
pat_17_image_7491.jpg,17,1,0.55144,0.45373848
pat_17_image_7492.jpg,17,1,0.8424775,0.8160435
pat_17_image_7493.jpg,17,1,0.53954625,0.52072203
pat_17_image_7494.jpg,17,1,0.6885904,0.6454152
pat_17_image_7495.jpg,17,1,0.29427934,0.29597455
pat_17_image_7496.jpg,17,1,0.4484518,0.468258
pat_17_image_7497.jpg,17,1,0.4896211,0.49731842
pat_17_image_7498.jpg,17,1,0.81857014,0.80829144
pat_17_image_7499.jpg,17,1,0.36512604,0.3830256
pat_17_image_7500.jpg,17,1,0.5195623,0.48593384
pat_17_image_7501.jpg,17,1,0.41236186,0.34370667
pat_17_image_7502.jpg,17,1,0.75672156,0.7715421
pat_17_image_7503.jpg,17,1,0.5377339,0.49646598
pat_17_image_7504.jpg,17,1,0.5241035,0.52049565
pat_17_image_7505.jpg,17,1,0.68776536,0.6868225
pat_17_image_7506.jpg,17,1,0.5947183,0.5645009
pat_17_image_7507.jpg,17,1,0.5937763,0.543189
pat_17_image_7508.jpg,17,1,0.74954796,0.69394135
pat_17_image_7509.jpg,17,1,0.4306234,0.41483206
pat_17_image_7510.jpg,17,1,0.7502025,0.75788367
pat_17_image_7511.jpg,17,1,0.5119859,0.54863524
pat_17_image_7512.jpg,17,1,0.33671057,0.34249392
pat_17_image_7513.jpg,17,1,0.75480336,0.76593876
pat_17_image_7514.jpg,17,1,0.4251834,0.4461716
pat_17_image_7515.jpg,17,1,0.8374992,0.8595106
pat_17_image_7516.jpg,17,1,0.5551671,0.58062285
pat_17_image_7517.jpg,17,1,0.6665094,0.6450685
pat_17_image_7518.jpg,17,1,0.34340832,0.3672985
pat_17_image_7519.jpg,17,1,0.25545952,0.30150548
pat_17_image_7520.jpg,17,1,0.7132702,0.776089
pat_17_image_7521.jpg,17,1,0.44768754,0.46874082
pat_17_image_7522.jpg,17,1,0.820531,0.8501563
pat_17_image_7523.jpg,17,1,0.6959711,0.7417818
pat_17_image_7524.jpg,17,1,0.62054986,0.6816227
pat_17_image_7525.jpg,17,1,0.616881,0.67329264
pat_17_image_7526.jpg,17,1,0.8401038,0.8513125
pat_17_image_7527.jpg,17,1,0.58521247,0.6105188
pat_17_image_7528.jpg,17,1,0.20688334,0.20971444
pat_17_image_7529.jpg,17,1,0.18459545,0.19945957
pat_17_image_7530.jpg,17,1,0.39968842,0.49018863
pat_17_image_7531.jpg,17,1,0.5480367,0.671218
pat_17_image_7532.jpg,17,1,0.28443033,0.29504672
pat_17_image_7533.jpg,17,1,0.6222945,0.6703038
pat_17_image_7534.jpg,17,1,0.6640647,0.7070419
pat_17_image_7535.jpg,17,1,0.13182591,0.14166902
pat_17_image_7536.jpg,17,1,0.8965001,0.9150596
pat_17_image_7537.jpg,17,1,0.9067139,0.91174626
pat_17_image_7538.jpg,17,1,0.48063323,0.55816597
pat_17_image_7539.jpg,17,1,0.4007242,0.50224274
pat_17_image_7540.jpg,17,1,0.8639782,0.8878807
pat_17_image_7541.jpg,17,1,0.14543165,0.14956132
pat_17_image_7542.jpg,17,1,0.82442546,0.8317422
pat_17_image_7543.jpg,17,1,0.5377912,0.49051338
pat_17_image_7544.jpg,17,1,0.485305,0.489542
pat_17_image_7545.jpg,17,1,0.38221356,0.3562471
pat_17_image_7546.jpg,17,1,0.7684162,0.7230824
pat_17_image_7547.jpg,17,1,0.90060693,0.88586706
pat_17_image_7548.jpg,17,1,0.61015886,0.55674314
pat_17_image_7549.jpg,17,1,0.77736086,0.75506544
pat_17_image_7550.jpg,17,1,0.22746049,0.16790223
pat_17_image_7551.jpg,17,1,0.4104524,0.42771602
pat_17_image_7552.jpg,17,1,0.26595494,0.26026154
pat_17_image_7553.jpg,17,1,0.628065,0.54079956
pat_17_image_7554.jpg,17,1,0.5435161,0.49902344
pat_17_image_7555.jpg,17,1,0.31566712,0.27329466
pat_17_image_7556.jpg,17,1,0.4071738,0.3502424
pat_17_image_7557.jpg,17,1,0.8880444,0.8894431
pat_17_image_7558.jpg,17,1,0.35150784,0.285123
pat_17_image_7559.jpg,17,1,0.67232096,0.66439575
pat_17_image_7560.jpg,17,1,0.5817337,0.5084087
pat_17_image_7561.jpg,17,1,0.6724014,0.6674732
pat_17_image_7562.jpg,17,1,0.74443495,0.7151947
pat_17_image_7563.jpg,17,1,0.21223404,0.2243651
pat_17_image_7564.jpg,17,1,0.82265824,0.8304505
pat_17_image_7565.jpg,17,1,0.17769724,0.1835886
pat_17_image_7566.jpg,17,1,0.41983443,0.39651212
pat_17_image_7567.jpg,17,1,0.65884835,0.7054335
pat_17_image_7568.jpg,17,1,0.42096388,0.4178763
pat_17_image_7569.jpg,17,1,0.28385377,0.30936557
pat_17_image_7570.jpg,17,1,0.27548745,0.2904675
pat_17_image_7571.jpg,17,1,0.7935394,0.7905921
pat_17_image_7572.jpg,17,1,0.42351434,0.42293382
pat_17_image_7573.jpg,17,1,0.52383536,0.6270044
pat_17_image_7574.jpg,17,1,0.4713236,0.4572116
pat_17_image_7575.jpg,17,1,0.34488302,0.37044904
pat_17_image_7576.jpg,17,1,0.5880824,0.59057635
pat_17_image_7577.jpg,17,1,0.8274114,0.83026695
pat_17_image_7578.jpg,17,1,0.44110367,0.40219823
pat_17_image_7579.jpg,17,1,0.5286208,0.52585536
pat_17_image_7580.jpg,17,1,0.33614758,0.33248523
pat_17_image_7581.jpg,17,1,0.3673876,0.40270367
pat_17_image_7582.jpg,17,1,0.628864,0.6406303
pat_17_image_7583.jpg,17,1,0.5436858,0.5078683
pat_17_image_7584.jpg,17,1,0.590206,0.58173835
pat_17_image_7585.jpg,17,1,0.28485864,0.23997694
pat_17_image_7586.jpg,17,1,0.92830116,0.9266025
pat_17_image_7587.jpg,17,1,0.8003094,0.8084964
pat_17_image_7588.jpg,17,1,0.45291,0.4062342
pat_17_image_7589.jpg,17,1,0.82974327,0.82491827
pat_17_image_7590.jpg,17,1,0.789155,0.80568504
pat_17_image_7591.jpg,17,1,0.48851922,0.5141593
pat_17_image_7592.jpg,17,1,0.7875523,0.8313971
pat_17_image_7593.jpg,17,1,0.81869054,0.8313644
pat_17_image_7594.jpg,17,1,0.69273174,0.681398
pat_17_image_7595.jpg,17,1,0.70408547,0.6744684
pat_17_image_7596.jpg,17,1,0.86798686,0.87576705
pat_17_image_7597.jpg,17,1,0.81235623,0.8045261
pat_17_image_7598.jpg,17,1,0.7407848,0.69740355
pat_17_image_7599.jpg,17,1,0.9109729,0.9234959
pat_17_image_7600.jpg,17,1,0.48691598,0.4824759
pat_17_image_7601.jpg,17,1,0.8662175,0.85897386
pat_17_image_7602.jpg,17,1,0.7206512,0.76124597
pat_17_image_7603.jpg,17,1,0.5808011,0.5349276
pat_17_image_7604.jpg,17,1,0.9338401,0.93551475
pat_17_image_7605.jpg,17,1,0.3548289,0.3180836
pat_17_image_7606.jpg,17,1,0.7385316,0.76091444
pat_17_image_7607.jpg,17,1,0.70747054,0.7536851
pat_17_image_7608.jpg,17,1,0.3719339,0.32086644
pat_17_image_7609.jpg,17,1,0.6914108,0.6398971
pat_17_image_7610.jpg,17,1,0.6451921,0.6305638
pat_17_image_7611.jpg,17,1,0.58713824,0.6108946
pat_17_image_7612.jpg,17,1,0.67333025,0.68441325
pat_17_image_7613.jpg,17,1,0.43838096,0.40657687
pat_17_image_7614.jpg,17,1,0.89782846,0.8951645
pat_17_image_7615.jpg,17,1,0.4608569,0.51330906
pat_17_image_7616.jpg,17,1,0.37843227,0.33376974
pat_17_image_7617.jpg,17,1,0.70914435,0.68377393
pat_17_image_7618.jpg,17,1,0.72928286,0.7438103
pat_17_image_7619.jpg,17,1,0.21242958,0.21363385
pat_17_image_7620.jpg,17,1,0.29244113,0.27076665
pat_17_image_7621.jpg,17,1,0.7909682,0.75353473
pat_17_image_7622.jpg,17,1,0.7848035,0.7732664
pat_17_image_7623.jpg,17,1,0.17191495,0.16076352
pat_17_image_7624.jpg,17,1,0.40516058,0.4816103
pat_17_image_7625.jpg,17,1,0.2741617,0.25136554
pat_17_image_7626.jpg,17,1,0.40420827,0.42005873
pat_17_image_7627.jpg,17,1,0.33396614,0.36120626
pat_17_image_7628.jpg,17,1,0.26758823,0.22942205
pat_17_image_7629.jpg,17,1,0.54308224,0.58820516
pat_17_image_7630.jpg,17,1,0.40889257,0.36203548
pat_17_image_7631.jpg,17,1,0.93921804,0.9263637
pat_17_image_7632.jpg,17,1,0.6226922,0.58463365
pat_17_image_7633.jpg,17,1,0.6730264,0.6196002
pat_17_image_7634.jpg,17,1,0.62197334,0.5586566
pat_17_image_7635.jpg,17,1,0.30265975,0.27357027
pat_17_image_7636.jpg,17,1,0.49858665,0.47581857
pat_17_image_7637.jpg,17,1,0.55384487,0.48589027
pat_17_image_7638.jpg,17,1,0.5235671,0.47339335
pat_17_image_7639.jpg,17,1,0.61867154,0.54887986
pat_17_image_7640.jpg,17,1,0.44813803,0.4148525
pat_17_image_7641.jpg,17,1,0.3493098,0.29594374
pat_17_image_7642.jpg,17,1,0.5314504,0.5391065
pat_17_image_7643.jpg,17,1,0.25154054,0.22652146
pat_17_image_7644.jpg,17,1,0.33609128,0.31872997
pat_17_image_7645.jpg,17,1,0.7622258,0.7459669
pat_17_image_7646.jpg,17,1,0.26942688,0.2939716
pat_17_image_7647.jpg,17,1,0.8330496,0.8079742
pat_17_image_7648.jpg,17,1,0.24458633,0.2344054
pat_17_image_7649.jpg,17,1,0.2498333,0.24850976
pat_17_image_7650.jpg,17,1,0.043600786,0.035706837
pat_17_image_7651.jpg,17,1,0.26955914,0.2515969
pat_17_image_7652.jpg,17,1,0.3869389,0.35329255
pat_17_image_7653.jpg,17,1,0.54082525,0.47658017
pat_17_image_7654.jpg,17,1,0.30211425,0.2606976
pat_17_image_7655.jpg,17,1,0.59235644,0.5565372
pat_17_image_7656.jpg,17,1,0.7841585,0.74735534
pat_17_image_7657.jpg,17,1,0.5345327,0.53139466
pat_17_image_7658.jpg,17,1,0.3168881,0.254089
pat_17_image_7659.jpg,17,1,0.75721014,0.74378693
pat_17_image_7660.jpg,17,1,0.8959947,0.89228284
pat_17_image_7661.jpg,17,1,0.48852208,0.5338811
pat_17_image_7662.jpg,17,1,0.47753033,0.44529268
pat_17_image_7663.jpg,17,1,0.41391483,0.46780717
pat_17_image_7664.jpg,17,1,0.8399995,0.81146234
pat_17_image_7665.jpg,17,1,0.23911893,0.22036143
pat_17_image_7666.jpg,17,1,0.5147089,0.51548654
pat_17_image_7667.jpg,17,1,0.12708333,0.112283394
pat_17_image_7668.jpg,17,1,0.19958909,0.19196586
pat_17_image_7669.jpg,17,1,0.3398201,0.3778832
pat_17_image_7670.jpg,17,1,0.6552359,0.645885
pat_17_image_7671.jpg,17,1,0.90728426,0.9104906
pat_17_image_7672.jpg,17,1,0.21042539,0.22548231
pat_17_image_7673.jpg,17,1,0.24283284,0.2219955
pat_17_image_7674.jpg,17,1,0.40617839,0.4354896
pat_17_image_7675.jpg,17,1,0.4828142,0.48559105
pat_17_image_7676.jpg,17,1,0.68645364,0.70016265
pat_17_image_7677.jpg,17,1,0.6374443,0.62719727
pat_17_image_7678.jpg,17,1,0.13092642,0.13988322
pat_17_image_7679.jpg,17,1,0.21289854,0.18993993
pat_17_image_7680.jpg,17,1,0.3259216,0.3362207
pat_17_image_7681.jpg,17,1,0.158249,0.15539993
pat_17_image_7682.jpg,17,1,0.10903717,0.10201812
pat_17_image_7683.jpg,17,1,0.17823014,0.16328074
pat_17_image_7684.jpg,17,1,0.66656137,0.6767459
pat_17_image_7685.jpg,17,1,0.46799216,0.4252972
pat_17_image_7686.jpg,17,1,0.43109417,0.37669605
pat_17_image_7687.jpg,17,1,0.501812,0.5153411
pat_17_image_7688.jpg,17,1,0.5971932,0.6370632
pat_17_image_7689.jpg,17,1,0.4480537,0.4345913
pat_17_image_7690.jpg,17,1,0.55664164,0.55973756
pat_17_image_7691.jpg,17,1,0.115412615,0.11654996
pat_17_image_7692.jpg,17,1,0.43045282,0.41161087
pat_17_image_7693.jpg,17,1,0.5068508,0.4653669
pat_17_image_7694.jpg,17,1,0.45557183,0.5111895
pat_17_image_7695.jpg,17,1,0.6398547,0.65629345
pat_17_image_7696.jpg,17,1,0.6290779,0.68924767
pat_17_image_7697.jpg,17,1,0.44361642,0.44816083
pat_17_image_7698.jpg,17,1,0.5427727,0.500498
pat_17_image_7699.jpg,17,1,0.87652415,0.8644505
pat_17_image_7700.jpg,17,1,0.20790786,0.20835897
pat_17_image_7701.jpg,17,1,0.3094852,0.27322972
pat_17_image_7702.jpg,17,1,0.7705807,0.7448033
pat_17_image_7703.jpg,17,1,0.7798857,0.78414154
pat_17_image_7704.jpg,17,1,0.5318791,0.5206784
pat_17_image_7705.jpg,17,1,0.30098718,0.33379784
pat_17_image_7706.jpg,17,1,0.2853944,0.24831726
pat_17_image_7707.jpg,17,1,0.39579907,0.34886917
pat_17_image_7708.jpg,17,1,0.79806393,0.7696229
pat_17_image_7709.jpg,17,1,0.7318914,0.7257118
pat_17_image_7710.jpg,17,1,0.5761865,0.5431418
pat_17_image_7711.jpg,17,1,0.2657023,0.2854655
pat_17_image_7712.jpg,17,1,0.5062175,0.44837445
pat_17_image_7713.jpg,17,1,0.47328,0.4365388
pat_17_image_7714.jpg,17,1,0.7348196,0.69948685
pat_17_image_7715.jpg,17,1,0.3892476,0.333462
pat_17_image_7716.jpg,17,1,0.4073087,0.3755887
pat_17_image_7717.jpg,17,1,0.26782137,0.26611936
pat_17_image_7718.jpg,17,1,0.506471,0.4865791
pat_17_image_7719.jpg,17,1,0.19119234,0.1587932
pat_17_image_7720.jpg,17,1,0.22999597,0.19014592
pat_17_image_7721.jpg,17,1,0.47430512,0.49625775
pat_17_image_7722.jpg,17,1,0.6691514,0.6867447
pat_17_image_7723.jpg,17,1,0.9186712,0.93226945
pat_17_image_7724.jpg,17,1,0.6203545,0.6375009
pat_17_image_7725.jpg,17,1,0.2561643,0.31110984
pat_17_image_7726.jpg,17,1,0.7690654,0.7924746
pat_17_image_7727.jpg,17,1,0.8017703,0.80383
pat_17_image_7728.jpg,17,1,0.43966058,0.4684508
pat_17_image_7729.jpg,17,1,0.7816528,0.78264093
pat_17_image_7730.jpg,17,1,0.848998,0.8539062
pat_17_image_7731.jpg,17,1,0.6667152,0.6773996
pat_17_image_7732.jpg,17,1,0.69998604,0.6853764
pat_17_image_7733.jpg,17,1,0.88236874,0.8686932
pat_17_image_7734.jpg,17,1,0.22776014,0.217174
pat_17_image_7735.jpg,17,1,0.83657295,0.80681163
pat_17_image_7736.jpg,17,1,0.4127289,0.38912567
pat_17_image_7737.jpg,17,1,0.71530646,0.7044904
pat_17_image_7738.jpg,17,1,0.6033098,0.59712
pat_17_image_7739.jpg,17,1,0.5506228,0.5829812
pat_17_image_7740.jpg,17,1,0.89024824,0.88357323
pat_17_image_7741.jpg,17,1,0.6064813,0.5723392
pat_17_image_7742.jpg,17,1,0.40877715,0.40471685
pat_17_image_7743.jpg,17,1,0.87654936,0.8624181
pat_17_image_7744.jpg,17,1,0.80275136,0.7840967
pat_17_image_7745.jpg,17,1,0.7748301,0.7249311
pat_17_image_7746.jpg,17,1,0.70237476,0.71110106
pat_17_image_7747.jpg,17,1,0.6866552,0.63731533
pat_17_image_7748.jpg,17,1,0.5593247,0.5502351
pat_17_image_7749.jpg,17,1,0.62639344,0.58537096
pat_17_image_7750.jpg,17,1,0.5801322,0.58847064
pat_17_image_7751.jpg,17,1,0.84171605,0.8243552
pat_17_image_7752.jpg,17,1,0.64998,0.590961
pat_17_image_7753.jpg,17,1,0.7693382,0.7266633
pat_17_image_7754.jpg,17,1,0.516749,0.48157206
pat_17_image_7755.jpg,17,1,0.6380993,0.6300023
pat_17_image_7756.jpg,17,1,0.7819739,0.7110289
pat_17_image_7757.jpg,17,1,0.9102637,0.9161631
pat_17_image_7758.jpg,17,1,0.59995425,0.5550012
pat_17_image_7759.jpg,17,1,0.85627174,0.83601576
pat_17_image_7760.jpg,17,1,0.92200094,0.9322738
pat_17_image_7761.jpg,17,1,0.9393501,0.93673104
pat_17_image_7762.jpg,17,1,0.6327191,0.62438345
pat_17_image_7763.jpg,17,1,0.7471855,0.7672826
pat_17_image_7764.jpg,17,1,0.5133116,0.5252005
pat_17_image_7765.jpg,17,1,0.83994484,0.84598154
pat_17_image_7766.jpg,17,1,0.73948246,0.7497295
pat_17_image_7767.jpg,17,1,0.7766426,0.74655336
pat_17_image_7768.jpg,17,1,0.8358113,0.8333881
pat_17_image_7769.jpg,17,1,0.49363878,0.46009085
pat_17_image_7770.jpg,17,1,0.513512,0.5555292
pat_17_image_7771.jpg,17,1,0.36102265,0.3377503
pat_17_image_7772.jpg,17,1,0.6839896,0.66741675
pat_17_image_7773.jpg,17,1,0.5440418,0.53707826
pat_17_image_7774.jpg,17,1,0.55014646,0.5335455
pat_17_image_7775.jpg,17,1,0.80560386,0.82724375
pat_17_image_7776.jpg,17,1,0.5404247,0.4959229
pat_17_image_7777.jpg,17,1,0.4907781,0.44366497
pat_17_image_7778.jpg,17,1,0.21506321,0.22484092
pat_17_image_7779.jpg,17,1,0.64550304,0.5918353
pat_17_image_7780.jpg,17,1,0.73936975,0.72272193
pat_17_image_7781.jpg,17,1,0.29690126,0.29784098
pat_17_image_7782.jpg,17,1,0.402728,0.36372396
pat_17_image_7783.jpg,17,1,0.43099308,0.41681233
pat_17_image_7784.jpg,17,1,0.31715548,0.3058864
pat_17_image_7785.jpg,17,1,0.55460376,0.49411836
pat_17_image_7786.jpg,17,1,0.3797535,0.348505
pat_17_image_7787.jpg,17,1,0.870086,0.84588504
pat_17_image_7788.jpg,17,1,0.43552583,0.4582548
pat_17_image_7789.jpg,17,1,0.8984103,0.8738553
pat_17_image_7790.jpg,17,1,0.35640067,0.34284988
pat_17_image_7791.jpg,17,1,0.6804322,0.6819477
pat_17_image_7792.jpg,17,1,0.6906644,0.6802167
pat_17_image_7793.jpg,17,1,0.5734863,0.63050556
pat_17_image_7794.jpg,17,1,0.3713113,0.44213966
pat_17_image_7795.jpg,17,1,0.23428223,0.23993279
pat_17_image_7796.jpg,17,1,0.76473296,0.7831201
pat_17_image_7797.jpg,17,1,0.5646813,0.48703212
pat_17_image_7798.jpg,17,1,0.6465032,0.6440934
pat_17_image_7799.jpg,17,1,0.75149107,0.75934154
pat_17_image_7800.jpg,17,1,0.3430441,0.38438427
pat_17_image_7801.jpg,17,1,0.44115564,0.46044415
pat_17_image_7802.jpg,17,1,0.4943688,0.539937
pat_17_image_7803.jpg,17,1,0.5519836,0.5710514
pat_17_image_7804.jpg,17,1,0.94314927,0.9433932
pat_17_image_7805.jpg,17,1,0.4438921,0.3958043
pat_17_image_7806.jpg,17,1,0.3844301,0.34272453
pat_17_image_7807.jpg,17,1,0.16888016,0.14693631
pat_17_image_7808.jpg,17,1,0.32132417,0.27929887
pat_17_image_7809.jpg,17,1,0.43181828,0.4324509
pat_17_image_7810.jpg,17,1,0.44066548,0.3843924
pat_17_image_7811.jpg,17,1,0.5120764,0.5188212
pat_17_image_7812.jpg,17,1,0.47713718,0.4830319
pat_17_image_7813.jpg,17,1,0.42019928,0.39861086
pat_17_image_7814.jpg,17,1,0.77199954,0.76576406
pat_17_image_7815.jpg,17,1,0.61336374,0.640451
pat_17_image_7816.jpg,17,1,0.80744123,0.83635455
pat_17_image_7817.jpg,17,1,0.43350247,0.45159954
pat_17_image_7818.jpg,17,1,0.4053172,0.45953473
pat_17_image_7819.jpg,17,1,0.69484925,0.7035281
pat_17_image_7820.jpg,17,1,0.76706785,0.7968143
pat_17_image_7821.jpg,17,1,0.85904104,0.88198066
pat_17_image_7822.jpg,17,1,0.86941695,0.90493655
pat_17_image_7823.jpg,17,1,0.7638606,0.811872
pat_17_image_7824.jpg,17,1,0.7636647,0.82197505
pat_17_image_7825.jpg,17,1,0.91179895,0.90465003
pat_17_image_7826.jpg,17,1,0.34625873,0.41841692
pat_17_image_7827.jpg,17,1,0.5136943,0.53212404
pat_17_image_7828.jpg,17,1,0.74535316,0.8136996
pat_17_image_7829.jpg,17,1,0.7788751,0.82625884
pat_17_image_7830.jpg,17,1,0.35817453,0.37234354
pat_17_image_7831.jpg,17,1,0.37132543,0.39960128
pat_17_image_7832.jpg,17,1,0.6843774,0.7429026
pat_17_image_7833.jpg,17,1,0.60336393,0.6395396
pat_17_image_7834.jpg,17,1,0.8026419,0.81741077
pat_17_image_7835.jpg,17,1,0.24181071,0.19961244
pat_17_image_7836.jpg,17,1,0.24484028,0.25313675
pat_17_image_7837.jpg,17,1,0.27238902,0.27559844
pat_17_image_7838.jpg,17,1,0.5114832,0.49089903
pat_17_image_7839.jpg,17,1,0.6033332,0.63895047
pat_17_image_7840.jpg,17,1,0.7031195,0.71553993
pat_17_image_7841.jpg,17,1,0.21605341,0.23364773
pat_17_image_7842.jpg,17,1,0.6610327,0.62774765
pat_17_image_7843.jpg,17,1,0.58696264,0.63081306
pat_17_image_7844.jpg,17,1,0.76455784,0.75839317
pat_17_image_7845.jpg,17,1,0.5134715,0.4837134
pat_17_image_7846.jpg,17,1,0.534108,0.48549378
pat_17_image_7847.jpg,17,1,0.6406634,0.5933677
pat_17_image_7848.jpg,17,1,0.42514318,0.41884494
pat_17_image_7849.jpg,17,1,0.34472236,0.34298372
pat_17_image_7850.jpg,17,1,0.70124614,0.61987
pat_17_image_7851.jpg,17,1,0.4536787,0.46723682
pat_17_image_7852.jpg,17,1,0.83173007,0.8457321
pat_17_image_7853.jpg,17,1,0.36171585,0.3087899
pat_17_image_7854.jpg,17,1,0.42530015,0.38422358
pat_17_image_7855.jpg,17,1,0.85344446,0.810933
pat_17_image_7856.jpg,17,1,0.9046211,0.8956794
pat_17_image_7857.jpg,17,1,0.8537429,0.8532829
pat_17_image_7858.jpg,17,1,0.6370875,0.6528713
pat_17_image_7859.jpg,17,1,0.49551797,0.49180847
pat_17_image_7860.jpg,17,1,0.5007026,0.44964898
pat_17_image_7861.jpg,17,1,0.70492405,0.6667969
pat_17_image_7862.jpg,17,1,0.8476679,0.84995735
pat_17_image_7863.jpg,17,1,0.9253279,0.922582
pat_17_image_7864.jpg,17,1,0.79353833,0.80598027
pat_17_image_7865.jpg,17,1,0.8577108,0.8373585
pat_17_image_7866.jpg,17,1,0.30804813,0.33756053
pat_17_image_7867.jpg,17,1,0.5408578,0.56424683
pat_17_image_7868.jpg,17,1,0.43969035,0.4074669
pat_17_image_7869.jpg,17,1,0.96974045,0.9714366
pat_17_image_7870.jpg,17,1,0.3568019,0.3575669
pat_17_image_7871.jpg,17,1,0.6734856,0.68744457
pat_17_image_7872.jpg,17,1,0.55219793,0.57933646
pat_17_image_7873.jpg,17,1,0.2209932,0.2402973
pat_17_image_7874.jpg,17,1,0.40875876,0.43737695
pat_17_image_7875.jpg,17,1,0.47183627,0.45217004
pat_17_image_7876.jpg,17,1,0.8699375,0.8825792
pat_17_image_7877.jpg,17,1,0.3049985,0.31069937
pat_17_image_7878.jpg,17,1,0.76478094,0.7942139
pat_17_image_7879.jpg,17,1,0.8151242,0.8217592
pat_17_image_7880.jpg,17,1,0.84382975,0.8237546
pat_17_image_7881.jpg,17,1,0.29117534,0.24713494
pat_17_image_7882.jpg,17,1,0.74247384,0.7598267
pat_17_image_7883.jpg,17,1,0.7888572,0.7625787
pat_17_image_7884.jpg,17,1,0.25648367,0.27086475
pat_17_image_7885.jpg,17,1,0.8073996,0.76458627
pat_17_image_7886.jpg,17,1,0.816374,0.7885415
pat_17_image_7887.jpg,17,1,0.782047,0.77124685
pat_17_image_7888.jpg,17,1,0.41903147,0.37442127
pat_17_image_7889.jpg,17,1,0.66268474,0.56874007
pat_17_image_7890.jpg,17,1,0.6648916,0.67147166
pat_17_image_7891.jpg,17,1,0.7707456,0.7311234
pat_17_image_7892.jpg,17,1,0.5334479,0.53930604
pat_17_image_7893.jpg,17,1,0.26644042,0.24686724
pat_17_image_7894.jpg,17,1,0.7256103,0.7247136
pat_17_image_7895.jpg,17,1,0.7292753,0.69973695
pat_17_image_7896.jpg,17,1,0.7978841,0.8077768
pat_17_image_7897.jpg,17,1,0.6024177,0.59048986
pat_17_image_7898.jpg,17,1,0.15031211,0.13621163
pat_17_image_7899.jpg,17,1,0.6902626,0.6567096
pat_17_image_7900.jpg,17,1,0.909374,0.90827537
pat_17_image_7901.jpg,17,1,0.7741132,0.72236246
pat_17_image_7902.jpg,17,1,0.15829974,0.133025
pat_17_image_7903.jpg,17,1,0.8024012,0.78640974
pat_17_image_7904.jpg,17,1,0.72485614,0.65950626
pat_17_image_7905.jpg,17,1,0.487215,0.4353231
pat_17_image_7906.jpg,17,1,0.71458703,0.72686946
pat_17_image_7907.jpg,17,1,0.69025385,0.6942357
pat_17_image_7908.jpg,17,1,0.8179137,0.83349293
pat_17_image_7909.jpg,17,1,0.50457734,0.5029937
pat_17_image_7910.jpg,17,1,0.4163448,0.44495338
pat_17_image_7911.jpg,17,1,0.5561594,0.5568389
pat_17_image_7912.jpg,17,1,0.59209275,0.5862288
pat_17_image_7913.jpg,17,1,0.41453302,0.4053056
pat_17_image_7914.jpg,17,1,0.7429343,0.72306305
pat_17_image_7915.jpg,17,1,0.48999113,0.446045
pat_17_image_7916.jpg,17,1,0.3653381,0.307627
pat_17_image_7917.jpg,17,1,0.35082906,0.29316455
pat_17_image_7918.jpg,17,1,0.41853762,0.39533547
pat_17_image_7919.jpg,17,1,0.654593,0.6102135
pat_17_image_7920.jpg,17,1,0.6249065,0.64441204
pat_17_image_7921.jpg,17,1,0.5891949,0.6167607
pat_17_image_7922.jpg,17,1,0.46970552,0.51640636
pat_17_image_7923.jpg,17,1,0.59179425,0.55112475
pat_17_image_7924.jpg,17,1,0.9243234,0.93383414
pat_17_image_7925.jpg,17,1,0.14408518,0.14107168
pat_17_image_7926.jpg,17,1,0.28232047,0.26548094
pat_17_image_7927.jpg,17,1,0.38878644,0.35496643
pat_17_image_7928.jpg,17,1,0.49622312,0.47288388
pat_17_image_7929.jpg,17,1,0.8447213,0.85689473
pat_17_image_7930.jpg,17,1,0.4025128,0.3996722
pat_17_image_7931.jpg,17,1,0.4720076,0.47724196
pat_17_image_7932.jpg,17,1,0.70147157,0.74741936
pat_17_image_7933.jpg,17,1,0.27838796,0.28420404
pat_17_image_7934.jpg,17,1,0.46898797,0.51327485
pat_17_image_7935.jpg,17,1,0.29761297,0.2845533
pat_17_image_7936.jpg,17,1,0.51216507,0.5387339
pat_17_image_7937.jpg,17,1,0.55306816,0.6280123
pat_17_image_7938.jpg,17,1,0.74314314,0.7710432
pat_17_image_7939.jpg,17,1,0.4461383,0.4572937
pat_17_image_7940.jpg,17,1,0.34428713,0.35273725
pat_17_image_7941.jpg,17,1,0.24224798,0.25868568
pat_17_image_7942.jpg,17,1,0.33316848,0.32836547
pat_17_image_7943.jpg,17,1,0.4384755,0.37871617
pat_17_image_7944.jpg,17,1,0.43561316,0.4104214
pat_17_image_7945.jpg,17,1,0.24363498,0.22102067
pat_17_image_7946.jpg,17,1,0.82348156,0.7793956
pat_17_image_7947.jpg,17,1,0.24970935,0.27344945
pat_17_image_7948.jpg,17,1,0.2839198,0.2941699
pat_17_image_7949.jpg,17,1,0.7628001,0.6930831
pat_17_image_7950.jpg,17,1,0.6246128,0.59951526
pat_17_image_7951.jpg,17,1,0.25598705,0.24581316
pat_17_image_7952.jpg,17,1,0.6599319,0.6091751
pat_17_image_7953.jpg,17,1,0.38625455,0.34244257
pat_17_image_7954.jpg,17,1,0.84307474,0.820271
pat_17_image_7955.jpg,17,1,0.33617255,0.30831134
pat_17_image_7956.jpg,17,1,0.3471234,0.3044076
pat_17_image_7957.jpg,17,1,0.76523185,0.7240331
pat_17_image_7958.jpg,17,1,0.43892866,0.42148286
pat_17_image_7959.jpg,17,1,0.63868386,0.6143892
pat_17_image_7960.jpg,17,1,0.46388087,0.45771766
pat_17_image_7961.jpg,17,1,0.6594323,0.63129777
pat_17_image_7962.jpg,17,1,0.42358997,0.4339263
pat_17_image_7963.jpg,17,1,0.32022578,0.25832847
pat_17_image_7964.jpg,17,1,0.7272234,0.6539498
pat_17_image_7965.jpg,17,1,0.7813488,0.7809035
pat_17_image_7966.jpg,17,1,0.8772915,0.8783897
pat_17_image_7967.jpg,17,1,0.44515672,0.43472624
pat_17_image_7968.jpg,17,1,0.6986003,0.68753123
pat_17_image_7969.jpg,17,1,0.5472985,0.51089936
pat_17_image_7970.jpg,17,1,0.38466468,0.41472018
pat_17_image_7971.jpg,17,1,0.44307107,0.37056378
pat_17_image_7972.jpg,17,1,0.75998604,0.7311479
pat_17_image_7973.jpg,17,1,0.73074937,0.68677765
pat_17_image_7974.jpg,17,1,0.4021956,0.37851068
pat_17_image_7975.jpg,17,1,0.7235684,0.7170834
pat_17_image_7976.jpg,17,1,0.6015589,0.59940654
pat_17_image_7977.jpg,17,1,0.41996065,0.3453012
pat_17_image_7978.jpg,17,1,0.5202816,0.46550083
pat_17_image_7979.jpg,17,1,0.45276362,0.3711787
pat_17_image_7980.jpg,17,1,0.5156489,0.47429022
pat_17_image_7981.jpg,17,1,0.52058655,0.4628891
pat_17_image_7982.jpg,17,1,0.27383757,0.24624228
pat_17_image_7983.jpg,17,1,0.85536253,0.84599483
pat_17_image_7984.jpg,17,1,0.17366046,0.16644168
pat_17_image_7985.jpg,17,1,0.10104785,0.09943567
pat_17_image_7986.jpg,17,1,0.18000335,0.16020802
pat_17_image_7987.jpg,17,1,0.79380804,0.77040267
pat_17_image_7988.jpg,17,1,0.73738676,0.72026914
pat_17_image_7989.jpg,17,1,0.84864974,0.84804875
pat_17_image_7990.jpg,17,1,0.7664757,0.75619763
pat_17_image_7991.jpg,17,1,0.7297391,0.7784179
pat_17_image_7992.jpg,17,1,0.7788445,0.7730035
pat_17_image_7993.jpg,17,1,0.64101976,0.64750606
pat_17_image_7994.jpg,17,1,0.5978449,0.5530973
pat_17_image_7995.jpg,17,1,0.29103726,0.2790336
pat_17_image_7996.jpg,17,1,0.5468558,0.53615916
pat_17_image_7997.jpg,17,1,0.65534586,0.57294893
pat_17_image_7998.jpg,17,1,0.38808775,0.4040963
pat_17_image_7999.jpg,17,1,0.5951316,0.57724744
pat_17_image_8000.jpg,17,1,0.5739496,0.51768786
pat_17_image_8001.jpg,17,1,0.7284059,0.6632699
pat_17_image_8002.jpg,17,1,0.44369623,0.4010451
pat_17_image_8003.jpg,17,1,0.7939096,0.756844
pat_17_image_8004.jpg,17,1,0.7974605,0.792299
pat_17_image_8005.jpg,17,1,0.6206715,0.57523996
pat_17_image_8006.jpg,17,1,0.65103126,0.6261928
pat_17_image_8007.jpg,17,1,0.55332416,0.51527005
pat_17_image_8008.jpg,17,1,0.2865268,0.2623847
pat_17_image_8009.jpg,17,1,0.36089867,0.3804231
pat_17_image_8010.jpg,17,1,0.6817867,0.6292093
pat_17_image_8011.jpg,17,1,0.7125499,0.68190265
pat_17_image_8012.jpg,17,1,0.8349925,0.8051365
pat_17_image_8013.jpg,17,1,0.42078415,0.41507977
pat_17_image_8014.jpg,17,1,0.870636,0.88405734
pat_17_image_8015.jpg,17,1,0.477131,0.47203
pat_17_image_8016.jpg,17,1,0.57010615,0.5477
pat_17_image_8017.jpg,17,1,0.78356415,0.7991247
pat_17_image_8018.jpg,17,1,0.84851015,0.8281672
pat_17_image_8019.jpg,17,1,0.7634907,0.7589946
pat_17_image_8020.jpg,17,1,0.8852474,0.8666202
pat_17_image_8021.jpg,17,1,0.3864873,0.4025677
pat_17_image_8022.jpg,17,1,0.7982858,0.7847793
pat_17_image_8023.jpg,17,1,0.37751493,0.38053617
pat_17_image_8024.jpg,17,1,0.6316951,0.632745
pat_17_image_8025.jpg,17,1,0.7290704,0.66669357
pat_17_image_8026.jpg,17,1,0.49647322,0.4707442
pat_17_image_8027.jpg,17,1,0.48193684,0.4612186
pat_17_image_8028.jpg,17,1,0.8499884,0.818725
pat_17_image_8029.jpg,17,1,0.3658411,0.32942358
pat_17_image_8030.jpg,17,1,0.6574153,0.60876775
pat_17_image_8031.jpg,17,1,0.6187555,0.68282807
pat_17_image_8032.jpg,17,1,0.5603005,0.6075833
pat_17_image_8033.jpg,17,1,0.7257463,0.7611664
pat_17_image_8034.jpg,17,1,0.5393235,0.5454345
pat_17_image_8035.jpg,17,1,0.48870492,0.56021297
pat_17_image_8036.jpg,17,1,0.37890685,0.40603012
pat_17_image_8037.jpg,17,1,0.20263378,0.2031883
pat_17_image_8038.jpg,17,1,0.6381692,0.6637022
pat_17_image_8039.jpg,17,1,0.37355715,0.40063164
pat_17_image_8040.jpg,17,1,0.35878608,0.37870315
pat_17_image_8041.jpg,17,1,0.24897893,0.2502021
pat_17_image_8042.jpg,17,1,0.33115578,0.33609837
pat_17_image_8043.jpg,17,1,0.5991642,0.6106905
pat_17_image_8044.jpg,17,1,0.4796943,0.4415067
pat_17_image_8045.jpg,17,1,0.17130703,0.18027864
pat_17_image_8046.jpg,17,1,0.43111455,0.41588992
pat_17_image_8047.jpg,17,1,0.2620259,0.2317713
pat_17_image_8048.jpg,17,1,0.68085724,0.6551603
pat_17_image_8049.jpg,17,1,0.36946392,0.3438418
pat_17_image_8050.jpg,17,1,0.3292676,0.31957573
pat_17_image_8051.jpg,17,1,0.7178825,0.6982685
pat_17_image_8052.jpg,17,1,0.47628844,0.47111005
pat_17_image_8053.jpg,17,1,0.46943772,0.49136022
pat_17_image_8054.jpg,17,1,0.53564286,0.51586354
pat_17_image_8055.jpg,17,1,0.5559178,0.5277935
pat_17_image_8056.jpg,17,1,0.16201518,0.15713485
pat_17_image_8057.jpg,17,1,0.4305207,0.432986
pat_17_image_8058.jpg,17,1,0.20061733,0.211239
pat_17_image_8059.jpg,17,1,0.6120913,0.5710395
pat_17_image_8060.jpg,17,1,0.66837144,0.6313603
pat_17_image_8061.jpg,17,1,0.70934033,0.70325077
pat_17_image_8062.jpg,17,1,0.16598229,0.14995943
pat_17_image_8063.jpg,17,1,0.6254576,0.62347585
pat_17_image_8064.jpg,17,1,0.8529382,0.8558112
pat_17_image_8065.jpg,17,1,0.24709022,0.21140978
pat_17_image_8066.jpg,17,1,0.3733377,0.41574007
pat_17_image_8067.jpg,17,1,0.30891916,0.33912888
pat_17_image_8068.jpg,17,1,0.14856407,0.16060047
pat_17_image_8069.jpg,17,1,0.4664233,0.525418
pat_17_image_8070.jpg,17,1,0.43228865,0.4733364
pat_17_image_8071.jpg,17,1,0.4365703,0.45683852
pat_17_image_8072.jpg,17,1,0.8598909,0.85447234
pat_17_image_8073.jpg,17,1,0.60809195,0.62056035
pat_17_image_8074.jpg,17,1,0.7165384,0.73833996
pat_17_image_8075.jpg,17,1,0.5708721,0.55943424
pat_17_image_8076.jpg,17,1,0.47178313,0.45771307
pat_17_image_8077.jpg,17,1,0.18576474,0.16427307
pat_17_image_8078.jpg,17,1,0.7654081,0.73629737
pat_17_image_8079.jpg,17,1,0.44289404,0.36898562
pat_17_image_8080.jpg,17,1,0.67856073,0.5819113
pat_17_image_8081.jpg,17,1,0.35928047,0.3549601
pat_17_image_8082.jpg,17,1,0.38374117,0.36147606
pat_17_image_8083.jpg,17,1,0.2763893,0.24845386
pat_17_image_8084.jpg,17,1,0.739017,0.75478435
pat_17_image_8085.jpg,17,1,0.648628,0.6962101
pat_17_image_8086.jpg,17,1,0.48796216,0.41299087
pat_17_image_8087.jpg,17,1,0.7925801,0.8120037
pat_17_image_8088.jpg,17,1,0.38671628,0.39501032
pat_17_image_8089.jpg,17,1,0.41612157,0.36314955
pat_17_image_8090.jpg,17,1,0.46394616,0.42078766
pat_17_image_8091.jpg,17,1,0.4112435,0.40970337
pat_17_image_8092.jpg,17,1,0.45316863,0.44862327
pat_17_image_8093.jpg,17,1,0.8247755,0.8364681
pat_17_image_8094.jpg,17,1,0.28228655,0.28927007
pat_17_image_8095.jpg,17,1,0.76812226,0.7796375
pat_17_image_8096.jpg,17,1,0.3679574,0.3207867
pat_17_image_8097.jpg,17,1,0.67023164,0.6476612
pat_17_image_8098.jpg,17,1,0.6917321,0.64618963
pat_17_image_8099.jpg,17,1,0.80491143,0.7627265
pat_17_image_8100.jpg,17,1,0.7328286,0.7005921
pat_17_image_8101.jpg,17,1,0.47506908,0.41697368
pat_17_image_8102.jpg,17,1,0.15258998,0.1423458
pat_17_image_8103.jpg,17,1,0.50009644,0.445904
pat_17_image_8104.jpg,17,1,0.5745635,0.5170287
pat_17_image_8105.jpg,17,1,0.20688769,0.20771186
pat_17_image_8106.jpg,17,1,0.4957477,0.5190634
pat_17_image_8107.jpg,17,1,0.24586768,0.25896448
pat_17_image_8108.jpg,17,1,0.25988346,0.2319453
pat_17_image_8109.jpg,17,1,0.57196337,0.55074656
pat_17_image_8110.jpg,17,1,0.2927292,0.2424534
pat_17_image_8111.jpg,17,1,0.55445486,0.52201754
pat_17_image_8112.jpg,17,1,0.2295915,0.24202621
pat_17_image_8113.jpg,17,1,0.60681665,0.64443535
pat_17_image_8114.jpg,17,1,0.7803481,0.78560054
pat_17_image_8115.jpg,17,1,0.45742235,0.4558273
pat_17_image_8116.jpg,17,1,0.24929562,0.23942338
pat_17_image_8117.jpg,17,1,0.5086899,0.51027435
pat_17_image_8118.jpg,17,1,0.4145727,0.39264047
pat_17_image_8119.jpg,17,1,0.32586715,0.28990388
pat_17_image_8120.jpg,17,1,0.22647522,0.22361168
pat_17_image_8121.jpg,17,1,0.108778454,0.12064898
pat_17_image_8122.jpg,17,1,0.118183315,0.10859869
pat_17_image_8123.jpg,17,1,0.583829,0.5325291
pat_17_image_8124.jpg,17,1,0.19576037,0.1752899
pat_17_image_8125.jpg,17,1,0.28020066,0.27842918
pat_17_image_8126.jpg,17,1,0.33484906,0.31876877
pat_17_image_8127.jpg,17,1,0.49838316,0.5583553
pat_17_image_8128.jpg,17,1,0.88389283,0.9136418
pat_17_image_8129.jpg,17,1,0.38616997,0.41720718
pat_17_image_8130.jpg,17,1,0.3715176,0.42170483
pat_17_image_8131.jpg,17,1,0.40247586,0.43964934
pat_17_image_8132.jpg,17,1,0.4790466,0.5223684
pat_17_image_8133.jpg,17,1,0.6980599,0.64921093
pat_17_image_8134.jpg,17,1,0.08735188,0.078330435
pat_17_image_8135.jpg,17,1,0.87331647,0.87196696
pat_17_image_8136.jpg,17,1,0.19893822,0.16346614
pat_17_image_8137.jpg,17,1,0.435927,0.44474074
pat_17_image_8138.jpg,17,1,0.83448833,0.84853905
pat_17_image_8139.jpg,17,1,0.53218436,0.55995184
pat_17_image_8140.jpg,17,1,0.59689236,0.60274106
pat_17_image_8141.jpg,17,1,0.55089015,0.5083888
pat_17_image_8142.jpg,17,1,0.6950316,0.6590718
pat_17_image_8143.jpg,17,1,0.78429407,0.80417544
pat_17_image_8144.jpg,17,1,0.50450826,0.47762793
pat_17_image_8145.jpg,17,1,0.4172379,0.41857708
pat_17_image_8146.jpg,17,1,0.4428629,0.38693756
pat_17_image_8147.jpg,17,1,0.46668974,0.39517778
pat_17_image_8148.jpg,17,1,0.6338738,0.58961546
pat_17_image_8149.jpg,17,1,0.81564313,0.8194827
pat_17_image_8150.jpg,17,1,0.7883364,0.8130243
pat_17_image_8151.jpg,17,1,0.4836431,0.42142382
pat_17_image_8152.jpg,17,1,0.74282235,0.7191536
pat_17_image_8153.jpg,17,1,0.7771859,0.7819624
pat_17_image_8154.jpg,17,1,0.58243805,0.5731021
pat_17_image_8155.jpg,17,1,0.885052,0.86863655
pat_17_image_8156.jpg,17,1,0.4329104,0.4024409
pat_17_image_8157.jpg,17,1,0.8278705,0.83318985
pat_17_image_8158.jpg,17,1,0.7436206,0.7423554
pat_17_image_8159.jpg,17,1,0.6995972,0.69844836
pat_17_image_8160.jpg,17,1,0.8867275,0.8750135
pat_17_image_8161.jpg,17,1,0.55482185,0.5061033
pat_17_image_8162.jpg,17,1,0.8863909,0.8860863
pat_17_image_8163.jpg,17,1,0.5202576,0.49562877
pat_17_image_8164.jpg,17,1,0.36116576,0.39240915
pat_17_image_8165.jpg,17,1,0.8514541,0.8320234
pat_17_image_8166.jpg,17,1,0.56569564,0.51923853
pat_17_image_8167.jpg,17,1,0.8143937,0.829113
pat_17_image_8168.jpg,17,1,0.69639945,0.68649566
pat_17_image_8169.jpg,17,1,0.4901144,0.41104984
pat_17_image_8170.jpg,17,1,0.43781,0.41141135
pat_17_image_8171.jpg,17,1,0.59756213,0.62108845
pat_17_image_8172.jpg,17,1,0.821192,0.842776
pat_17_image_8173.jpg,17,1,0.61552036,0.60576963
pat_17_image_8174.jpg,17,1,0.86500436,0.87955093
pat_17_image_8175.jpg,17,1,0.9070979,0.90462166
pat_17_image_8176.jpg,17,1,0.28883412,0.27392593
pat_17_image_8177.jpg,17,1,0.73600596,0.7056553
pat_17_image_8178.jpg,17,1,0.8337998,0.8328925
pat_17_image_8179.jpg,17,1,0.32759237,0.2862489
pat_17_image_8180.jpg,17,1,0.81290025,0.7991919
pat_17_image_8181.jpg,17,1,0.6184916,0.6320319
pat_17_image_8182.jpg,17,1,0.41815862,0.41769287
pat_17_image_8183.jpg,17,1,0.9410543,0.93876934
pat_17_image_8184.jpg,17,1,0.9202414,0.9258443
pat_17_image_8185.jpg,17,1,0.4867563,0.4845646
pat_17_image_8186.jpg,17,1,0.78251123,0.7718193
pat_17_image_8187.jpg,17,1,0.41636133,0.40807113
pat_17_image_8188.jpg,17,1,0.31976962,0.38065982
pat_17_image_8189.jpg,17,1,0.6878055,0.6473588
pat_17_image_8190.jpg,17,1,0.71076006,0.717675
pat_17_image_8191.jpg,17,1,0.89133674,0.8898412
pat_17_image_8192.jpg,17,1,0.87254965,0.8774434
pat_17_image_8193.jpg,17,1,0.3478763,0.30539384
pat_17_image_8194.jpg,17,1,0.4020741,0.45338485
pat_17_image_8195.jpg,17,1,0.7948161,0.7879875
pat_17_image_8196.jpg,17,1,0.81110793,0.78590524
pat_17_image_8197.jpg,17,1,0.6640183,0.6572287
pat_17_image_8198.jpg,17,1,0.1666569,0.16674078
pat_17_image_8199.jpg,17,1,0.26322204,0.22053002
pat_17_image_8200.jpg,17,1,0.50136226,0.5237747
pat_17_image_8201.jpg,17,1,0.2861554,0.2673491
pat_17_image_8202.jpg,17,1,0.3245991,0.29347092
pat_17_image_8203.jpg,17,1,0.84702665,0.85997975
pat_17_image_8204.jpg,17,1,0.38362512,0.35673577
pat_17_image_8205.jpg,17,1,0.54984224,0.5098569
pat_17_image_8206.jpg,17,1,0.8812106,0.85923624
pat_17_image_8207.jpg,17,1,0.8647556,0.8664801
pat_17_image_8208.jpg,17,1,0.3007352,0.28960127
pat_17_image_8209.jpg,17,1,0.19698189,0.1914374
pat_17_image_8210.jpg,17,1,0.6811203,0.70795655
pat_17_image_8211.jpg,17,1,0.895908,0.90787184
pat_17_image_8212.jpg,17,1,0.75336355,0.72850716
pat_17_image_8213.jpg,17,1,0.21540186,0.19456066
pat_17_image_8214.jpg,17,1,0.90502083,0.9073979
pat_17_image_8215.jpg,17,1,0.7724183,0.79265445
pat_17_image_8216.jpg,17,1,0.16985677,0.19271259
pat_17_image_8217.jpg,17,1,0.6885675,0.711463
pat_17_image_8218.jpg,17,1,0.42714977,0.47310948
pat_17_image_8219.jpg,17,1,0.82339627,0.85159403
pat_17_image_8220.jpg,17,1,0.47375792,0.47386208
pat_17_image_8221.jpg,17,1,0.8055231,0.8117058
pat_17_image_8222.jpg,17,1,0.9090679,0.9097402
pat_17_image_8223.jpg,17,1,0.45757055,0.49706677
pat_17_image_8224.jpg,17,1,0.6999929,0.7192666
pat_17_image_8225.jpg,17,1,0.6051362,0.5868841
pat_17_image_8226.jpg,17,1,0.63686734,0.6985676
pat_17_image_8227.jpg,17,1,0.77604836,0.78338355
pat_17_image_8228.jpg,17,1,0.26863527,0.2730303
pat_17_image_8229.jpg,17,1,0.58882976,0.6004303
pat_17_image_8230.jpg,17,1,0.66361916,0.6963742
pat_17_image_8231.jpg,17,1,0.7989744,0.7899014
pat_17_image_8232.jpg,17,1,0.6989097,0.7320735
pat_17_image_8233.jpg,17,1,0.46769038,0.45713308
pat_17_image_8234.jpg,17,1,0.9105005,0.9071196
pat_17_image_8235.jpg,17,1,0.80689245,0.8327537
pat_17_image_8236.jpg,17,1,0.24231976,0.21924946
pat_17_image_8237.jpg,17,1,0.6751994,0.6458837
pat_17_image_8238.jpg,17,1,0.5973034,0.6436667
pat_17_image_8239.jpg,17,1,0.60893214,0.6091984
pat_17_image_8240.jpg,17,1,0.86581874,0.880159
pat_17_image_8241.jpg,17,1,0.6873715,0.695223
pat_17_image_8242.jpg,17,1,0.49327123,0.4571399
pat_17_image_8243.jpg,17,1,0.89593595,0.887015
pat_17_image_8244.jpg,17,1,0.59949213,0.4728668
pat_17_image_8245.jpg,17,1,0.5785514,0.53128105
pat_17_image_8246.jpg,17,1,0.75867367,0.7631946
pat_17_image_8247.jpg,17,1,0.071123175,0.05814832
pat_17_image_8248.jpg,17,1,0.737229,0.72597426
pat_17_image_8249.jpg,17,1,0.57829905,0.5523132
pat_17_image_8250.jpg,17,1,0.26401612,0.24824883
pat_17_image_8251.jpg,17,1,0.77944577,0.7520106
pat_17_image_8252.jpg,17,1,0.30263785,0.31234217
pat_17_image_8253.jpg,17,1,0.80766904,0.76853734
pat_17_image_8254.jpg,17,1,0.24537255,0.23805471
pat_17_image_8255.jpg,17,1,0.22802345,0.20574938
pat_17_image_8256.jpg,17,1,0.2554716,0.23105289
pat_17_image_8257.jpg,17,1,0.22340211,0.24640019
pat_17_image_8258.jpg,17,1,0.20968638,0.17325804
pat_17_image_8259.jpg,17,1,0.67095476,0.61737573
pat_17_image_8260.jpg,17,1,0.8040364,0.77816
pat_17_image_8261.jpg,17,1,0.83754075,0.81211776
pat_17_image_8262.jpg,17,1,0.9211941,0.91552806
pat_17_image_8263.jpg,17,1,0.8909662,0.86351824
pat_17_image_8264.jpg,17,1,0.3958482,0.32711503
pat_17_image_8265.jpg,17,1,0.5749738,0.58348805
pat_17_image_8266.jpg,17,1,0.46221298,0.41941535
pat_17_image_8267.jpg,17,1,0.6752656,0.66247886
pat_17_image_8268.jpg,17,1,0.7682724,0.7465584
pat_17_image_8269.jpg,17,1,0.15877886,0.13909218
pat_17_image_8270.jpg,17,1,0.4716046,0.4467247
pat_17_image_8271.jpg,17,1,0.6920121,0.6460173
pat_17_image_8272.jpg,17,1,0.62520826,0.5799623
pat_17_image_8273.jpg,17,1,0.31643704,0.3234561
pat_17_image_8274.jpg,17,1,0.4061484,0.37045312
pat_17_image_8275.jpg,17,1,0.4411627,0.38316056
pat_17_image_8276.jpg,17,1,0.8080506,0.7807635
pat_17_image_8277.jpg,17,1,0.70257103,0.6441587
pat_17_image_8278.jpg,17,1,0.6921974,0.694849
pat_17_image_8279.jpg,17,1,0.7579297,0.7201318
pat_17_image_8280.jpg,17,1,0.8329323,0.827915
pat_17_image_8281.jpg,17,1,0.28034562,0.29371712
pat_17_image_8282.jpg,17,1,0.25116023,0.24798082
pat_17_image_8283.jpg,17,1,0.1959127,0.17828546
pat_17_image_8284.jpg,17,1,0.4490155,0.46452937
pat_17_image_8285.jpg,17,1,0.38707918,0.34518176
pat_17_image_8286.jpg,17,1,0.4908411,0.53723305
pat_17_image_8287.jpg,17,1,0.40338665,0.41657048
pat_17_image_8288.jpg,17,1,0.5499635,0.53951585
pat_17_image_8289.jpg,17,1,0.8249195,0.80939543
pat_17_image_8290.jpg,17,1,0.37318328,0.36892986
pat_17_image_8291.jpg,17,1,0.23903897,0.19092692
pat_17_image_8292.jpg,17,1,0.21209437,0.18680353
pat_17_image_8293.jpg,17,1,0.29030728,0.26347002
pat_17_image_8294.jpg,17,1,0.63059783,0.630445
pat_17_image_8295.jpg,17,1,0.24920313,0.27328885
pat_17_image_8296.jpg,17,1,0.21030863,0.2032371
pat_17_image_8297.jpg,17,1,0.39811614,0.43671316
pat_17_image_8298.jpg,17,1,0.7213834,0.6586648
pat_17_image_8299.jpg,17,1,0.5060163,0.4713541
pat_17_image_8300.jpg,17,1,0.8183477,0.8151133
pat_17_image_8301.jpg,17,1,0.7377345,0.70086855
pat_17_image_8302.jpg,17,1,0.3945892,0.30002502
pat_17_image_8303.jpg,17,1,0.3026319,0.30534118
pat_17_image_8304.jpg,17,1,0.3257842,0.3437895
pat_17_image_8305.jpg,17,1,0.34087685,0.2962486
pat_17_image_8306.jpg,17,1,0.52463037,0.4956355
pat_17_image_8307.jpg,17,1,0.4341447,0.40271407
pat_17_image_8308.jpg,17,1,0.37274098,0.33088756
pat_17_image_8309.jpg,17,1,0.63572204,0.65710884
pat_17_image_8310.jpg,17,1,0.6536118,0.6129338
pat_17_image_8311.jpg,17,1,0.7175587,0.7411972
pat_17_image_8312.jpg,17,1,0.90781164,0.9233107
pat_17_image_8313.jpg,17,1,0.7413017,0.7748633
pat_17_image_8314.jpg,17,1,0.40648785,0.41111755
pat_17_image_8315.jpg,17,1,0.79237926,0.83054036
pat_17_image_8316.jpg,17,1,0.8068919,0.8325828
pat_17_image_8317.jpg,17,1,0.68867123,0.69778395
pat_17_image_8318.jpg,17,1,0.7185771,0.7150824
pat_17_image_8319.jpg,17,1,0.79573387,0.76643926
pat_17_image_8320.jpg,17,1,0.59024686,0.552611
pat_17_image_8321.jpg,17,1,0.5628601,0.5276879
pat_17_image_8322.jpg,17,1,0.83216107,0.8137389
pat_17_image_8323.jpg,17,1,0.6464833,0.6217398
pat_17_image_8324.jpg,17,1,0.9108688,0.9212723
pat_17_image_8325.jpg,17,1,0.7666803,0.74902546
pat_17_image_8326.jpg,17,1,0.8537742,0.8533945
pat_17_image_8327.jpg,17,1,0.8802061,0.86407244
pat_17_image_8328.jpg,17,1,0.6640862,0.61936563
pat_17_image_8329.jpg,17,1,0.5105275,0.4883295
pat_17_image_8330.jpg,17,1,0.8719985,0.876983
pat_17_image_8331.jpg,17,1,0.9581732,0.9588313
pat_17_image_8332.jpg,17,1,0.50752556,0.45973384
pat_17_image_8333.jpg,17,1,0.7820889,0.8076705
pat_17_image_8334.jpg,17,1,0.86760974,0.8706845
pat_17_image_8335.jpg,17,1,0.6051914,0.63222474
pat_17_image_8336.jpg,17,1,0.82452875,0.8501474
pat_17_image_8337.jpg,17,1,0.39613268,0.34560296
pat_17_image_8338.jpg,17,1,0.8438573,0.8057266
pat_17_image_8339.jpg,17,1,0.21581982,0.19483288
pat_17_image_8340.jpg,17,1,0.5076693,0.4419589
pat_17_image_8341.jpg,17,1,0.8589303,0.850968
pat_17_image_8342.jpg,17,1,0.65077955,0.68458736
pat_17_image_8343.jpg,17,1,0.41465998,0.39315358
pat_17_image_8344.jpg,17,1,0.71081936,0.744516
pat_17_image_8345.jpg,17,1,0.4927421,0.4998181
pat_17_image_8346.jpg,17,1,0.6959755,0.66521865
pat_17_image_8347.jpg,17,1,0.1806943,0.19404218
pat_17_image_8348.jpg,17,1,0.5588298,0.6082881
pat_17_image_8349.jpg,17,1,0.3169484,0.32948896
pat_17_image_8350.jpg,17,1,0.4460216,0.3702871
pat_17_image_8351.jpg,17,1,0.72048765,0.68528664
pat_17_image_8352.jpg,17,1,0.6047486,0.57620287
pat_17_image_8353.jpg,17,1,0.55971783,0.5514216
pat_17_image_8354.jpg,17,1,0.4674687,0.44875214
pat_17_image_8355.jpg,17,1,0.46742985,0.49041387
pat_17_image_8356.jpg,17,1,0.6300414,0.58330774
pat_17_image_8357.jpg,17,1,0.4544366,0.45066896
pat_17_image_8358.jpg,17,1,0.59613824,0.6493917
pat_17_image_8359.jpg,17,1,0.83435595,0.82031983
pat_17_image_8360.jpg,17,1,0.31131813,0.30366716
pat_17_image_8361.jpg,17,1,0.5868399,0.5899139
pat_17_image_8362.jpg,17,1,0.3025843,0.27953222
pat_17_image_8363.jpg,17,1,0.25672287,0.18792316
pat_17_image_8364.jpg,17,1,0.5838267,0.56707966
pat_17_image_8365.jpg,17,1,0.37795204,0.31867534
pat_17_image_8366.jpg,17,1,0.76274115,0.70848495
pat_17_image_8367.jpg,17,1,0.4478188,0.40856603
pat_17_image_8368.jpg,17,1,0.76112264,0.73926383
pat_17_image_8369.jpg,17,1,0.2659415,0.28203157
pat_17_image_8370.jpg,17,1,0.3845284,0.3948427
pat_17_image_8371.jpg,17,1,0.31326318,0.28055328
pat_17_image_8372.jpg,17,1,0.17868051,0.20089239
pat_17_image_8373.jpg,17,1,0.9664366,0.96668845
pat_17_image_8374.jpg,17,1,0.523965,0.58552104
pat_17_image_8375.jpg,17,1,0.27447546,0.24933563
pat_17_image_8376.jpg,17,1,0.41246653,0.37441286
pat_17_image_8377.jpg,17,1,0.46549943,0.4610776
pat_17_image_8378.jpg,17,1,0.60551834,0.6026949
pat_17_image_8379.jpg,17,1,0.25119168,0.25302672
pat_17_image_8380.jpg,17,1,0.47672296,0.51449615
pat_17_image_8381.jpg,17,1,0.5782318,0.59923023
pat_17_image_8382.jpg,17,1,0.41446903,0.4513787
pat_17_image_8383.jpg,17,1,0.2595355,0.26561055
pat_17_image_8384.jpg,17,1,0.609159,0.55726117
pat_17_image_8385.jpg,17,1,0.3024257,0.28072643
pat_17_image_8386.jpg,17,1,0.28011143,0.33068144
pat_17_image_8387.jpg,17,1,0.753639,0.71139383
pat_17_image_8388.jpg,17,1,0.33339784,0.3197876
pat_17_image_8389.jpg,17,1,0.17030555,0.1556407
pat_17_image_8390.jpg,17,1,0.66850686,0.63937205
pat_17_image_8391.jpg,17,1,0.59654486,0.55200726
pat_17_image_8392.jpg,17,1,0.548247,0.52043766
pat_17_image_8393.jpg,17,1,0.64462674,0.5669823
pat_17_image_8394.jpg,17,1,0.890368,0.8724332
pat_17_image_8395.jpg,17,1,0.73135084,0.69946706
pat_17_image_8396.jpg,17,1,0.8436543,0.81378245
pat_17_image_8397.jpg,17,1,0.54649484,0.4838899
pat_17_image_8398.jpg,17,1,0.89460546,0.87312156
pat_17_image_8399.jpg,17,1,0.8181309,0.79524434
pat_17_image_8400.jpg,17,1,0.82553256,0.8254147
pat_17_image_8401.jpg,17,1,0.5627433,0.5098694
pat_17_image_8402.jpg,17,1,0.3096877,0.2762932
pat_17_image_8403.jpg,17,1,0.54141587,0.55110294
pat_17_image_8404.jpg,17,1,0.39093003,0.3638591
pat_17_image_8405.jpg,17,1,0.6069143,0.57852834
pat_17_image_8406.jpg,17,1,0.27939922,0.27616042
pat_17_image_8407.jpg,17,1,0.41925725,0.39610758
pat_17_image_8408.jpg,17,1,0.9172117,0.89776534
pat_17_image_8409.jpg,17,1,0.72842705,0.7126524
pat_17_image_8410.jpg,17,1,0.35421884,0.33320192
pat_17_image_8411.jpg,17,1,0.76361203,0.75688595
pat_17_image_8412.jpg,17,1,0.41371843,0.37942037
pat_17_image_8413.jpg,17,1,0.6685986,0.6959232
pat_17_image_8414.jpg,17,1,0.68225104,0.6404848
pat_17_image_8415.jpg,17,1,0.3734962,0.33701813
pat_17_image_8416.jpg,17,1,0.46218562,0.42714366
pat_17_image_8417.jpg,17,1,0.25099966,0.21812637
pat_17_image_8418.jpg,17,1,0.76169556,0.74389225
pat_17_image_8419.jpg,17,1,0.5696248,0.52080536
pat_17_image_8420.jpg,17,1,0.6353553,0.6270518
pat_17_image_8421.jpg,17,1,0.23180889,0.25630382
pat_17_image_8422.jpg,17,1,0.5423801,0.52379847
pat_17_image_8423.jpg,17,1,0.4246219,0.42632097
pat_17_image_8424.jpg,17,1,0.51067835,0.51951003
pat_17_image_8425.jpg,17,1,0.8218297,0.7807303
pat_17_image_8426.jpg,17,1,0.65903544,0.642366
pat_17_image_8427.jpg,17,1,0.7104089,0.6672034
pat_17_image_8428.jpg,17,1,0.29318732,0.35172117
pat_17_image_8429.jpg,17,1,0.14371826,0.14608252
pat_17_image_8430.jpg,17,1,0.12482969,0.13591157
pat_17_image_8431.jpg,17,1,0.56678814,0.54620653
pat_17_image_8432.jpg,17,1,0.71289724,0.69220525
pat_17_image_8433.jpg,17,1,0.92263687,0.9220856
pat_17_image_8434.jpg,17,1,0.31309593,0.27814695
pat_17_image_8435.jpg,17,1,0.3785902,0.4066002
pat_17_image_8436.jpg,17,1,0.37510237,0.42168558
pat_17_image_8437.jpg,17,1,0.91784406,0.92521775
pat_17_image_8438.jpg,17,1,0.7586891,0.79842967
pat_17_image_8439.jpg,17,1,0.41086406,0.42540202
pat_17_image_8440.jpg,17,1,0.51669365,0.5535149
pat_17_image_8441.jpg,17,1,0.83998173,0.8566887
pat_17_image_8442.jpg,17,1,0.80370003,0.8226688
pat_17_image_8443.jpg,17,1,0.5098479,0.4801386
pat_17_image_8444.jpg,17,1,0.52037853,0.48287752
pat_17_image_8445.jpg,17,1,0.8166574,0.818286
pat_17_image_8446.jpg,17,1,0.17013092,0.17284425
pat_17_image_8447.jpg,17,1,0.39062545,0.46209767
pat_17_image_8448.jpg,17,1,0.49679548,0.48475468
pat_17_image_8449.jpg,17,1,0.42506403,0.41382366
pat_17_image_8450.jpg,17,1,0.5208113,0.53555787
pat_17_image_8451.jpg,17,1,0.70172787,0.69231385
pat_17_image_8452.jpg,17,1,0.84578806,0.83147025
pat_17_image_8453.jpg,17,1,0.8480093,0.850888
pat_17_image_8454.jpg,17,1,0.7933029,0.83753765
pat_17_image_8455.jpg,17,1,0.6287274,0.5919503
pat_17_image_8456.jpg,17,1,0.89464617,0.88489527
pat_17_image_8457.jpg,17,1,0.49190596,0.51285183
pat_17_image_8458.jpg,17,1,0.17506495,0.1904743
pat_17_image_8459.jpg,17,1,0.44313896,0.45626226
pat_17_image_8460.jpg,17,1,0.7517387,0.7669848
pat_17_image_8461.jpg,17,1,0.42473286,0.38470423
pat_17_image_8462.jpg,17,1,0.7545814,0.73452234
pat_17_image_8463.jpg,17,1,0.7242804,0.71647227
pat_17_image_8464.jpg,17,1,0.48145333,0.46876585
pat_17_image_8465.jpg,17,1,0.37155715,0.32308728
pat_17_image_8466.jpg,17,1,0.18865672,0.14559732
pat_17_image_8467.jpg,17,1,0.6115742,0.58901995
pat_17_image_8468.jpg,17,1,0.14986864,0.13463256
pat_17_image_8469.jpg,17,1,0.5238596,0.49711907
pat_17_image_8470.jpg,17,1,0.41363442,0.41783294
pat_17_image_8471.jpg,17,1,0.52863145,0.5426124
pat_17_image_8472.jpg,17,1,0.34305188,0.36127073
pat_17_image_8473.jpg,17,1,0.2356875,0.25226125
pat_17_image_8474.jpg,17,1,0.91323346,0.9081361
pat_17_image_8475.jpg,17,1,0.39754033,0.32329932
pat_17_image_8476.jpg,17,1,0.31806266,0.3604732
pat_17_image_8477.jpg,17,1,0.9353156,0.9208259
pat_17_image_8478.jpg,17,1,0.3301597,0.33909664
pat_17_image_8479.jpg,17,1,0.67079693,0.65790534
pat_17_image_8480.jpg,17,1,0.26531038,0.26441145
pat_17_image_8481.jpg,17,1,0.22731069,0.22439016
pat_17_image_8482.jpg,17,1,0.51599044,0.48330483
pat_17_image_8483.jpg,17,1,0.4227936,0.3685596
pat_17_image_8484.jpg,17,1,0.28211325,0.28344432
pat_17_image_8485.jpg,17,1,0.46648315,0.43472964
pat_17_image_8486.jpg,17,1,0.15546434,0.1852799
pat_17_image_8487.jpg,17,1,0.4559213,0.4701013
pat_17_image_8488.jpg,17,1,0.56846935,0.5477142
pat_17_image_8489.jpg,17,1,0.31237966,0.28625348
pat_17_image_8490.jpg,17,1,0.66702855,0.58730656
pat_17_image_8491.jpg,17,1,0.2814808,0.26414943
pat_17_image_8492.jpg,17,1,0.48268345,0.46759096
pat_17_image_8493.jpg,17,1,0.634229,0.6617611
pat_17_image_8494.jpg,17,1,0.5461149,0.58271164
pat_17_image_8495.jpg,17,1,0.6887526,0.70563
pat_17_image_8496.jpg,17,1,0.81610256,0.7547665
pat_17_image_8497.jpg,17,1,0.6355504,0.64328414
pat_17_image_8498.jpg,17,1,0.7400665,0.7698746
pat_17_image_8499.jpg,17,1,0.8381042,0.8615372
pat_17_image_8500.jpg,17,1,0.79914206,0.8027883
pat_17_image_8501.jpg,17,1,0.87683827,0.8435693
pat_17_image_8502.jpg,17,1,0.7461235,0.7325139
pat_17_image_8503.jpg,17,1,0.602607,0.5168693
pat_17_image_8504.jpg,17,1,0.8256834,0.7954463
pat_17_image_8505.jpg,17,1,0.82989305,0.83616316
pat_17_image_8506.jpg,17,1,0.7265382,0.7336097
pat_17_image_8507.jpg,17,1,0.5464398,0.5394362
pat_17_image_8508.jpg,17,1,0.76122314,0.7217368
pat_17_image_8509.jpg,17,1,0.57457227,0.5244269
pat_17_image_8510.jpg,17,1,0.5837232,0.5662831
pat_17_image_8511.jpg,17,1,0.5167703,0.50448895
pat_17_image_8512.jpg,17,1,0.55567783,0.4951271
pat_17_image_8513.jpg,17,1,0.23122984,0.22485524
pat_17_image_8514.jpg,17,1,0.669052,0.6060632
pat_17_image_8515.jpg,17,1,0.44356316,0.3649195
pat_17_image_8516.jpg,17,1,0.6366747,0.6094681
pat_17_image_8517.jpg,17,1,0.36713156,0.3394751
pat_17_image_8518.jpg,17,1,0.74256176,0.73546344
pat_17_image_8519.jpg,17,1,0.73771054,0.723454
pat_17_image_8520.jpg,17,1,0.932382,0.92278224
pat_17_image_8521.jpg,17,1,0.36246842,0.36864284
pat_17_image_8522.jpg,17,1,0.7524316,0.70148224
pat_17_image_8523.jpg,17,1,0.7236182,0.72848624
pat_17_image_8524.jpg,17,1,0.80886626,0.7839533
pat_17_image_8525.jpg,17,1,0.46588093,0.39945105
pat_17_image_8526.jpg,17,1,0.7129984,0.68664247
pat_17_image_8527.jpg,17,1,0.9123901,0.90690076
pat_17_image_8528.jpg,17,1,0.7333337,0.71262634
pat_17_image_8529.jpg,17,1,0.50630665,0.52328986
pat_17_image_8530.jpg,17,1,0.79282135,0.7873959
pat_17_image_8531.jpg,17,1,0.60040987,0.55238575
pat_17_image_8532.jpg,17,1,0.35618958,0.33505535
pat_17_image_8533.jpg,17,1,0.39658242,0.3488415
pat_17_image_8534.jpg,17,1,0.50741273,0.54331005
pat_17_image_8535.jpg,17,1,0.4065748,0.4030553
pat_17_image_8536.jpg,17,1,0.5055275,0.58602935
pat_17_image_8537.jpg,17,1,0.5008575,0.5075569
pat_17_image_8538.jpg,17,1,0.25856906,0.24228163
pat_17_image_8539.jpg,17,1,0.313773,0.35598224
pat_17_image_8540.jpg,17,1,0.26172647,0.22323963
pat_17_image_8541.jpg,17,1,0.28408676,0.23588851
pat_17_image_8542.jpg,17,1,0.40140292,0.42579275
pat_17_image_8543.jpg,17,1,0.42668265,0.39671758
pat_17_image_8544.jpg,17,1,0.35391897,0.3859484
pat_17_image_8545.jpg,17,1,0.285838,0.24613412
pat_17_image_8546.jpg,17,1,0.5877483,0.6163794
pat_17_image_8547.jpg,17,1,0.3414635,0.3003877
pat_17_image_8548.jpg,17,1,0.53443605,0.5442666
pat_17_image_8549.jpg,17,1,0.33227995,0.3180899
pat_17_image_8550.jpg,17,1,0.39675182,0.36757767
pat_17_image_8551.jpg,17,1,0.7276482,0.7043707
pat_17_image_8552.jpg,17,1,0.28216305,0.25261986
pat_17_image_8553.jpg,17,1,0.56402886,0.5486937
pat_17_image_8554.jpg,17,1,0.67968285,0.6502968
pat_17_image_8555.jpg,17,1,0.39398366,0.39989883
pat_17_image_8556.jpg,17,1,0.16229266,0.1455037
pat_17_image_8557.jpg,17,1,0.4482595,0.48122364
pat_17_image_8558.jpg,17,1,0.30145127,0.26452386
pat_17_image_8559.jpg,17,1,0.29990023,0.31340206
pat_17_image_8560.jpg,17,1,0.27739164,0.25243196
pat_17_image_8561.jpg,17,1,0.65865546,0.69782126
pat_17_image_8562.jpg,17,1,0.52321357,0.53340644
pat_17_image_8563.jpg,17,1,0.4341486,0.3808928
pat_17_image_8564.jpg,17,1,0.5974481,0.6049646
pat_17_image_8565.jpg,17,1,0.54450375,0.6146903
pat_17_image_8566.jpg,17,1,0.78224,0.77470356
pat_17_image_8567.jpg,17,1,0.4995905,0.4943857
pat_17_image_8568.jpg,17,1,0.3766102,0.37001342
pat_17_image_8569.jpg,17,1,0.71471083,0.7411659
pat_17_image_8570.jpg,17,1,0.5068226,0.41936597
pat_17_image_8571.jpg,17,1,0.34740597,0.41066387
pat_17_image_8572.jpg,17,1,0.76491773,0.73721457
pat_17_image_8573.jpg,17,1,0.17495093,0.15993313
pat_17_image_8574.jpg,17,1,0.6974895,0.6671656
pat_17_image_8575.jpg,17,1,0.27657235,0.26517436
pat_17_image_8576.jpg,17,1,0.2761262,0.27029568
pat_17_image_8577.jpg,17,1,0.2200522,0.228051
pat_17_image_8578.jpg,17,1,0.09996269,0.08652178
pat_17_image_8579.jpg,17,1,0.5974351,0.5760462
pat_17_image_8580.jpg,17,1,0.58643675,0.5771525
pat_17_image_8581.jpg,17,1,0.7138112,0.74256384
pat_17_image_8582.jpg,17,1,0.81562775,0.83247685
pat_17_image_8583.jpg,17,1,0.45036894,0.3839484
pat_17_image_8584.jpg,17,1,0.73940665,0.7894041
pat_17_image_8585.jpg,17,1,0.6546582,0.59509814
pat_17_image_8586.jpg,17,1,0.38757533,0.4178337
pat_17_image_8587.jpg,17,1,0.8801542,0.8567749
pat_17_image_8588.jpg,17,1,0.6727498,0.70682114
pat_17_image_8589.jpg,17,1,0.35375613,0.39004913
pat_17_image_8590.jpg,17,1,0.7677325,0.7934945
pat_17_image_8591.jpg,17,1,0.74174523,0.66182876
pat_17_image_8592.jpg,17,1,0.6640836,0.6252154
pat_17_image_8593.jpg,17,1,0.7716186,0.7353984
pat_17_image_8594.jpg,17,1,0.6467279,0.6101381
pat_17_image_8595.jpg,17,1,0.39068964,0.3324533
pat_17_image_8596.jpg,17,1,0.4389258,0.4337443
pat_17_image_8597.jpg,17,1,0.8595489,0.85266167
pat_17_image_8598.jpg,17,1,0.81355643,0.7856392
pat_17_image_8599.jpg,17,1,0.28583616,0.25401753
pat_17_image_8600.jpg,17,1,0.92031324,0.9155978
pat_17_image_8601.jpg,17,1,0.43577012,0.41254047
pat_17_image_8602.jpg,17,1,0.32021824,0.2924921
pat_17_image_8603.jpg,17,1,0.6918503,0.6924525
pat_17_image_8604.jpg,17,1,0.65525985,0.5844102
pat_17_image_8605.jpg,17,1,0.7047836,0.6886837
pat_17_image_8606.jpg,17,1,0.52261627,0.47763208
pat_17_image_8607.jpg,17,1,0.75871766,0.7163083
pat_17_image_8608.jpg,17,1,0.41313273,0.3598978
pat_17_image_8609.jpg,17,1,0.527283,0.5391059
pat_17_image_8610.jpg,17,1,0.6046177,0.6096097
pat_17_image_8611.jpg,17,1,0.50680405,0.45846763
pat_17_image_8612.jpg,17,1,0.47129574,0.4618353
pat_17_image_8613.jpg,17,1,0.7807576,0.743639
pat_17_image_8614.jpg,17,1,0.17793177,0.17373972
pat_17_image_8615.jpg,17,1,0.6356787,0.626418
pat_17_image_8616.jpg,17,1,0.43533564,0.44477502
pat_17_image_8617.jpg,17,1,0.46887589,0.4401018
pat_17_image_8618.jpg,17,1,0.53993034,0.53706586
pat_17_image_8619.jpg,17,1,0.5076394,0.52243024
pat_17_image_8620.jpg,17,1,0.5547066,0.5469018
pat_17_image_8621.jpg,17,1,0.3662554,0.3361307
pat_17_image_8622.jpg,17,1,0.2970097,0.250444
pat_17_image_8623.jpg,17,1,0.61677957,0.6017886
pat_17_image_8624.jpg,17,1,0.4993288,0.49086258
pat_17_image_8625.jpg,17,1,0.649934,0.6361764
pat_17_image_8626.jpg,17,1,0.7240533,0.69315886
pat_17_image_8627.jpg,17,1,0.33008644,0.2929254
pat_17_image_8628.jpg,17,1,0.6112121,0.560668
pat_17_image_8629.jpg,17,1,0.2547983,0.2517839
pat_17_image_8630.jpg,17,1,0.6250876,0.60417336
pat_17_image_8631.jpg,17,1,0.6644823,0.61322033
pat_17_image_8632.jpg,17,1,0.5930731,0.54015917
pat_17_image_8633.jpg,17,1,0.6970096,0.6628271
pat_17_image_8634.jpg,17,1,0.4842948,0.47479534
pat_17_image_8635.jpg,17,1,0.77683014,0.77746
pat_17_image_8636.jpg,17,1,0.59115255,0.56778795
pat_17_image_8637.jpg,17,1,0.42953935,0.3895855
pat_17_image_8638.jpg,17,1,0.39547968,0.38539112
pat_17_image_8639.jpg,17,1,0.6566384,0.66994697
pat_17_image_8640.jpg,17,1,0.5690105,0.5415804
pat_17_image_8641.jpg,17,1,0.47094083,0.4333222
pat_17_image_8642.jpg,17,1,0.28928033,0.28088787
pat_17_image_8643.jpg,17,1,0.78276706,0.7988302
pat_17_image_8644.jpg,17,1,0.7246732,0.7469729
pat_17_image_8645.jpg,17,1,0.27658027,0.30298892
pat_17_image_8646.jpg,17,1,0.581382,0.5096325
pat_17_image_8647.jpg,17,1,0.67724985,0.68925303
pat_17_image_8648.jpg,17,1,0.2940803,0.27775812
pat_17_image_8649.jpg,17,1,0.2534349,0.23859036
pat_17_image_8650.jpg,17,1,0.67123085,0.6654949
pat_17_image_8651.jpg,17,1,0.43192917,0.40033287
pat_17_image_8652.jpg,17,1,0.8380493,0.8524561
pat_17_image_8653.jpg,17,1,0.6910407,0.67750746
pat_17_image_8654.jpg,17,1,0.3206024,0.36359167
pat_17_image_8655.jpg,17,1,0.764324,0.79446256
pat_17_image_8656.jpg,17,1,0.36525172,0.33794725
pat_17_image_8657.jpg,17,1,0.50080305,0.5227322
pat_17_image_8658.jpg,17,1,0.19100186,0.16617233
pat_17_image_8659.jpg,17,1,0.44671446,0.4479064
pat_17_image_8660.jpg,17,1,0.5087118,0.42420748
pat_17_image_8661.jpg,17,1,0.4164565,0.41154593
pat_17_image_8662.jpg,17,1,0.5304536,0.57260346
pat_17_image_8663.jpg,17,1,0.543831,0.44513527
pat_17_image_8664.jpg,17,1,0.6289105,0.6149442
pat_17_image_8665.jpg,17,1,0.6250716,0.6345819
pat_17_image_8666.jpg,17,1,0.75845355,0.79821366
pat_17_image_8667.jpg,17,1,0.44407547,0.4265366
pat_17_image_8668.jpg,17,1,0.43518826,0.42824125
pat_17_image_8669.jpg,17,1,0.7424423,0.7343348
pat_17_image_8670.jpg,17,1,0.26792297,0.2880735
pat_17_image_8671.jpg,17,1,0.30543682,0.26719436
pat_17_image_8672.jpg,17,1,0.7634008,0.7808425
pat_17_image_8673.jpg,17,1,0.8803468,0.8813441
pat_17_image_8674.jpg,17,1,0.40752292,0.42616302
pat_17_image_8675.jpg,17,1,0.81519014,0.8270645
pat_17_image_8676.jpg,17,1,0.5322338,0.53554076
pat_17_image_8677.jpg,17,1,0.5000558,0.5045811
pat_17_image_8678.jpg,17,1,0.3747399,0.4367015
pat_17_image_8679.jpg,17,1,0.26294923,0.27741855
pat_17_image_8680.jpg,17,1,0.35291818,0.37679642
pat_17_image_8681.jpg,17,1,0.13653037,0.1521361
pat_17_image_8682.jpg,17,1,0.38627845,0.34093788
pat_17_image_8683.jpg,17,1,0.20377833,0.20478012
pat_17_image_8684.jpg,17,1,0.81858695,0.8195802
pat_17_image_8685.jpg,17,1,0.7693142,0.7480413
pat_17_image_8686.jpg,17,1,0.72713286,0.73295087
pat_17_image_8687.jpg,17,1,0.45636293,0.3989962
pat_17_image_8688.jpg,17,1,0.45739138,0.38528496
pat_17_image_8689.jpg,17,1,0.8067833,0.7514044
pat_17_image_8690.jpg,17,1,0.9425092,0.94297
pat_17_image_8691.jpg,17,1,0.5580426,0.56341267
pat_17_image_8692.jpg,17,1,0.27780646,0.27715966
pat_17_image_8693.jpg,17,1,0.31528917,0.33239007
pat_17_image_8694.jpg,17,1,0.57884985,0.47779065
pat_17_image_8695.jpg,17,1,0.84504503,0.851139
pat_17_image_8696.jpg,17,1,0.81918013,0.818238
pat_17_image_8697.jpg,17,1,0.72621536,0.69462854
pat_17_image_8698.jpg,17,1,0.88278407,0.87039524
pat_17_image_8699.jpg,17,1,0.49327368,0.42792422
pat_17_image_8700.jpg,17,1,0.2506234,0.22788195
pat_17_image_8701.jpg,17,1,0.24314696,0.22226211
pat_17_image_8702.jpg,17,1,0.52609044,0.431657
pat_17_image_8703.jpg,17,1,0.8090764,0.7835034
pat_17_image_8704.jpg,17,1,0.690328,0.67311007
pat_17_image_8705.jpg,17,1,0.30508208,0.2767926
pat_17_image_8706.jpg,17,1,0.24327013,0.20004003
pat_17_image_8707.jpg,17,1,0.83324325,0.8333742
pat_17_image_8708.jpg,17,1,0.9783239,0.9799472
pat_17_image_8709.jpg,17,1,0.69908375,0.7304702
pat_17_image_8710.jpg,17,1,0.6040788,0.5746429
pat_17_image_8711.jpg,17,1,0.8821413,0.8566771
pat_17_image_8712.jpg,17,1,0.8743615,0.85662234
pat_17_image_8713.jpg,17,1,0.5441587,0.596241
pat_17_image_8714.jpg,17,1,0.8820931,0.87880856
pat_17_image_8715.jpg,17,1,0.7724196,0.7776622
pat_17_image_8716.jpg,17,1,0.7509513,0.7585416
pat_17_image_8717.jpg,17,1,0.21153453,0.2187809
pat_17_image_8718.jpg,17,1,0.8262107,0.8125932
pat_17_image_8719.jpg,17,1,0.51476866,0.5370749
pat_17_image_8720.jpg,17,1,0.6479906,0.5746561
pat_17_image_8721.jpg,17,1,0.53516066,0.51852596
pat_17_image_8722.jpg,17,1,0.70821816,0.6663801
pat_17_image_8723.jpg,17,1,0.6265566,0.5631506
pat_17_image_8724.jpg,17,1,0.7807907,0.7847125
pat_17_image_8725.jpg,17,1,0.3675925,0.30314615
pat_17_image_8726.jpg,17,1,0.46773013,0.40607968
pat_17_image_8727.jpg,17,1,0.78765935,0.8007961
pat_17_image_8728.jpg,17,1,0.5795487,0.5355393
pat_17_image_8729.jpg,17,1,0.78221476,0.7637914
pat_17_image_8730.jpg,17,1,0.829898,0.83392113
pat_17_image_8731.jpg,17,1,0.25745532,0.27246276
pat_17_image_8732.jpg,17,1,0.36327448,0.32866192
pat_17_image_8733.jpg,17,1,0.30050197,0.2762472
pat_17_image_8734.jpg,17,1,0.8370311,0.81375265
pat_17_image_8735.jpg,17,1,0.19676693,0.17018901
pat_17_image_8736.jpg,17,1,0.81897444,0.8239267
pat_17_image_8737.jpg,17,1,0.3102864,0.2632198
pat_17_image_8738.jpg,17,1,0.3619099,0.31808862
pat_17_image_8739.jpg,17,1,0.40861952,0.38805133
pat_17_image_8740.jpg,17,1,0.93641406,0.92780995
pat_17_image_8741.jpg,17,1,0.42748663,0.43409204
pat_17_image_8742.jpg,17,1,0.8511648,0.8384799
pat_17_image_8743.jpg,17,1,0.59282625,0.5418976
pat_17_image_8744.jpg,17,1,0.6518524,0.62430495
pat_17_image_8745.jpg,17,1,0.6744675,0.6256613
pat_17_image_8746.jpg,17,1,0.9176832,0.9055329
pat_17_image_8747.jpg,17,1,0.55130816,0.44244862
pat_17_image_8748.jpg,17,1,0.47753733,0.428472
pat_17_image_8749.jpg,17,1,0.53938544,0.46937868
pat_17_image_8750.jpg,17,1,0.56028986,0.5020535
pat_17_image_8751.jpg,17,1,0.93388814,0.9235659
pat_17_image_8752.jpg,17,1,0.49628922,0.49044564
pat_17_image_8753.jpg,17,1,0.8124068,0.787544
pat_17_image_8754.jpg,17,1,0.3392658,0.41824543
pat_17_image_8755.jpg,17,1,0.63361734,0.7275215
pat_17_image_8756.jpg,17,1,0.20642804,0.25638357
pat_17_image_8757.jpg,17,1,0.46047077,0.5747141
pat_17_image_8758.jpg,17,1,0.8064921,0.79999495
pat_17_image_8759.jpg,17,1,0.5944825,0.5943488
pat_17_image_8760.jpg,17,1,0.72766215,0.7136452
pat_17_image_8761.jpg,17,1,0.4948368,0.44898626
pat_17_image_8762.jpg,17,1,0.10581362,0.09207252
pat_17_image_8763.jpg,17,1,0.3756779,0.36240554
pat_17_image_8764.jpg,17,1,0.52484334,0.54823714
pat_17_image_8765.jpg,17,1,0.77459663,0.78501886
pat_17_image_8766.jpg,17,1,0.6093087,0.5791259
pat_17_image_8767.jpg,17,1,0.20676948,0.20702696
pat_17_image_8768.jpg,17,1,0.6925441,0.5966409
pat_17_image_8769.jpg,17,1,0.7185111,0.74077743
pat_17_image_8770.jpg,17,1,0.86278796,0.8695272
pat_17_image_8771.jpg,17,1,0.736856,0.73557484
pat_17_image_8772.jpg,17,1,0.20021701,0.20749767
pat_17_image_8773.jpg,17,1,0.2899581,0.24967368
pat_17_image_8774.jpg,17,1,0.84411526,0.8163003
pat_17_image_8775.jpg,17,1,0.29987636,0.32474262
pat_17_image_8776.jpg,17,1,0.92014563,0.9150296
pat_17_image_8777.jpg,17,1,0.79882705,0.7685509
pat_17_image_8778.jpg,17,1,0.6401909,0.6063809
pat_17_image_8779.jpg,17,1,0.76779133,0.75949556
pat_17_image_8780.jpg,17,1,0.7628256,0.7449875
pat_17_image_8781.jpg,17,1,0.5599429,0.5376403
pat_17_image_8782.jpg,17,1,0.7196839,0.69042593
pat_17_image_8783.jpg,17,1,0.8508743,0.86613685
pat_17_image_8784.jpg,17,1,0.36624515,0.3537107
pat_17_image_8785.jpg,17,1,0.81886584,0.83278936
pat_17_image_8786.jpg,17,1,0.7491306,0.7517357
pat_17_image_8787.jpg,17,1,0.6883864,0.6581243
pat_17_image_8788.jpg,17,1,0.8622269,0.8605952
pat_17_image_8789.jpg,17,1,0.6415859,0.5749322
pat_17_image_8790.jpg,17,1,0.32203385,0.29251015
pat_17_image_8791.jpg,17,1,0.5862163,0.522344
pat_17_image_8792.jpg,17,1,0.7026142,0.7039265
pat_17_image_8793.jpg,17,1,0.24857451,0.22152571
pat_17_image_8794.jpg,17,1,0.43690357,0.46413222
pat_17_image_8795.jpg,17,1,0.8740101,0.8766922
pat_17_image_8796.jpg,17,1,0.9096152,0.9084416
pat_17_image_8797.jpg,17,1,0.75348306,0.78013027
pat_17_image_8798.jpg,17,1,0.79425,0.7792142
pat_17_image_8799.jpg,17,1,0.7433729,0.77382505
pat_17_image_8800.jpg,17,1,0.1897809,0.17776653
pat_17_image_8801.jpg,17,1,0.8647759,0.83232766
pat_17_image_8802.jpg,17,1,0.6412415,0.6989089
pat_17_image_8803.jpg,17,1,0.23785917,0.20865382
pat_17_image_8804.jpg,17,1,0.3486595,0.32002684
pat_17_image_8805.jpg,17,1,0.6089422,0.5755959
pat_17_image_8806.jpg,17,1,0.59279275,0.5677376
pat_17_image_8807.jpg,17,1,0.58231384,0.5600716
pat_17_image_8808.jpg,17,1,0.8529322,0.8541433
pat_17_image_8809.jpg,17,1,0.7580752,0.8100733
pat_17_image_8810.jpg,17,1,0.7371327,0.6546296
pat_17_image_8811.jpg,17,1,0.67852026,0.6451286
pat_17_image_8812.jpg,17,1,0.29734114,0.27425054
pat_17_image_8813.jpg,17,1,0.41640326,0.4122884
pat_17_image_8814.jpg,17,1,0.5951674,0.5956341
pat_17_image_8815.jpg,17,1,0.68952626,0.6926935
pat_17_image_8816.jpg,17,1,0.6224611,0.6117806
pat_17_image_8817.jpg,17,1,0.39282346,0.4308762
pat_17_image_8818.jpg,17,1,0.41281053,0.38038185
pat_17_image_8819.jpg,17,1,0.5073501,0.493756
pat_17_image_8820.jpg,17,1,0.50788087,0.4260275
pat_17_image_8821.jpg,17,1,0.618885,0.655967
pat_17_image_8822.jpg,17,1,0.31564805,0.27580178
pat_17_image_8823.jpg,17,1,0.23389806,0.24619938
pat_17_image_8824.jpg,17,1,0.7254448,0.6933784
pat_17_image_8825.jpg,17,1,0.799122,0.7770249
pat_17_image_8826.jpg,17,1,0.8577614,0.8420097
pat_17_image_8827.jpg,17,1,0.9482405,0.94277054
pat_17_image_8828.jpg,17,1,0.83865434,0.8246794
pat_17_image_8829.jpg,17,1,0.9490632,0.95503193
pat_17_image_8830.jpg,17,1,0.67511284,0.63224006
pat_17_image_8831.jpg,17,1,0.48048165,0.45885596
pat_17_image_8832.jpg,17,1,0.94615924,0.9539886
pat_17_image_8833.jpg,17,1,0.5529259,0.4942767
pat_17_image_8834.jpg,17,1,0.43431184,0.37648898
pat_17_image_8835.jpg,17,1,0.6961615,0.6558277
pat_17_image_8836.jpg,17,1,0.09419703,0.091199
pat_17_image_8837.jpg,17,1,0.658758,0.6418049
pat_17_image_8838.jpg,17,1,0.36088428,0.40182316
pat_17_image_8839.jpg,17,1,0.47134957,0.425986
pat_17_image_8840.jpg,17,1,0.48968932,0.47859827
pat_17_image_8841.jpg,17,1,0.19407077,0.21313216
pat_17_image_8842.jpg,17,1,0.14401591,0.16465537
pat_17_image_8843.jpg,17,1,0.14522934,0.15777709
pat_17_image_8844.jpg,17,1,0.24322341,0.23577915
pat_17_image_8845.jpg,17,1,0.11834233,0.11034945
pat_17_image_8846.jpg,17,1,0.6265156,0.6282446
pat_17_image_8847.jpg,17,1,0.1711891,0.14719504
pat_17_image_8848.jpg,17,1,0.4254048,0.44527802
pat_17_image_8849.jpg,17,1,0.31058338,0.39911562
pat_17_image_8850.jpg,17,1,0.51819,0.53414714
pat_17_image_8851.jpg,17,1,0.3183379,0.29179326
pat_17_image_8852.jpg,17,1,0.60322386,0.6729759
pat_17_image_8853.jpg,17,1,0.884811,0.8851809
pat_17_image_8854.jpg,17,1,0.5350442,0.53696
pat_17_image_8855.jpg,17,1,0.72948587,0.7050785
pat_17_image_8856.jpg,17,1,0.8847202,0.8874481
pat_17_image_8857.jpg,17,1,0.80992603,0.81899965
pat_17_image_8858.jpg,17,1,0.25845176,0.23880203
pat_17_image_8859.jpg,17,1,0.5518689,0.55794513
pat_17_image_8860.jpg,17,1,0.54668146,0.57061327
pat_17_image_8861.jpg,17,1,0.5842827,0.63312113
pat_17_image_8862.jpg,17,1,0.36118412,0.3771493
pat_17_image_8863.jpg,17,1,0.6154071,0.63973284
pat_17_image_8864.jpg,17,1,0.28142062,0.30784315
pat_17_image_8865.jpg,17,1,0.33942956,0.35613102
pat_17_image_8866.jpg,17,1,0.2244767,0.20093152
pat_17_image_8867.jpg,17,1,0.14092952,0.12198527
pat_17_image_8868.jpg,17,1,0.3387785,0.3093359
pat_17_image_8869.jpg,17,1,0.46331534,0.48455924
pat_17_image_8870.jpg,17,1,0.5039598,0.4692732
pat_17_image_8871.jpg,17,1,0.8238508,0.8330773
pat_17_image_8872.jpg,17,1,0.58517176,0.6167975
pat_17_image_8873.jpg,17,1,0.55412275,0.5753162
pat_17_image_8874.jpg,17,1,0.7490224,0.7517746
pat_17_image_8875.jpg,17,1,0.76754206,0.77908486
pat_17_image_8876.jpg,17,1,0.31819734,0.26493305
pat_17_image_8877.jpg,17,1,0.5069278,0.46389326
pat_17_image_8878.jpg,17,1,0.3239112,0.29883516
pat_17_image_8879.jpg,17,1,0.25207767,0.25465217
pat_17_image_8880.jpg,17,1,0.44570413,0.38482755
pat_17_image_8881.jpg,17,1,0.45986938,0.4998092
pat_17_image_8882.jpg,17,1,0.24364592,0.23660009
pat_17_image_8883.jpg,17,1,0.34155515,0.27556735
pat_17_image_8884.jpg,17,1,0.6461513,0.6338763
pat_17_image_8885.jpg,17,1,0.421886,0.38896978
pat_17_image_8886.jpg,17,1,0.7370799,0.7373575
pat_17_image_8887.jpg,17,1,0.4627549,0.4462675
pat_17_image_8888.jpg,17,1,0.76176196,0.7286667
pat_17_image_8889.jpg,17,1,0.46405894,0.43757415
pat_17_image_8890.jpg,17,1,0.63818187,0.62975305
pat_17_image_8891.jpg,17,1,0.6998339,0.6691101
pat_17_image_8892.jpg,17,1,0.4717139,0.51827514
pat_17_image_8893.jpg,17,1,0.17974378,0.17193508
pat_17_image_8894.jpg,17,1,0.14716332,0.11809628
pat_17_image_8895.jpg,17,1,0.6336247,0.6708447
pat_17_image_8896.jpg,17,1,0.8694345,0.85057837
pat_17_image_8897.jpg,17,1,0.86927843,0.8582958
pat_17_image_8898.jpg,17,1,0.84578246,0.8558181
pat_17_image_8899.jpg,17,1,0.7899388,0.800958
pat_17_image_8900.jpg,17,1,0.3917449,0.3886787
pat_17_image_8901.jpg,17,1,0.86477345,0.8510238
pat_17_image_8902.jpg,17,1,0.54980785,0.5456998
pat_17_image_8903.jpg,17,1,0.88449854,0.8955419
pat_17_image_8904.jpg,17,1,0.65641326,0.66141236
pat_17_image_8905.jpg,17,1,0.86682636,0.87000084
pat_17_image_8906.jpg,17,1,0.49014848,0.4676551
pat_17_image_8907.jpg,17,1,0.7814162,0.78019005
pat_17_image_8908.jpg,17,1,0.7122633,0.72886866
pat_17_image_8909.jpg,17,1,0.69957805,0.69919086
pat_17_image_8910.jpg,17,1,0.8125294,0.78244466
pat_17_image_8911.jpg,17,1,0.9291736,0.9109761
pat_17_image_8912.jpg,17,1,0.5031552,0.4537854
pat_17_image_8913.jpg,17,1,0.68589437,0.69418037
pat_17_image_8914.jpg,17,1,0.6801618,0.65175337
pat_17_image_8915.jpg,17,1,0.8023949,0.791244
pat_17_image_8916.jpg,17,1,0.6425162,0.6600693
pat_17_image_8917.jpg,17,1,0.43297306,0.4279042
pat_17_image_8918.jpg,17,1,0.5366625,0.5417468
pat_17_image_8919.jpg,17,1,0.21670112,0.2394189
pat_17_image_8920.jpg,17,1,0.7798705,0.75921726
pat_17_image_8921.jpg,17,1,0.62756646,0.5944266
pat_17_image_8922.jpg,17,1,0.398301,0.36291936
pat_17_image_8923.jpg,17,1,0.21977858,0.22240911
pat_17_image_8924.jpg,17,1,0.21168774,0.22342205
pat_17_image_8925.jpg,17,1,0.4625522,0.5030697
pat_17_image_8926.jpg,17,1,0.93516827,0.9262148
pat_17_image_8927.jpg,17,1,0.9320517,0.9301159
pat_17_image_8928.jpg,17,1,0.6601263,0.65459377
pat_17_image_8929.jpg,17,1,0.54888535,0.49251452
pat_17_image_8930.jpg,17,1,0.5568333,0.521586
pat_17_image_8931.jpg,17,1,0.5472431,0.5741278
pat_17_image_8932.jpg,17,1,0.4040893,0.41447702
pat_17_image_8933.jpg,17,1,0.48822546,0.46813136
pat_17_image_8934.jpg,17,1,0.33579856,0.3810007
pat_17_image_8935.jpg,17,1,0.6223368,0.64747703
pat_17_image_8936.jpg,17,1,0.30377892,0.28472108
pat_17_image_8937.jpg,17,1,0.3809357,0.36118186
pat_17_image_8938.jpg,17,1,0.5693173,0.49637792
pat_17_image_8939.jpg,17,1,0.2371479,0.22344114
pat_17_image_8940.jpg,17,1,0.19728903,0.20481822
pat_17_image_8941.jpg,17,1,0.5211569,0.46722698
pat_17_image_8942.jpg,17,1,0.77261394,0.71736866
pat_17_image_8943.jpg,17,1,0.8704572,0.87204325
pat_17_image_8944.jpg,17,1,0.59996206,0.6161451
pat_17_image_8945.jpg,17,1,0.62040657,0.6143872
pat_17_image_8946.jpg,17,1,0.31385106,0.29919732
pat_17_image_8947.jpg,17,1,0.55109876,0.56460303
pat_17_image_8948.jpg,17,1,0.87574637,0.8858942
pat_17_image_8949.jpg,17,1,0.6389871,0.59248567
pat_17_image_8950.jpg,17,1,0.39431706,0.3733628
pat_17_image_8951.jpg,17,1,0.5787291,0.59427017
pat_17_image_8952.jpg,17,1,0.7333416,0.7625177
pat_17_image_8953.jpg,17,1,0.5015955,0.47906896
pat_17_image_8954.jpg,17,1,0.77649933,0.7387956
pat_17_image_8955.jpg,17,1,0.25267494,0.27709207
pat_17_image_8956.jpg,17,1,0.5977273,0.59583193
pat_17_image_8957.jpg,17,1,0.36385992,0.36163363
pat_17_image_8958.jpg,17,1,0.6967876,0.73306245
pat_17_image_8959.jpg,17,1,0.68066955,0.6631942
pat_17_image_8960.jpg,17,1,0.86426866,0.8753136
pat_17_image_8961.jpg,17,1,0.7294638,0.7516437
pat_17_image_8962.jpg,17,1,0.42261106,0.4397816
pat_17_image_8963.jpg,17,1,0.44787234,0.4442083
pat_17_image_8964.jpg,17,1,0.36374953,0.4025106
pat_17_image_8965.jpg,17,1,0.6812567,0.7012738
pat_17_image_8966.jpg,17,1,0.40614194,0.47954896
pat_17_image_8967.jpg,17,1,0.13957459,0.15093623
pat_17_image_8968.jpg,17,1,0.536749,0.486466
pat_17_image_8969.jpg,17,1,0.4098118,0.32304835
pat_17_image_8970.jpg,17,1,0.3837527,0.3320205
pat_17_image_8971.jpg,17,1,0.6824485,0.6942498
pat_17_image_8972.jpg,17,1,0.57757497,0.5422284
pat_17_image_8973.jpg,17,1,0.588707,0.5836242
pat_17_image_8974.jpg,17,1,0.52462053,0.46481842
pat_17_image_8975.jpg,17,1,0.53452086,0.48945108
pat_17_image_8976.jpg,17,1,0.90057176,0.8870088
pat_17_image_8977.jpg,17,1,0.6614569,0.60367745
pat_17_image_8978.jpg,17,1,0.6769456,0.70284873
pat_17_image_8979.jpg,17,1,0.6165131,0.61503196
pat_17_image_8980.jpg,17,1,0.5123246,0.5271084
pat_17_image_8981.jpg,17,1,0.76053244,0.6891505
pat_17_image_8982.jpg,17,1,0.18161659,0.18590257
pat_17_image_8983.jpg,17,1,0.442445,0.38906828
pat_17_image_8984.jpg,17,1,0.66895497,0.69432396
pat_17_image_8985.jpg,17,1,0.52986985,0.48917016
pat_17_image_8986.jpg,17,1,0.37718555,0.3414309
pat_17_image_8987.jpg,17,1,0.25557485,0.2487526
pat_17_image_8988.jpg,17,1,0.86143106,0.86361706
pat_17_image_8989.jpg,17,1,0.3139178,0.33581877
pat_17_image_8990.jpg,17,1,0.78216356,0.8261382
pat_17_image_8991.jpg,17,1,0.3359064,0.39140284
pat_17_image_8992.jpg,17,1,0.7065109,0.698598
pat_17_image_8993.jpg,17,1,0.9425521,0.94322675
pat_17_image_8994.jpg,17,1,0.6574875,0.6343238
pat_17_image_8995.jpg,17,1,0.6490648,0.5884876
pat_17_image_8996.jpg,17,1,0.5467836,0.59002686
pat_17_image_8997.jpg,17,1,0.4861038,0.50440276
pat_17_image_8998.jpg,17,1,0.6782648,0.6660428
pat_17_image_8999.jpg,17,1,0.8803297,0.88936424
pat_17_image_9000.jpg,17,1,0.42496648,0.32018545
pat_17_image_9001.jpg,17,1,0.9170695,0.9013886
pat_17_image_9002.jpg,17,1,0.8035415,0.80210507
pat_17_image_9003.jpg,17,1,0.9104466,0.9065934
pat_17_image_9004.jpg,17,1,0.8927325,0.8862457
pat_17_image_9005.jpg,17,1,0.9530893,0.950568
pat_17_image_9006.jpg,17,1,0.76988703,0.77324635
pat_17_image_9007.jpg,17,1,0.94935894,0.9459626
pat_17_image_9008.jpg,17,1,0.89282215,0.86849725
pat_17_image_9009.jpg,17,1,0.40978444,0.36206895
pat_17_image_9010.jpg,17,1,0.76838315,0.73019695
pat_17_image_9011.jpg,17,1,0.4321554,0.3704513
pat_17_image_9012.jpg,17,1,0.65361804,0.6707728
pat_17_image_9013.jpg,17,1,0.92320967,0.9159239
pat_17_image_9014.jpg,17,1,0.9354244,0.92252475
pat_17_image_9015.jpg,17,1,0.9415392,0.92996913
pat_17_image_9016.jpg,17,1,0.54623395,0.50997883
pat_17_image_9017.jpg,17,1,0.45949793,0.42102998
pat_17_image_9018.jpg,17,1,0.2223856,0.21449566
pat_17_image_9019.jpg,17,1,0.96536905,0.96304864
pat_17_image_9020.jpg,17,1,0.8110315,0.8029584
pat_17_image_9021.jpg,17,1,0.9239048,0.9239156
pat_17_image_9022.jpg,17,1,0.9482554,0.93958604
pat_17_image_9023.jpg,17,1,0.9434572,0.9500188
pat_17_image_9024.jpg,17,1,0.43172693,0.4075758
pat_17_image_9025.jpg,17,1,0.89580446,0.90627396
pat_17_image_9026.jpg,17,1,0.92386556,0.9141276
pat_17_image_9027.jpg,17,1,0.42897663,0.36005166
pat_17_image_9028.jpg,17,1,0.7387081,0.7397381
pat_17_image_9029.jpg,17,1,0.8364093,0.8090002
pat_17_image_9030.jpg,17,1,0.21639872,0.20770308
pat_17_image_9031.jpg,17,1,0.9625194,0.95887834
pat_17_image_9032.jpg,17,1,0.72965235,0.717043
pat_17_image_9033.jpg,17,1,0.5422018,0.5632401
pat_17_image_9034.jpg,17,1,0.5098008,0.45798635
pat_17_image_9035.jpg,17,1,0.86210275,0.87107193
pat_17_image_9036.jpg,17,1,0.9596173,0.9569569
pat_17_image_9037.jpg,17,1,0.6484642,0.61461055
pat_17_image_9038.jpg,17,1,0.69722754,0.66365975
pat_17_image_9039.jpg,17,1,0.70806706,0.66419643
pat_17_image_9040.jpg,17,1,0.53628844,0.5454791
pat_17_image_9041.jpg,17,1,0.8747434,0.8589931
pat_17_image_9042.jpg,17,1,0.5565226,0.49588388
pat_17_image_9043.jpg,17,1,0.84178203,0.81761235
pat_17_image_9044.jpg,17,1,0.5559176,0.58551615
pat_17_image_9045.jpg,17,1,0.77921706,0.82021856
pat_17_image_9046.jpg,17,1,0.45786956,0.46440995
pat_17_image_9047.jpg,17,1,0.6115109,0.5925897
pat_17_image_9048.jpg,17,1,0.7980431,0.8010714
pat_17_image_9049.jpg,17,1,0.8439187,0.855649
pat_17_image_9050.jpg,17,1,0.8000608,0.8309952
pat_17_image_9051.jpg,17,1,0.83667207,0.8387168
pat_17_image_9052.jpg,17,1,0.688921,0.65295815
pat_17_image_9053.jpg,17,1,0.90328807,0.9024194
pat_17_image_9054.jpg,17,1,0.81014985,0.80692655
pat_17_image_9055.jpg,17,1,0.52698725,0.5208687
pat_17_image_9056.jpg,17,1,0.7788975,0.75398815
pat_17_image_9057.jpg,17,1,0.8921726,0.89310354
pat_17_image_9058.jpg,17,1,0.94503254,0.9398478
pat_17_image_9059.jpg,17,1,0.7530301,0.75773424
pat_17_image_9060.jpg,17,1,0.8971402,0.89365405
pat_17_image_9061.jpg,17,1,0.60496956,0.6192642
pat_17_image_9062.jpg,17,1,0.7281857,0.67753905
pat_17_image_9063.jpg,17,1,0.68832105,0.66666645
pat_17_image_9064.jpg,17,1,0.51531684,0.46375844
pat_17_image_9065.jpg,17,1,0.8110838,0.78412324
pat_17_image_9066.jpg,17,1,0.84168565,0.82365006
pat_17_image_9067.jpg,17,1,0.7411288,0.7466771
pat_17_image_9068.jpg,17,1,0.5787092,0.5779178
pat_17_image_9069.jpg,17,1,0.53892887,0.5230744
pat_17_image_9070.jpg,17,1,0.3013969,0.26934314
pat_17_image_9071.jpg,17,1,0.84690994,0.85273886
pat_17_image_9072.jpg,17,1,0.90489465,0.8952868
pat_17_image_9073.jpg,17,1,0.7861202,0.7741385
pat_17_image_9074.jpg,17,1,0.27584136,0.3142734
pat_17_image_9075.jpg,17,1,0.42847136,0.39153016
pat_17_image_9076.jpg,17,1,0.42482796,0.42292914
pat_17_image_9077.jpg,17,1,0.29748872,0.28604865
pat_17_image_9078.jpg,17,1,0.6750805,0.70334154
pat_17_image_9079.jpg,17,1,0.2821364,0.2743049
pat_17_image_9080.jpg,17,1,0.60594,0.5704469
pat_17_image_9081.jpg,17,1,0.6251874,0.5995944
pat_17_image_9082.jpg,17,1,0.44473284,0.44330138
pat_17_image_9083.jpg,17,1,0.65758866,0.6511028
pat_17_image_9084.jpg,17,1,0.44786197,0.4142123
pat_17_image_9085.jpg,17,1,0.8124141,0.7692821
pat_17_image_9086.jpg,17,1,0.34251475,0.31898215
pat_17_image_9087.jpg,17,1,0.48910475,0.43172383
pat_17_image_9088.jpg,17,1,0.62966657,0.6494643
pat_17_image_9089.jpg,17,1,0.29888567,0.2908786
pat_17_image_9090.jpg,17,1,0.8100466,0.8108638
pat_17_image_9091.jpg,17,1,0.7567088,0.7024835
pat_17_image_9092.jpg,17,1,0.93132114,0.92008066
pat_17_image_9093.jpg,17,1,0.6772389,0.6493406
pat_17_image_9094.jpg,17,1,0.32234842,0.28699017
pat_17_image_9095.jpg,17,1,0.6546172,0.6253035
pat_17_image_9096.jpg,17,1,0.10709261,0.10151657
pat_17_image_9097.jpg,17,1,0.78872633,0.8030478
pat_17_image_9098.jpg,17,1,0.6757767,0.7240466
pat_17_image_9099.jpg,17,1,0.92893136,0.925982
pat_17_image_9100.jpg,17,1,0.6372485,0.63334006
pat_17_image_9101.jpg,17,1,0.17680402,0.17114764
pat_17_image_9102.jpg,17,1,0.39587384,0.37467262
pat_17_image_9103.jpg,17,1,0.34480935,0.34325966
pat_17_image_9104.jpg,17,1,0.5616907,0.54651386
pat_17_image_9105.jpg,17,1,0.35005453,0.3401945
pat_17_image_9106.jpg,17,1,0.57356864,0.57415897
pat_17_image_9107.jpg,17,1,0.6599743,0.71591413
pat_17_image_9108.jpg,17,1,0.36571136,0.35365328
pat_17_image_9109.jpg,17,1,0.5032669,0.48083737
pat_17_image_9110.jpg,17,1,0.2280728,0.27595174
pat_17_image_9111.jpg,17,1,0.8395579,0.81743807
pat_17_image_9112.jpg,17,1,0.27808455,0.27714762
pat_17_image_9113.jpg,17,1,0.8387024,0.83608884
pat_17_image_9114.jpg,17,1,0.75774366,0.7293727
pat_17_image_9115.jpg,17,1,0.83324414,0.8315854
pat_17_image_9116.jpg,17,1,0.41636768,0.37748745
pat_17_image_9117.jpg,17,1,0.87111044,0.84865624
pat_17_image_9118.jpg,17,1,0.20798051,0.16522487
pat_17_image_9119.jpg,17,1,0.76672655,0.73890316
pat_17_image_9120.jpg,17,1,0.5893695,0.62889165
pat_17_image_9121.jpg,17,1,0.38280186,0.42555276
pat_17_image_9122.jpg,17,1,0.57566273,0.60681003
pat_17_image_9123.jpg,17,1,0.74369466,0.7215816
pat_17_image_9124.jpg,17,1,0.31517693,0.25917575
pat_17_image_9125.jpg,17,1,0.4686503,0.3799944
pat_17_image_9126.jpg,17,1,0.6706847,0.6537263
pat_17_image_9127.jpg,17,1,0.9333849,0.9189938
pat_17_image_9128.jpg,17,1,0.6841346,0.6881292
pat_17_image_9129.jpg,17,1,0.9433287,0.9367229
pat_17_image_9130.jpg,17,1,0.5383424,0.51150846
pat_17_image_9131.jpg,17,1,0.6805525,0.6493685
pat_17_image_9132.jpg,17,1,0.5108837,0.5328388
pat_17_image_9133.jpg,17,1,0.9187896,0.9243609
pat_17_image_9134.jpg,17,1,0.81892353,0.8438843
pat_17_image_9135.jpg,17,1,0.7646992,0.7778778
pat_17_image_9136.jpg,17,1,0.9482202,0.9475727
pat_17_image_9137.jpg,17,1,0.70002437,0.65847296
pat_17_image_9138.jpg,17,1,0.115479775,0.09761665
pat_17_image_9139.jpg,17,1,0.7894939,0.82322997
pat_17_image_9140.jpg,17,1,0.83473307,0.8441457
pat_17_image_9141.jpg,17,1,0.36316222,0.33898515
pat_17_image_9142.jpg,17,1,0.7020829,0.7359427
pat_17_image_9143.jpg,17,1,0.8395548,0.85326
pat_17_image_9144.jpg,17,1,0.9038819,0.8933026
pat_17_image_9145.jpg,17,1,0.20949812,0.20283766
pat_17_image_9146.jpg,17,1,0.681929,0.6835811
pat_17_image_9147.jpg,17,1,0.5679441,0.5105692
pat_17_image_9148.jpg,17,1,0.25813574,0.25399452
pat_17_image_9149.jpg,17,1,0.3314085,0.3078244
pat_17_image_9150.jpg,17,1,0.6562283,0.6482463
pat_17_image_9151.jpg,17,1,0.3981123,0.39163932
pat_17_image_9152.jpg,17,1,0.40599653,0.376565
pat_17_image_9153.jpg,17,1,0.51835316,0.49618882
pat_17_image_9154.jpg,17,1,0.5136065,0.46810803
pat_17_image_9155.jpg,17,1,0.30235714,0.2767861
pat_17_image_9156.jpg,17,1,0.70581824,0.6602274
pat_17_image_9157.jpg,17,1,0.23585889,0.24770983
pat_17_image_9158.jpg,17,1,0.22391513,0.209064
pat_17_image_9159.jpg,17,1,0.42775548,0.38996083
pat_17_image_9160.jpg,17,1,0.5079649,0.47713757
pat_17_image_9161.jpg,17,1,0.402984,0.46505365
pat_17_image_9162.jpg,17,1,0.29088977,0.308019
pat_17_image_9163.jpg,17,1,0.62753975,0.6062037
pat_17_image_9164.jpg,17,1,0.85129017,0.8609675
pat_17_image_9165.jpg,17,1,0.3935068,0.3932107
pat_17_image_9166.jpg,17,1,0.21609059,0.20531943
pat_17_image_9167.jpg,17,1,0.48907062,0.46930715
pat_17_image_9168.jpg,17,1,0.3959126,0.42815945
pat_17_image_9169.jpg,17,1,0.78348875,0.7805848
pat_17_image_9170.jpg,17,1,0.72374356,0.7635079
pat_17_image_9171.jpg,17,1,0.16360544,0.18252674
pat_17_image_9172.jpg,17,1,0.454369,0.41020533
pat_17_image_9173.jpg,17,1,0.8078152,0.78804773
pat_17_image_9174.jpg,17,1,0.431427,0.37224728
pat_17_image_9175.jpg,17,1,0.35257527,0.3253567
pat_17_image_9176.jpg,17,1,0.5107711,0.46967995
pat_17_image_9177.jpg,17,1,0.56915426,0.562046
pat_17_image_9178.jpg,17,1,0.24694352,0.24973041
pat_17_image_9179.jpg,17,1,0.16156249,0.12027685
pat_17_image_9180.jpg,17,1,0.47653198,0.47007424
pat_17_image_9181.jpg,17,1,0.43360862,0.38365993
pat_17_image_9182.jpg,17,1,0.21209113,0.18980844
pat_17_image_9183.jpg,17,1,0.45561808,0.45023918
pat_17_image_9184.jpg,17,1,0.37080622,0.3743172
pat_17_image_9185.jpg,17,1,0.79102266,0.7641366
pat_17_image_9186.jpg,17,1,0.25348437,0.2560393
pat_17_image_9187.jpg,17,1,0.6987599,0.6778134
pat_17_image_9188.jpg,17,1,0.7999729,0.7902785
pat_17_image_9189.jpg,17,1,0.38647795,0.36788592
pat_17_image_9190.jpg,17,1,0.44812453,0.44980466
pat_17_image_9191.jpg,17,1,0.73735476,0.6582362
pat_17_image_9192.jpg,17,1,0.7224172,0.72762674
pat_17_image_9193.jpg,17,1,0.5744368,0.52233356
pat_17_image_9194.jpg,17,1,0.5839108,0.54427195
pat_17_image_9195.jpg,17,1,0.6341503,0.61323905
pat_17_image_9196.jpg,17,1,0.9243813,0.9295644
pat_17_image_9197.jpg,17,1,0.7695702,0.76049805
pat_17_image_9198.jpg,17,1,0.92960805,0.9234821
pat_17_image_9199.jpg,17,1,0.7578352,0.7213411
pat_17_image_9200.jpg,17,1,0.8128819,0.78947383
pat_17_image_9201.jpg,17,1,0.30923054,0.2826609
pat_17_image_9202.jpg,17,1,0.8494994,0.8680239
pat_17_image_9203.jpg,17,1,0.94420564,0.94483924
pat_17_image_9204.jpg,17,1,0.90311235,0.8909027
pat_17_image_9205.jpg,17,1,0.90215015,0.91154283
pat_17_image_9206.jpg,17,1,0.8252563,0.8051192
pat_17_image_9207.jpg,17,1,0.9315853,0.9368143
pat_17_image_9208.jpg,17,1,0.30882335,0.2709219
pat_17_image_9209.jpg,17,1,0.24695306,0.20989604
pat_17_image_9210.jpg,17,1,0.9673863,0.9613528
pat_17_image_9211.jpg,17,1,0.981683,0.9806847
pat_17_image_9212.jpg,17,1,0.8788393,0.86224526
pat_17_image_9213.jpg,17,1,0.9506994,0.9475945
pat_17_image_9214.jpg,17,1,0.698351,0.6960671
pat_17_image_9215.jpg,17,1,0.3424142,0.30690086
pat_17_image_9216.jpg,17,1,0.65548855,0.63310754
pat_17_image_9217.jpg,17,1,0.74442655,0.72109973
pat_17_image_9218.jpg,17,1,0.6665084,0.6510764
pat_17_image_9219.jpg,17,1,0.58583754,0.5876943
pat_17_image_9220.jpg,17,1,0.44253772,0.35555798
pat_17_image_9221.jpg,17,1,0.8605795,0.84506255
pat_17_image_9222.jpg,17,1,0.40602937,0.3450165
pat_17_image_9223.jpg,17,1,0.88490415,0.8398677
pat_17_image_9224.jpg,17,1,0.57557726,0.5809913
pat_17_image_9225.jpg,17,1,0.5306048,0.52935934
pat_17_image_9226.jpg,17,1,0.587144,0.6014655
pat_17_image_9227.jpg,17,1,0.37239194,0.35447642
pat_17_image_9228.jpg,17,1,0.72924507,0.7126303
pat_17_image_9229.jpg,17,1,0.17779677,0.16509081
pat_17_image_9230.jpg,17,1,0.44195926,0.4290769
pat_17_image_9231.jpg,17,1,0.49074864,0.48762393
pat_17_image_9232.jpg,17,1,0.55341434,0.49077275
pat_17_image_9233.jpg,17,1,0.63566875,0.62190086
pat_17_image_9234.jpg,17,1,0.5468109,0.5367924
pat_17_image_9235.jpg,17,1,0.8845851,0.87254477
pat_17_image_9236.jpg,17,1,0.7715646,0.7384701
pat_17_image_9237.jpg,17,1,0.06709435,0.06775548
pat_17_image_9238.jpg,17,1,0.7317002,0.73603976
pat_17_image_9239.jpg,17,1,0.90338343,0.8974233
pat_17_image_9240.jpg,17,1,0.9437999,0.943617
pat_17_image_9241.jpg,17,1,0.54815763,0.5746824
pat_17_image_9242.jpg,17,1,0.51546407,0.4753716
pat_17_image_9243.jpg,17,1,0.5532047,0.51781964
pat_17_image_9244.jpg,17,1,0.706315,0.7370513
pat_17_image_9245.jpg,17,1,0.55204433,0.5631051
pat_17_image_9246.jpg,17,1,0.5672123,0.54571444
pat_17_image_9247.jpg,17,1,0.3966866,0.34366572
pat_17_image_9248.jpg,17,1,0.5694221,0.56107974
pat_17_image_9249.jpg,17,1,0.5142841,0.5539161
pat_17_image_9250.jpg,17,1,0.43271312,0.3843441
pat_17_image_9251.jpg,17,1,0.84665024,0.84777796
pat_17_image_9252.jpg,17,1,0.5739932,0.52984655
pat_17_image_9253.jpg,17,1,0.1352566,0.14113939
pat_17_image_9254.jpg,17,1,0.86074823,0.85520095
pat_17_image_9255.jpg,17,1,0.8390208,0.82466704
pat_17_image_9256.jpg,17,1,0.5395485,0.50408584
pat_17_image_9257.jpg,17,1,0.60760725,0.60929215
pat_17_image_9258.jpg,17,1,0.6456352,0.62112516
pat_17_image_9259.jpg,17,1,0.31324106,0.3047567
pat_17_image_9260.jpg,17,1,0.7847632,0.8043341
pat_17_image_9261.jpg,17,1,0.69357365,0.6917789
pat_17_image_9262.jpg,17,1,0.13343248,0.1107752
pat_17_image_9263.jpg,17,1,0.677156,0.61762184
pat_17_image_9264.jpg,17,1,0.6136763,0.5835712
pat_17_image_9265.jpg,17,1,0.76894933,0.80849344
pat_17_image_9266.jpg,17,1,0.69785595,0.6984152
pat_17_image_9267.jpg,17,1,0.6166218,0.579998
pat_17_image_9268.jpg,17,1,0.52256453,0.50561917
pat_17_image_9269.jpg,17,1,0.43507487,0.4146863
pat_17_image_9270.jpg,17,1,0.80603975,0.79920065
pat_17_image_9271.jpg,17,1,0.5631653,0.55832326
pat_17_image_9272.jpg,17,1,0.3369755,0.31867155
pat_17_image_9273.jpg,17,1,0.37981212,0.3120407
pat_17_image_9274.jpg,17,1,0.61957985,0.624182
pat_17_image_9275.jpg,17,1,0.86066514,0.84855604
pat_17_image_9276.jpg,17,1,0.8156707,0.81430054
pat_17_image_9277.jpg,17,1,0.8662948,0.8661658
pat_17_image_9278.jpg,17,1,0.85685354,0.8380977
pat_17_image_9279.jpg,17,1,0.80127645,0.79897255
pat_17_image_9280.jpg,17,1,0.33115068,0.3073932
pat_17_image_9281.jpg,17,1,0.30989647,0.35102832
pat_17_image_9282.jpg,17,1,0.7279143,0.746537
pat_17_image_9283.jpg,17,1,0.32574674,0.26648715
pat_17_image_9284.jpg,17,1,0.44106758,0.44011253
pat_17_image_9285.jpg,17,1,0.9426505,0.9466691
pat_17_image_9286.jpg,17,1,0.4468224,0.44864735
pat_17_image_9287.jpg,17,1,0.76487184,0.72949326
pat_17_image_9288.jpg,17,1,0.7860122,0.7980881
pat_17_image_9289.jpg,17,1,0.70253795,0.6993884
pat_17_image_9290.jpg,17,1,0.27036047,0.2497621
pat_17_image_9291.jpg,17,1,0.3482313,0.3671567
pat_17_image_9292.jpg,17,1,0.19231604,0.21608597
pat_17_image_9293.jpg,17,1,0.20689763,0.18937716
pat_17_image_9294.jpg,17,1,0.2237575,0.18847871
pat_17_image_9295.jpg,17,1,0.5503543,0.571234
pat_17_image_9296.jpg,17,1,0.63416916,0.65438753
pat_17_image_9297.jpg,17,1,0.6208817,0.6849072
pat_17_image_9298.jpg,17,1,0.20407183,0.2426492
pat_17_image_9299.jpg,17,1,0.581888,0.6593977
pat_17_image_9300.jpg,17,1,0.33654094,0.30874243
pat_17_image_9301.jpg,17,1,0.6225811,0.64050746
pat_17_image_9302.jpg,17,1,0.27253327,0.29822317
pat_17_image_9303.jpg,17,1,0.47158608,0.51507604
pat_17_image_9304.jpg,17,1,0.6939909,0.76887053
pat_17_image_9305.jpg,17,1,0.3294921,0.28848797
pat_17_image_9306.jpg,17,1,0.604662,0.5793696
pat_17_image_9307.jpg,17,1,0.71701235,0.7575728
pat_17_image_9308.jpg,17,1,0.2978472,0.27604708
pat_17_image_9309.jpg,17,1,0.736597,0.68995667
pat_17_image_9310.jpg,17,1,0.8195877,0.8073415
pat_17_image_9311.jpg,17,1,0.3530776,0.35494968
pat_17_image_9312.jpg,17,1,0.2247076,0.2833336
pat_17_image_9313.jpg,17,1,0.52169776,0.49133858
pat_17_image_9314.jpg,17,1,0.402169,0.38953292
pat_17_image_9315.jpg,17,1,0.5361263,0.4854041
pat_17_image_9316.jpg,17,1,0.646914,0.62383556
pat_17_image_9317.jpg,17,1,0.7018707,0.6745446
pat_17_image_9318.jpg,17,1,0.2942365,0.2964909
pat_17_image_9319.jpg,17,1,0.20507409,0.18061338
pat_17_image_9320.jpg,17,1,0.4716693,0.5212572
pat_17_image_9321.jpg,17,1,0.22886622,0.24880406
pat_17_image_9322.jpg,17,1,0.1687257,0.15790033
pat_17_image_9323.jpg,17,1,0.8671035,0.8709554
pat_17_image_9324.jpg,17,1,0.74977064,0.7157156
pat_17_image_9325.jpg,17,1,0.34444675,0.34854093
pat_17_image_9326.jpg,17,1,0.3874376,0.34615386
pat_17_image_9327.jpg,17,1,0.92005867,0.92826086
pat_17_image_9328.jpg,17,1,0.3095386,0.28733078
pat_17_image_9329.jpg,17,1,0.39969876,0.33441475
pat_17_image_9330.jpg,17,1,0.58938366,0.62759954
pat_17_image_9331.jpg,17,1,0.66118854,0.63484806
pat_17_image_9332.jpg,17,1,0.25701967,0.25359735
pat_17_image_9333.jpg,17,1,0.8604193,0.864267
pat_17_image_9334.jpg,17,1,0.30380633,0.2509756
pat_17_image_9335.jpg,17,1,0.5225894,0.47985268
pat_17_image_9336.jpg,17,1,0.6307771,0.63731474
pat_17_image_9337.jpg,17,1,0.84895176,0.8557558
pat_17_image_9338.jpg,17,1,0.7712848,0.7172227
pat_17_image_9339.jpg,17,1,0.74202216,0.7211665
pat_17_image_9340.jpg,17,1,0.90684074,0.9090104
pat_17_image_9341.jpg,17,1,0.6289153,0.627816
pat_17_image_9342.jpg,17,1,0.90080386,0.912213
pat_17_image_9343.jpg,17,1,0.84633434,0.84738934
pat_17_image_9344.jpg,17,1,0.6217939,0.5879528
pat_17_image_9345.jpg,17,1,0.42456776,0.401626
pat_17_image_9346.jpg,17,1,0.33009216,0.29168838
pat_17_image_9347.jpg,17,1,0.90571946,0.89623296
pat_17_image_9348.jpg,17,1,0.7011499,0.71416414
pat_17_image_9349.jpg,17,1,0.47258672,0.40818673
pat_17_image_9350.jpg,17,1,0.43069997,0.3973414
pat_17_image_9351.jpg,17,1,0.5318948,0.4706479
pat_17_image_9352.jpg,17,1,0.6089917,0.59556913
pat_17_image_9353.jpg,17,1,0.5040805,0.54681796
pat_17_image_9354.jpg,17,1,0.8425619,0.8082923
pat_17_image_9355.jpg,17,1,0.955893,0.9504666
pat_17_image_9356.jpg,17,1,0.8078798,0.77222615
pat_17_image_9357.jpg,17,1,0.61345494,0.61031896
pat_17_image_9358.jpg,17,1,0.5575926,0.5194502
pat_17_image_9359.jpg,17,1,0.68897825,0.6612011
pat_17_image_9360.jpg,17,1,0.28448564,0.2246433
pat_17_image_9361.jpg,17,1,0.7534294,0.77180153
pat_17_image_9362.jpg,17,1,0.8041481,0.762358
pat_17_image_9363.jpg,17,1,0.4180625,0.38664684
pat_17_image_9364.jpg,17,1,0.4250967,0.33479404
pat_17_image_9365.jpg,17,1,0.5861516,0.54305255
pat_17_image_9366.jpg,17,1,0.8079577,0.7497764
pat_17_image_9367.jpg,17,1,0.35698605,0.41018018
pat_17_image_9368.jpg,17,1,0.5024706,0.5798444
pat_17_image_9369.jpg,17,1,0.2045622,0.21458192
pat_17_image_9370.jpg,17,1,0.86703295,0.8930545
pat_17_image_9371.jpg,17,1,0.8086689,0.81726015
pat_17_image_9372.jpg,17,1,0.8609874,0.84541225
pat_17_image_9373.jpg,17,1,0.78545797,0.7834576
pat_17_image_9374.jpg,17,1,0.4036459,0.3605486
pat_17_image_9375.jpg,17,1,0.45797205,0.3870583
pat_17_image_9376.jpg,17,1,0.54785985,0.5138241
pat_17_image_9377.jpg,17,1,0.71451724,0.68144053
pat_17_image_9378.jpg,17,1,0.72236854,0.6910114
pat_17_image_9379.jpg,17,1,0.8978343,0.87593114
pat_17_image_9380.jpg,17,1,0.44688657,0.40575448
pat_17_image_9381.jpg,17,1,0.6612178,0.6438156
pat_17_image_9382.jpg,17,1,0.49317333,0.55615854
pat_17_image_9383.jpg,17,1,0.44937778,0.4693013
pat_17_image_9384.jpg,17,1,0.63024825,0.60004574
pat_17_image_9385.jpg,17,1,0.29581392,0.28255287
pat_17_image_9386.jpg,17,1,0.8208939,0.8159445
pat_17_image_9387.jpg,17,1,0.87837285,0.86026216
pat_17_image_9388.jpg,17,1,0.4435366,0.42295596
pat_17_image_9389.jpg,17,1,0.9564514,0.95094
pat_17_image_9390.jpg,17,1,0.65804815,0.6269921
pat_17_image_9391.jpg,17,1,0.8740643,0.8768057
pat_17_image_9392.jpg,17,1,0.4343991,0.35827067
pat_17_image_9393.jpg,17,1,0.6828042,0.63193655
pat_17_image_9394.jpg,17,1,0.7493069,0.7287072
pat_17_image_9395.jpg,17,1,0.4485143,0.41860783
pat_17_image_9396.jpg,17,1,0.68957424,0.6723432
pat_17_image_9397.jpg,17,1,0.60413134,0.5769609
pat_17_image_9398.jpg,17,1,0.4287718,0.37377906
pat_17_image_9399.jpg,17,1,0.5794861,0.6282019
pat_17_image_9400.jpg,17,1,0.38637993,0.3537536
pat_17_image_9401.jpg,17,1,0.596718,0.56400216
pat_17_image_9402.jpg,17,1,0.3868365,0.32935235
pat_17_image_9403.jpg,17,1,0.32712397,0.3187296
pat_17_image_9404.jpg,17,1,0.5881649,0.5031716
pat_17_image_9405.jpg,17,1,0.45715013,0.39919135
pat_17_image_9406.jpg,17,1,0.6337759,0.63225526
pat_17_image_9407.jpg,17,1,0.3216954,0.30170605
pat_17_image_9408.jpg,17,1,0.6618575,0.6318075
pat_17_image_9409.jpg,17,1,0.65997934,0.58129066
pat_17_image_9410.jpg,17,1,0.7011433,0.6437838
pat_17_image_9411.jpg,17,1,0.39892834,0.31827465
pat_17_image_9412.jpg,17,1,0.5718944,0.48426843
pat_17_image_9413.jpg,17,1,0.3753737,0.32162657
pat_17_image_9414.jpg,17,1,0.15668169,0.15823305
pat_17_image_9415.jpg,17,1,0.41000408,0.38567257
pat_17_image_9416.jpg,17,1,0.8102543,0.7827662
pat_17_image_9417.jpg,17,1,0.7534815,0.68416965
pat_17_image_9418.jpg,17,1,0.34521505,0.2784673
pat_17_image_9419.jpg,17,1,0.43384612,0.43329972
pat_17_image_9420.jpg,17,1,0.35301968,0.39007905
pat_17_image_9421.jpg,17,1,0.3274375,0.3308964
pat_17_image_9422.jpg,17,1,0.28749993,0.2690118
pat_17_image_9423.jpg,17,1,0.44378787,0.43593246
pat_17_image_9424.jpg,17,1,0.36415753,0.4102057
pat_17_image_9425.jpg,17,1,0.49034372,0.4407886
pat_17_image_9426.jpg,17,1,0.43852428,0.44907174
pat_17_image_9427.jpg,17,1,0.8353802,0.8305522
pat_17_image_9428.jpg,17,1,0.5543683,0.5088736
pat_17_image_9429.jpg,17,1,0.73243517,0.7059558
pat_17_image_9430.jpg,17,1,0.4125412,0.39116573
pat_17_image_9431.jpg,17,1,0.78425634,0.76955026
pat_17_image_9432.jpg,17,1,0.5927433,0.53612167
pat_17_image_9433.jpg,17,1,0.19340454,0.19311917
pat_17_image_9434.jpg,17,1,0.59318525,0.63310564
pat_17_image_9435.jpg,17,1,0.53242314,0.551368
pat_17_image_9436.jpg,17,1,0.9415329,0.94443756
pat_17_image_9437.jpg,17,1,0.8332285,0.8017662
pat_17_image_9438.jpg,17,1,0.68898517,0.6935352
pat_17_image_9439.jpg,17,1,0.39083457,0.38427213
pat_17_image_9440.jpg,17,1,0.9060387,0.89670527
pat_17_image_9441.jpg,17,1,0.6430099,0.6292517
pat_17_image_9442.jpg,17,1,0.8093397,0.7455517
pat_17_image_9443.jpg,17,1,0.680041,0.62194973
pat_17_image_9444.jpg,17,1,0.50469303,0.46887925
pat_17_image_9445.jpg,17,1,0.43795383,0.41817087
pat_17_image_9446.jpg,17,1,0.41571528,0.3593241
pat_17_image_9447.jpg,17,1,0.78674406,0.78223276
pat_17_image_9448.jpg,17,1,0.56964624,0.53909373
pat_17_image_9449.jpg,17,1,0.83178324,0.8484875
pat_17_image_9450.jpg,17,1,0.88201004,0.882741
pat_17_image_9451.jpg,17,1,0.6343296,0.63112277
pat_17_image_9452.jpg,17,1,0.6665976,0.65398246
pat_17_image_9453.jpg,17,1,0.84859616,0.8326415
pat_17_image_9454.jpg,17,1,0.6059849,0.51857084
pat_17_image_9455.jpg,17,1,0.8197145,0.81463456
pat_17_image_9456.jpg,17,1,0.4481755,0.4602807
pat_17_image_9457.jpg,17,1,0.36847153,0.31754714
pat_17_image_9458.jpg,17,1,0.40582347,0.34516424
pat_17_image_9459.jpg,17,1,0.5667811,0.49050462
pat_17_image_9460.jpg,17,1,0.895158,0.897951
pat_17_image_9461.jpg,17,1,0.8736395,0.8634917
pat_17_image_9462.jpg,17,1,0.5529036,0.5102999
pat_17_image_9463.jpg,17,1,0.33823505,0.2874285
pat_17_image_9464.jpg,17,1,0.29249468,0.26329753
pat_17_image_9465.jpg,17,1,0.40383884,0.37596843
pat_17_image_9466.jpg,17,1,0.46955997,0.44915316
pat_17_image_9467.jpg,17,1,0.9183263,0.9084963
pat_17_image_9468.jpg,17,1,0.87433577,0.86014414
pat_17_image_9469.jpg,17,1,0.686007,0.71221685
pat_17_image_9470.jpg,17,1,0.61094,0.6424325
pat_17_image_9471.jpg,17,1,0.24692886,0.23328584
pat_17_image_9472.jpg,17,1,0.34794152,0.30640927
pat_17_image_9473.jpg,17,1,0.29241988,0.23287629
pat_17_image_9474.jpg,17,1,0.16373004,0.14406729
pat_17_image_9475.jpg,17,1,0.14171915,0.122487895
pat_17_image_9476.jpg,17,1,0.7851886,0.81978905
pat_17_image_9477.jpg,17,1,0.8646585,0.8716717
pat_17_image_9478.jpg,17,1,0.21886781,0.22272274
pat_17_image_9479.jpg,17,1,0.45976046,0.4783342
pat_17_image_9480.jpg,17,1,0.7737075,0.74381876
pat_17_image_9481.jpg,17,1,0.6471482,0.62811005
pat_17_image_9482.jpg,17,1,0.8181995,0.8221755
pat_17_image_9483.jpg,17,1,0.9381391,0.9420488
pat_17_image_9484.jpg,17,1,0.95862687,0.96056575
pat_17_image_9485.jpg,17,1,0.55561644,0.49986157
pat_17_image_9486.jpg,17,1,0.49978682,0.4341802
pat_17_image_9487.jpg,17,1,0.6629608,0.6466598
pat_17_image_9488.jpg,17,1,0.71297467,0.70855105
pat_17_image_9489.jpg,17,1,0.22414936,0.22070949
pat_17_image_9490.jpg,17,1,0.91138804,0.9166211
pat_17_image_9491.jpg,17,1,0.32742602,0.315784
pat_17_image_9492.jpg,17,1,0.35236445,0.34721887
pat_17_image_9493.jpg,17,1,0.91180223,0.90565383
pat_17_image_9494.jpg,17,1,0.49323452,0.49434328
pat_17_image_9495.jpg,17,1,0.65380496,0.64162356
pat_17_image_9496.jpg,17,1,0.50282496,0.50795734
pat_17_image_9497.jpg,17,1,0.5722839,0.633992
pat_17_image_9498.jpg,17,1,0.6694747,0.7025474
pat_17_image_9499.jpg,17,1,0.21760933,0.25317582
pat_17_image_9500.jpg,17,1,0.6700627,0.6755834
pat_17_image_9501.jpg,17,1,0.42100614,0.35271823
pat_17_image_9502.jpg,17,1,0.8219925,0.7997325
pat_17_image_9503.jpg,17,1,0.3718664,0.3392492
pat_17_image_9504.jpg,17,1,0.6812394,0.6567364
pat_17_image_9505.jpg,17,1,0.51463974,0.47673267
pat_17_image_9506.jpg,17,1,0.7868199,0.7539203
pat_17_image_9507.jpg,17,1,0.48994827,0.47265857
pat_17_image_9508.jpg,17,1,0.37508646,0.40653613
pat_17_image_9509.jpg,17,1,0.71743274,0.71804696
pat_17_image_9510.jpg,17,1,0.8617059,0.87428063
pat_17_image_9511.jpg,17,1,0.67799705,0.65638965
pat_17_image_9512.jpg,17,1,0.53824365,0.4476914
pat_17_image_9513.jpg,17,1,0.72398543,0.69912815
pat_17_image_9514.jpg,17,1,0.67526954,0.67010236
pat_17_image_9515.jpg,17,1,0.451943,0.45724323
pat_17_image_9516.jpg,17,1,0.75174713,0.769059
pat_17_image_9517.jpg,17,1,0.37730208,0.40689147
pat_17_image_9518.jpg,17,1,0.37187642,0.34442878
pat_17_image_9519.jpg,17,1,0.24207021,0.21289791
pat_17_image_9520.jpg,17,1,0.529355,0.5028382
pat_17_image_9521.jpg,17,1,0.68304324,0.67079157
pat_17_image_9522.jpg,17,1,0.53472424,0.5325994
pat_17_image_9523.jpg,17,1,0.6473157,0.6142403
pat_17_image_9524.jpg,17,1,0.39360628,0.34552455
pat_17_image_9525.jpg,17,1,0.6216917,0.6087618
pat_17_image_9526.jpg,17,1,0.94719577,0.94681484
pat_17_image_9527.jpg,17,1,0.736955,0.7402666
pat_17_image_9528.jpg,17,1,0.6953143,0.62466455
pat_17_image_9529.jpg,17,1,0.32364425,0.2963679
pat_17_image_9530.jpg,17,1,0.61395454,0.5776027
pat_17_image_9531.jpg,17,1,0.6790647,0.6944604
pat_17_image_9532.jpg,17,1,0.7600551,0.7001308
pat_17_image_9533.jpg,17,1,0.6345106,0.5501411
pat_17_image_9534.jpg,17,1,0.9515115,0.9456333
pat_17_image_9535.jpg,17,1,0.49591768,0.52410567
pat_17_image_9536.jpg,17,1,0.5461966,0.5227264
pat_17_image_9537.jpg,17,1,0.3784527,0.37184015
pat_17_image_9538.jpg,17,1,0.7051077,0.7084859
pat_17_image_9539.jpg,17,1,0.33780703,0.39104617
pat_17_image_9540.jpg,17,1,0.8595889,0.8638551
pat_17_image_9541.jpg,17,1,0.8021318,0.82158184
pat_17_image_9542.jpg,17,1,0.74085814,0.7093448
pat_17_image_9543.jpg,17,1,0.77173924,0.7638908
pat_17_image_9544.jpg,17,1,0.7270427,0.7340704
pat_17_image_9545.jpg,17,1,0.69969857,0.72824544
pat_17_image_9546.jpg,17,1,0.5249238,0.52078825
pat_17_image_9547.jpg,17,1,0.87776875,0.8673408
pat_17_image_9548.jpg,17,1,0.6449233,0.5904805
pat_17_image_9549.jpg,17,1,0.53086096,0.5424037
pat_17_image_9550.jpg,17,1,0.65941167,0.62977386
pat_17_image_9551.jpg,17,1,0.90456057,0.89842117
pat_17_image_9552.jpg,17,1,0.6030442,0.6045021
pat_17_image_9553.jpg,17,1,0.60206085,0.5001481
pat_17_image_9554.jpg,17,1,0.42958224,0.45425904
pat_17_image_9555.jpg,17,1,0.92906165,0.92520314
pat_17_image_9556.jpg,17,1,0.5896417,0.5536233
pat_17_image_9557.jpg,17,1,0.81595707,0.809498
pat_17_image_9558.jpg,17,1,0.60596615,0.53981924
pat_17_image_9559.jpg,17,1,0.8268123,0.81767994
pat_17_image_9560.jpg,17,1,0.80537057,0.8255824
pat_17_image_9561.jpg,17,1,0.48037308,0.4816871
pat_17_image_9562.jpg,17,1,0.7374987,0.70650077
pat_17_image_9563.jpg,17,1,0.42087644,0.4118067
pat_17_image_9564.jpg,17,1,0.55681556,0.5593699
pat_17_image_9565.jpg,17,1,0.5690582,0.5005134
pat_17_image_9566.jpg,17,1,0.54361296,0.46623582
pat_17_image_9567.jpg,17,1,0.6162113,0.57880664
pat_17_image_9568.jpg,17,1,0.73170024,0.7339804
pat_17_image_9569.jpg,17,1,0.65531546,0.69367117
pat_17_image_9570.jpg,17,1,0.33479032,0.33963236
pat_17_image_9571.jpg,17,1,0.7112033,0.7653719
pat_17_image_9572.jpg,17,1,0.79132265,0.75754035
pat_17_image_9573.jpg,17,1,0.22859675,0.21428058
pat_17_image_9574.jpg,17,1,0.5058507,0.51525164
pat_17_image_9575.jpg,17,1,0.7010262,0.6963562
pat_17_image_9576.jpg,17,1,0.6320931,0.6511954
pat_17_image_9577.jpg,17,1,0.51049435,0.457063
pat_17_image_9578.jpg,17,1,0.78460014,0.74958855
pat_17_image_9579.jpg,17,1,0.58910584,0.5526981
pat_17_image_9580.jpg,17,1,0.60187596,0.62281775
pat_17_image_9581.jpg,17,1,0.94866925,0.9486027
pat_17_image_9582.jpg,17,1,0.7543628,0.7617686
pat_17_image_9583.jpg,17,1,0.4434977,0.467017
pat_17_image_9584.jpg,17,1,0.8047633,0.806884
pat_17_image_9585.jpg,17,1,0.79135406,0.7300071
pat_17_image_9586.jpg,17,1,0.39792526,0.3791368
pat_17_image_9587.jpg,17,1,0.4993635,0.48054165
pat_17_image_9588.jpg,17,1,0.52433693,0.5470101
pat_17_image_9589.jpg,17,1,0.62140304,0.66867584
pat_17_image_9590.jpg,17,1,0.6052697,0.59559673
pat_17_image_9591.jpg,17,1,0.85099185,0.86068916
pat_17_image_9592.jpg,17,1,0.53565115,0.54055315
pat_17_image_9593.jpg,17,1,0.9225587,0.9324799
pat_17_image_9594.jpg,17,1,0.6937853,0.7445325
pat_17_image_9595.jpg,17,1,0.56005013,0.5858118
pat_17_image_9596.jpg,17,1,0.6981171,0.7080538
pat_17_image_9597.jpg,17,1,0.6044745,0.65950745
pat_17_image_9598.jpg,17,1,0.73170656,0.7338704
pat_17_image_9599.jpg,17,1,0.5676762,0.62135905
pat_17_image_9600.jpg,17,1,0.87817717,0.8737014
pat_17_image_9601.jpg,17,1,0.6067618,0.6222173
pat_17_image_9602.jpg,17,1,0.7072275,0.7424942
pat_17_image_9603.jpg,17,1,0.7463975,0.7858303
pat_17_image_9604.jpg,17,1,0.8803613,0.87578166
pat_17_image_9605.jpg,17,1,0.863466,0.8854517
pat_17_image_9606.jpg,17,1,0.7343869,0.75758845
pat_17_image_9607.jpg,17,1,0.7605228,0.79135174
pat_17_image_9608.jpg,17,1,0.7351133,0.764638
pat_17_image_9609.jpg,17,1,0.80553406,0.8507735
pat_17_image_9610.jpg,17,1,0.9241419,0.93232924
pat_17_image_9611.jpg,17,1,0.7729256,0.8201162
pat_17_image_9612.jpg,17,1,0.23268256,0.24767718
pat_17_image_9613.jpg,17,1,0.746435,0.78871924
pat_17_image_9614.jpg,17,1,0.5916717,0.6093411
pat_17_image_9615.jpg,17,1,0.84328824,0.84406066
pat_17_image_9616.jpg,17,1,0.6454079,0.6633686
pat_17_image_9617.jpg,17,1,0.9382463,0.9316171
pat_17_image_9618.jpg,17,1,0.487935,0.5314927
pat_17_image_9619.jpg,17,1,0.7113017,0.7148326
pat_17_image_9620.jpg,17,1,0.70536774,0.7419035
pat_17_image_9621.jpg,17,1,0.37442356,0.4321446
pat_17_image_9622.jpg,17,1,0.8353096,0.8596449
pat_17_image_9623.jpg,17,1,0.50220376,0.45054948
pat_17_image_9624.jpg,17,1,0.5671118,0.67264396
pat_17_image_9625.jpg,17,1,0.6582914,0.6181394
pat_17_image_9626.jpg,17,1,0.61403316,0.60239834
pat_17_image_9627.jpg,17,1,0.47578445,0.46285832
pat_17_image_9628.jpg,17,1,0.39903796,0.34078586
pat_17_image_9629.jpg,17,1,0.8282915,0.811842
pat_17_image_9630.jpg,17,1,0.7395377,0.7419124
pat_17_image_9631.jpg,17,1,0.6571956,0.61200106
pat_17_image_9632.jpg,17,1,0.85003716,0.8236894
pat_17_image_9633.jpg,17,1,0.39948714,0.41754997
pat_17_image_9634.jpg,17,1,0.84244454,0.86819816
pat_17_image_9635.jpg,17,1,0.92860323,0.9242476
pat_17_image_9636.jpg,17,1,0.9262358,0.92199194
pat_17_image_9637.jpg,17,1,0.6277142,0.59359133
pat_17_image_9638.jpg,17,1,0.93286705,0.9266423
pat_17_image_9639.jpg,17,1,0.9020883,0.89605415
pat_17_image_9640.jpg,17,1,0.9742925,0.9738471
pat_17_image_9641.jpg,17,1,0.7307655,0.67902684
pat_17_image_9642.jpg,17,1,0.42171618,0.37577406
pat_17_image_9643.jpg,17,1,0.87298816,0.84685385
pat_17_image_9644.jpg,17,1,0.72994405,0.7191072
pat_17_image_9645.jpg,17,1,0.232452,0.22376984
pat_17_image_9646.jpg,17,1,0.3245549,0.30380988
pat_17_image_9647.jpg,17,1,0.41780472,0.34470984
pat_17_image_9648.jpg,17,1,0.78150284,0.7847109
pat_17_image_9649.jpg,17,1,0.28747454,0.23565823
pat_17_image_9650.jpg,17,1,0.35740298,0.38923228
pat_17_image_9651.jpg,17,1,0.21944748,0.23047136
pat_17_image_9652.jpg,17,1,0.41810533,0.39310157
pat_17_image_9653.jpg,17,1,0.36406708,0.31313723
pat_17_image_9654.jpg,17,1,0.31898037,0.26894873
pat_17_image_9655.jpg,17,1,0.18370885,0.16661942
pat_17_image_9656.jpg,17,1,0.41428438,0.317947
pat_17_image_9657.jpg,17,1,0.7386956,0.74018294
pat_17_image_9658.jpg,17,1,0.32963452,0.3022194
pat_17_image_9659.jpg,17,1,0.5271382,0.49344864
pat_17_image_9660.jpg,17,1,0.68255,0.6693977
pat_17_image_9661.jpg,17,1,0.2818461,0.27325797
pat_17_image_9662.jpg,17,1,0.45584852,0.4466737
pat_17_image_9663.jpg,17,1,0.23005292,0.23881957
pat_17_image_9664.jpg,17,1,0.697559,0.6550198
pat_17_image_9665.jpg,17,1,0.8016751,0.808866
pat_17_image_9666.jpg,17,1,0.15316206,0.11732066
pat_17_image_9667.jpg,17,1,0.58743596,0.54754627
pat_17_image_9668.jpg,17,1,0.5108891,0.5344761
pat_17_image_9669.jpg,17,1,0.61653507,0.61916083
pat_17_image_9670.jpg,17,1,0.54011387,0.53291285
pat_17_image_9671.jpg,17,1,0.83007264,0.8480789
pat_17_image_9672.jpg,17,1,0.8519912,0.83029747
pat_17_image_9673.jpg,17,1,0.54672134,0.5601375
pat_17_image_9674.jpg,17,1,0.73319095,0.66005814
pat_17_image_9675.jpg,17,1,0.8470272,0.831306
pat_17_image_9676.jpg,17,1,0.6230002,0.61124
pat_17_image_9677.jpg,17,1,0.513323,0.48521358
pat_17_image_9678.jpg,17,1,0.8256283,0.7992377
pat_17_image_9679.jpg,17,1,0.50094396,0.4980404
pat_17_image_9680.jpg,17,1,0.6820342,0.6755036
pat_17_image_9681.jpg,17,1,0.41465974,0.38781786
pat_17_image_9682.jpg,17,1,0.50755817,0.44983262
pat_17_image_9683.jpg,17,1,0.80113274,0.77696973
pat_17_image_9684.jpg,17,1,0.58060104,0.6312315
pat_17_image_9685.jpg,17,1,0.1293409,0.08789086
pat_17_image_9686.jpg,17,1,0.5165348,0.4598303
pat_17_image_9687.jpg,17,1,0.9057143,0.87400407
pat_17_image_9688.jpg,17,1,0.5238644,0.5003443
pat_17_image_9689.jpg,17,1,0.39194605,0.35371327
pat_17_image_9690.jpg,17,1,0.7003084,0.6753526
pat_17_image_9691.jpg,17,1,0.61165076,0.6135456
pat_17_image_9692.jpg,17,1,0.80858105,0.7811533
pat_17_image_9693.jpg,17,1,0.7990212,0.78290933
pat_17_image_9694.jpg,17,1,0.53758156,0.5045772
pat_17_image_9695.jpg,17,1,0.43000984,0.37964848
pat_17_image_9696.jpg,17,1,0.494555,0.44365028
pat_17_image_9697.jpg,17,1,0.885912,0.88040537
pat_17_image_9698.jpg,17,1,0.85924476,0.8536423
pat_17_image_9699.jpg,17,1,0.8463444,0.83039534
pat_17_image_9700.jpg,17,1,0.4221566,0.41786924
pat_17_image_9701.jpg,17,1,0.7359389,0.6782426
pat_17_image_9702.jpg,17,1,0.82935905,0.8121561
pat_17_image_9703.jpg,17,1,0.52735305,0.456824
pat_17_image_9704.jpg,17,1,0.8963797,0.91459894
pat_17_image_9705.jpg,17,1,0.9455354,0.9454143
pat_17_image_9706.jpg,17,1,0.47234014,0.42225358
pat_17_image_9707.jpg,17,1,0.67033637,0.66150683
pat_17_image_9708.jpg,17,1,0.53539115,0.5338899
pat_17_image_9709.jpg,17,1,0.82728297,0.8217545
pat_17_image_9710.jpg,17,1,0.2558286,0.2527987
pat_17_image_9711.jpg,17,1,0.91589427,0.9039579
pat_17_image_9712.jpg,17,1,0.40839285,0.39804828
pat_17_image_9713.jpg,17,1,0.89597535,0.889161
pat_17_image_9714.jpg,17,1,0.3149123,0.3033019
pat_17_image_9715.jpg,17,1,0.39303544,0.38028026
pat_17_image_9716.jpg,17,1,0.4201134,0.4050015
pat_17_image_9717.jpg,17,1,0.39208785,0.35256314
pat_17_image_9718.jpg,17,1,0.591398,0.6093189
pat_17_image_9719.jpg,17,1,0.19014463,0.18118338
pat_17_image_9720.jpg,17,1,0.72107244,0.6930318
pat_17_image_9721.jpg,17,1,0.8347679,0.8294676
pat_17_image_9722.jpg,17,1,0.5253713,0.4923471
pat_17_image_9723.jpg,17,1,0.7781269,0.77051413
pat_17_image_9724.jpg,17,1,0.6175223,0.57785946
pat_17_image_9725.jpg,17,1,0.61718726,0.6067176
pat_17_image_9726.jpg,17,1,0.6237547,0.6246078
pat_17_image_9727.jpg,17,1,0.77306706,0.75135463
pat_17_image_9728.jpg,17,1,0.4176221,0.42059025
pat_17_image_9729.jpg,17,1,0.32928747,0.3146684
pat_17_image_9730.jpg,17,1,0.7708687,0.7283323
pat_17_image_9731.jpg,17,1,0.38428575,0.2931893
pat_17_image_9732.jpg,17,1,0.7172244,0.69057125
pat_17_image_9733.jpg,17,1,0.22685343,0.21415043
pat_17_image_9734.jpg,17,1,0.6504372,0.6176388
pat_17_image_9735.jpg,17,1,0.9448625,0.9453245
pat_17_image_9736.jpg,17,1,0.5774034,0.5712629
pat_17_image_9737.jpg,17,1,0.8631209,0.8652723
pat_17_image_9738.jpg,17,1,0.8196063,0.7963968
pat_17_image_9739.jpg,17,1,0.7405258,0.7644595
pat_17_image_9740.jpg,17,1,0.3550664,0.33809143
pat_17_image_9741.jpg,17,1,0.8340456,0.8465943
pat_17_image_9742.jpg,17,1,0.8662868,0.86231214
pat_17_image_9743.jpg,17,1,0.3297531,0.34414357
pat_17_image_9744.jpg,17,1,0.4100032,0.3608156
pat_17_image_9745.jpg,17,1,0.7408707,0.764569
pat_17_image_9746.jpg,17,1,0.70058256,0.6972337
pat_17_image_9747.jpg,17,1,0.9636075,0.9626524
pat_17_image_9748.jpg,17,1,0.685407,0.7016578
pat_17_image_9749.jpg,17,1,0.89111924,0.88950855
pat_17_image_9750.jpg,17,1,0.6210417,0.58935666
pat_17_image_9751.jpg,17,1,0.5548842,0.49776024
pat_17_image_9752.jpg,17,1,0.4682072,0.45854965
pat_17_image_9753.jpg,17,1,0.9495854,0.9574433
pat_17_image_9754.jpg,17,1,0.8038897,0.8164773
pat_17_image_9755.jpg,17,1,0.87149715,0.86613244
pat_17_image_9756.jpg,17,1,0.73132545,0.68676764
pat_17_image_9757.jpg,17,1,0.889326,0.88138556
pat_17_image_9758.jpg,17,1,0.87586963,0.87265164
pat_17_image_9759.jpg,17,1,0.33947852,0.33247992
pat_17_image_9760.jpg,17,1,0.8067796,0.80292207
pat_17_image_9761.jpg,17,1,0.7635171,0.77755135
pat_17_image_9762.jpg,17,1,0.8513246,0.8592946
pat_17_image_9763.jpg,17,1,0.6719285,0.6765808
pat_17_image_9764.jpg,17,1,0.74998695,0.7353015
pat_17_image_9765.jpg,17,1,0.8979841,0.8935139
pat_17_image_9766.jpg,17,1,0.87147576,0.8434964
pat_17_image_9767.jpg,17,1,0.8166647,0.7711419
pat_17_image_9768.jpg,17,1,0.51930547,0.46732795
pat_17_image_9769.jpg,17,1,0.87189555,0.87010705
pat_17_image_9770.jpg,17,1,0.6455638,0.6297211
pat_17_image_9771.jpg,17,1,0.32857057,0.29110137
pat_17_image_9772.jpg,17,1,0.64978385,0.62975574
pat_17_image_9773.jpg,17,1,0.29633108,0.26776177
pat_17_image_9774.jpg,17,1,0.7666327,0.7681066
pat_17_image_9775.jpg,17,1,0.79394555,0.7460573
pat_17_image_9776.jpg,17,1,0.5388951,0.5375545
pat_17_image_9777.jpg,17,1,0.536678,0.4697955
pat_17_image_9778.jpg,17,1,0.5626998,0.51130813
pat_17_image_9779.jpg,17,1,0.6711001,0.65755683
pat_17_image_9780.jpg,17,1,0.79443675,0.751369
pat_17_image_9781.jpg,17,1,0.8220617,0.81008685
pat_17_image_9782.jpg,17,1,0.6532828,0.68205154
pat_17_image_9783.jpg,17,1,0.44107,0.3985429
pat_17_image_9784.jpg,17,1,0.83131564,0.83810574
pat_17_image_9785.jpg,17,1,0.8459485,0.84235716
pat_17_image_9786.jpg,17,1,0.40215248,0.3861893
pat_17_image_9787.jpg,17,1,0.2878069,0.27298382
pat_17_image_9788.jpg,17,1,0.37246382,0.32711336
pat_17_image_9789.jpg,17,1,0.6955089,0.6594118
pat_17_image_9790.jpg,17,1,0.58653843,0.5528637
pat_17_image_9791.jpg,17,1,0.16141993,0.15034729
pat_17_image_9792.jpg,17,1,0.45493627,0.45763627
pat_17_image_9793.jpg,17,1,0.7228153,0.67192036
pat_17_image_9794.jpg,17,1,0.76034564,0.72578233
pat_17_image_9795.jpg,17,1,0.6846977,0.656926
pat_17_image_9796.jpg,17,1,0.7246349,0.6889923
pat_17_image_9797.jpg,17,1,0.5872326,0.5215058
pat_17_image_9798.jpg,17,1,0.6619276,0.6033005
pat_17_image_9799.jpg,17,1,0.56848276,0.54428023
pat_17_image_9800.jpg,17,1,0.72026646,0.69984555
pat_17_image_9801.jpg,17,1,0.50122786,0.5065705
pat_17_image_9802.jpg,17,1,0.3339116,0.29806685
pat_17_image_9803.jpg,17,1,0.4262861,0.40481797
pat_17_image_9804.jpg,17,1,0.5699622,0.5453072
pat_17_image_9805.jpg,17,1,0.308351,0.27139246
pat_17_image_9806.jpg,17,1,0.64371675,0.6084868
pat_17_image_9807.jpg,17,1,0.6494426,0.68873346
pat_17_image_9808.jpg,17,1,0.58791685,0.6598496
pat_17_image_9809.jpg,17,1,0.43588707,0.50220054
pat_17_image_9810.jpg,17,1,0.6766777,0.71577877
pat_17_image_9811.jpg,17,1,0.62350565,0.63075596
pat_17_image_9812.jpg,17,1,0.43582293,0.45627347
pat_17_image_9813.jpg,17,1,0.4250226,0.4428471
pat_17_image_9814.jpg,17,1,0.91794807,0.9033662
pat_17_image_9815.jpg,17,1,0.63344574,0.63711715
pat_17_image_9816.jpg,17,1,0.6885017,0.6451225
pat_17_image_9817.jpg,17,1,0.46716744,0.43005222
pat_17_image_9818.jpg,17,1,0.74303657,0.7537265
pat_17_image_9819.jpg,17,1,0.5567074,0.5600127
pat_17_image_9820.jpg,17,1,0.3008116,0.28583938
pat_17_image_9821.jpg,17,1,0.3064514,0.31080094
pat_17_image_9822.jpg,17,1,0.78844446,0.80738896
pat_17_image_9823.jpg,17,1,0.8309298,0.83729374
pat_17_image_9824.jpg,17,1,0.8702982,0.8575363
pat_17_image_9825.jpg,17,1,0.6067826,0.61093783
pat_17_image_9826.jpg,17,1,0.44394848,0.42864323
pat_17_image_9827.jpg,17,1,0.321116,0.33866492
pat_17_image_9828.jpg,17,1,0.88608027,0.88219994
pat_17_image_9829.jpg,17,1,0.39789104,0.3779267
pat_17_image_9830.jpg,17,1,0.82125217,0.83627194
pat_17_image_9831.jpg,17,1,0.56940836,0.47487053
pat_17_image_9832.jpg,17,1,0.64715606,0.6564366
pat_17_image_9833.jpg,17,1,0.856188,0.84438664
pat_17_image_9834.jpg,17,1,0.9127081,0.93049884
pat_17_image_9835.jpg,17,1,0.4374771,0.3636192
pat_17_image_9836.jpg,17,1,0.54663295,0.5633158
pat_17_image_9837.jpg,17,1,0.548234,0.5822927
pat_17_image_9838.jpg,17,1,0.43785185,0.39547944
pat_17_image_9839.jpg,17,1,0.7834276,0.8030272
pat_17_image_9840.jpg,17,1,0.63746756,0.625877
pat_17_image_9841.jpg,17,1,0.9126735,0.9196758
pat_17_image_9842.jpg,17,1,0.7772901,0.81212956
pat_17_image_9843.jpg,17,1,0.8928715,0.89927757
pat_17_image_9844.jpg,17,1,0.7129155,0.7040755
pat_17_image_9845.jpg,17,1,0.80099666,0.79052585
pat_17_image_9846.jpg,17,1,0.33151114,0.3063132
pat_17_image_9847.jpg,17,1,0.7020383,0.6688983
pat_17_image_9848.jpg,17,1,0.6054478,0.55054593
pat_17_image_9849.jpg,17,1,0.8968393,0.88591945
pat_17_image_9850.jpg,17,1,0.690888,0.6422121
pat_17_image_9851.jpg,17,1,0.41931686,0.41007113
pat_17_image_9852.jpg,17,1,0.7940182,0.770211
pat_17_image_9853.jpg,17,1,0.7383252,0.69601375
pat_17_image_9854.jpg,17,1,0.3125357,0.27200174
pat_17_image_9855.jpg,17,1,0.90018463,0.9023875
pat_17_image_9856.jpg,17,1,0.47601765,0.43037942
pat_17_image_9857.jpg,17,1,0.29726332,0.22002639
pat_17_image_9858.jpg,17,1,0.70393896,0.6783918
pat_17_image_9859.jpg,17,1,0.7595012,0.7403905
pat_17_image_9860.jpg,17,1,0.7103498,0.65623134
pat_17_image_9861.jpg,17,1,0.5272336,0.5091137
pat_17_image_9862.jpg,17,1,0.36975572,0.3118405
pat_17_image_9863.jpg,17,1,0.33190966,0.3052812
pat_17_image_9864.jpg,17,1,0.70046306,0.6734254
pat_17_image_9865.jpg,17,1,0.21586862,0.16440548
pat_17_image_9866.jpg,17,1,0.35910106,0.3263765
pat_17_image_9867.jpg,17,1,0.6126245,0.59978604
pat_17_image_9868.jpg,17,1,0.4921084,0.4244265
pat_17_image_9869.jpg,17,1,0.57566124,0.5478382
pat_17_image_9870.jpg,17,1,0.77446395,0.7114055
pat_17_image_9871.jpg,17,1,0.6596583,0.62357736
pat_17_image_9872.jpg,17,1,0.2238592,0.209628
pat_17_image_9873.jpg,17,1,0.5496656,0.52356046
pat_17_image_9874.jpg,17,1,0.48275474,0.408384
pat_17_image_9875.jpg,17,1,0.8416137,0.83471227
pat_17_image_9876.jpg,17,1,0.4173716,0.3291763
pat_17_image_9877.jpg,17,1,0.350904,0.2764274
pat_17_image_9878.jpg,17,1,0.8004723,0.76054174
pat_17_image_9879.jpg,17,1,0.4788463,0.44142577
pat_17_image_9880.jpg,17,1,0.8435216,0.8294738
pat_17_image_9881.jpg,17,1,0.4997,0.47712156
pat_17_image_9882.jpg,17,1,0.8373839,0.84015447
pat_17_image_9883.jpg,17,1,0.8790806,0.87927645
pat_17_image_9884.jpg,17,1,0.81733984,0.7949967
pat_17_image_9885.jpg,17,1,0.47402543,0.43800136
pat_17_image_9886.jpg,17,1,0.757814,0.7683367
pat_17_image_9887.jpg,17,1,0.53517365,0.52122897
pat_17_image_9888.jpg,17,1,0.26122192,0.23352458
pat_17_image_9889.jpg,17,1,0.57424444,0.50806314
pat_17_image_9890.jpg,17,1,0.9056859,0.90897477
pat_17_image_9891.jpg,17,1,0.7307657,0.73642236
pat_17_image_9892.jpg,17,1,0.7137674,0.73141974
pat_17_image_9893.jpg,17,1,0.78103614,0.7565936
pat_17_image_9894.jpg,17,1,0.9615136,0.94799566
pat_17_image_9895.jpg,17,1,0.63987267,0.58338034
pat_17_image_9896.jpg,17,1,0.61287975,0.5725277
pat_17_image_9897.jpg,17,1,0.5395102,0.45085064
pat_17_image_9898.jpg,17,1,0.53738767,0.4570776
pat_17_image_9899.jpg,17,1,0.5232393,0.503593
pat_17_image_9900.jpg,17,1,0.2577059,0.23701067
pat_17_image_9901.jpg,17,1,0.30464733,0.24983607
pat_17_image_9902.jpg,17,1,0.62304723,0.590833
pat_17_image_9903.jpg,17,1,0.6234755,0.5701337
pat_17_image_9904.jpg,17,1,0.6205253,0.55970746
pat_17_image_9905.jpg,17,1,0.1752828,0.15382186
pat_17_image_9906.jpg,17,1,0.641318,0.60062313
pat_17_image_9907.jpg,17,1,0.52612287,0.4832389
pat_17_image_9908.jpg,17,1,0.7157961,0.7057227
pat_17_image_9909.jpg,17,1,0.8850937,0.8942065
pat_17_image_9910.jpg,17,1,0.7798755,0.7954825
pat_17_image_9911.jpg,17,1,0.73906374,0.74393696
pat_17_image_9912.jpg,17,1,0.7281233,0.7079274
pat_17_image_9913.jpg,17,1,0.5285366,0.5630308
pat_17_image_9914.jpg,17,1,0.7593131,0.71960086
pat_17_image_9915.jpg,17,1,0.75019634,0.75469756
pat_17_image_9916.jpg,17,1,0.50260305,0.46279013
pat_17_image_9917.jpg,17,1,0.693775,0.734087
pat_17_image_9918.jpg,17,1,0.61770266,0.6315733
pat_17_image_9919.jpg,17,1,0.41700146,0.40713674
pat_17_image_9920.jpg,17,1,0.31594747,0.2870018
pat_17_image_9921.jpg,17,1,0.5072765,0.52256525
pat_17_image_9922.jpg,17,1,0.53675425,0.5391901
pat_17_image_9923.jpg,17,1,0.5011443,0.46305162
pat_17_image_9924.jpg,17,1,0.37148252,0.30133262
pat_17_image_9925.jpg,17,1,0.6470832,0.57615817
pat_17_image_9926.jpg,17,1,0.49326712,0.44190022
pat_17_image_9927.jpg,17,1,0.76255566,0.74305433
pat_17_image_9928.jpg,17,1,0.2808187,0.24945231
pat_17_image_9929.jpg,17,1,0.29378563,0.24335462
pat_17_image_9930.jpg,17,1,0.43774304,0.35801464
pat_17_image_9931.jpg,17,1,0.25244954,0.19089091
pat_17_image_9932.jpg,17,1,0.603807,0.5435707
pat_17_image_9933.jpg,17,1,0.7695618,0.7373753
pat_17_image_9934.jpg,17,1,0.56199104,0.47965765
pat_17_image_9935.jpg,17,1,0.4569915,0.3963619
pat_17_image_9936.jpg,17,1,0.7092722,0.57736886
pat_17_image_9937.jpg,17,1,0.48520342,0.41350904
pat_17_image_9938.jpg,17,1,0.64217347,0.5983556
pat_17_image_9939.jpg,17,1,0.31088144,0.26745993
pat_17_image_9940.jpg,17,1,0.63425964,0.63426846
pat_17_image_9941.jpg,17,1,0.43516177,0.40502465
pat_17_image_9942.jpg,17,1,0.46363473,0.4124107
pat_17_image_9943.jpg,17,1,0.26894483,0.25351328
pat_17_image_9944.jpg,17,1,0.8072129,0.7953415
pat_17_image_9945.jpg,17,1,0.9422568,0.9366489
pat_17_image_9946.jpg,17,1,0.3505163,0.2978221
pat_17_image_9947.jpg,17,1,0.40267605,0.3764547
pat_17_image_9948.jpg,17,1,0.21987134,0.19033924
pat_17_image_9949.jpg,17,1,0.59305185,0.54514456
pat_17_image_9950.jpg,17,1,0.4300228,0.37610313
pat_17_image_9951.jpg,17,1,0.92939603,0.93394893
pat_17_image_9952.jpg,17,1,0.8450126,0.8383469
pat_17_image_9953.jpg,17,1,0.38205126,0.35239026
pat_17_image_9954.jpg,17,1,0.59149146,0.5579613
pat_17_image_9955.jpg,17,1,0.5252369,0.4814282
pat_17_image_9956.jpg,17,1,0.49302754,0.4698068
pat_17_image_9957.jpg,17,1,0.5574302,0.5351261
pat_17_image_9958.jpg,17,1,0.31757882,0.30521703
pat_17_image_9959.jpg,17,1,0.5431384,0.48269403
pat_17_image_9960.jpg,17,1,0.30732456,0.30969805
pat_17_image_9961.jpg,17,1,0.5478035,0.4951898
pat_17_image_9962.jpg,17,1,0.38023418,0.37559506
pat_17_image_9963.jpg,17,1,0.65220183,0.6130612
pat_17_image_9964.jpg,17,1,0.450796,0.37125382
pat_17_image_9965.jpg,17,1,0.8047159,0.7762169
pat_17_image_9966.jpg,17,1,0.6795604,0.6562751
pat_17_image_9967.jpg,17,1,0.48051643,0.4671084
pat_17_image_9968.jpg,17,1,0.6745958,0.6366868
pat_17_image_9969.jpg,17,1,0.6430564,0.6206883
pat_17_image_9970.jpg,17,1,0.6910411,0.72639984
pat_17_image_9971.jpg,17,1,0.5849494,0.6144857
pat_17_image_9972.jpg,17,1,0.86803746,0.9037547
pat_17_image_9973.jpg,17,1,0.87532455,0.86406523
pat_17_image_9974.jpg,17,1,0.24051641,0.21604034
pat_17_image_9975.jpg,17,1,0.87017673,0.8606248
pat_17_image_9976.jpg,17,1,0.46104577,0.40893233
pat_17_image_9977.jpg,17,1,0.41738597,0.37585476
pat_17_image_9978.jpg,17,1,0.8724626,0.8209074
pat_17_image_9979.jpg,17,1,0.5990835,0.5326815
pat_17_image_9980.jpg,17,1,0.40171978,0.392207
pat_17_image_9981.jpg,17,1,0.34259742,0.31793317
pat_17_image_9982.jpg,17,1,0.9382055,0.93487865
pat_17_image_9983.jpg,17,1,0.2965381,0.2518994
pat_17_image_9984.jpg,17,1,0.58998287,0.534746
pat_17_image_9985.jpg,17,1,0.5923898,0.5375152
pat_17_image_9986.jpg,17,1,0.54734665,0.4988779
pat_17_image_9987.jpg,17,1,0.33313286,0.2821326
pat_17_image_9988.jpg,17,1,0.67675275,0.6425898
pat_17_image_9989.jpg,17,1,0.76117486,0.7369055
pat_17_image_9990.jpg,17,1,0.554864,0.5058865
pat_17_image_9991.jpg,17,1,0.86349535,0.85356593
pat_17_image_9992.jpg,17,1,0.69731957,0.67445475
pat_17_image_9993.jpg,17,1,0.2768319,0.23947114
pat_17_image_9994.jpg,17,1,0.6812769,0.62556356
pat_17_image_9995.jpg,17,1,0.86266947,0.84256715
pat_17_image_9996.jpg,17,1,0.18504816,0.14032456
pat_17_image_9997.jpg,17,1,0.56726336,0.5605432
pat_17_image_9998.jpg,17,1,0.35376868,0.3233188
pat_17_image_9999.jpg,17,1,0.163687,0.1460172
pat_17_image_10000.jpg,17,1,0.581576,0.51820064
